relative_path	size_bytes	size_mib	last_write_time_utc
archive/pc/mod/! hotscenes_add_on.archive	18284544	17.438	2026-01-22T18:03:55.2697928Z
archive/pc/mod/! hotscenes_add_on.xl	8163	0.008	2026-01-22T18:03:55.2738097Z
archive/pc/mod/! hotscenes_add_on_more.xl	2352	0.002	2026-01-22T18:03:55.2760910Z
archive/pc/mod/#####-NovaLUT-3.archive	5877760	5.605	2025-07-18T07:37:25.0000000Z
archive/pc/mod/###_nim_material_override.archive	8192	0.008	2023-09-28T05:08:48.0000000Z
archive/pc/mod/#DeceptiousBugFixes.archive	3911680	3.730	2026-06-08T07:26:53.8394576Z
archive/pc/mod/#DeceptiousBugFixes.archive.xl	1569	0.001	2026-06-08T07:26:53.8463086Z
archive/pc/mod/#LizziesBDsHD.archive	133001216	126.840	2025-07-18T17:16:22.0000000Z
archive/pc/mod/#MotelParkingFix.archive	335872	0.320	2026-06-08T07:29:50.4949630Z
archive/pc/mod/#NCI_BadlandsPacifica.archive	4956160	4.727	2025-08-08T06:17:15.0000000Z
archive/pc/mod/#NCPD_Uniform__Black_Duty_Belt.archive	8192	0.008	2025-05-17T18:20:11.0000000Z
archive/pc/mod/#NonCanonRomancesEnhanced.archive	11665408	11.125	2026-07-12T07:37:52.2079810Z
archive/pc/mod/#NonCanonRomancesEnhanced.archive.xl	618	0.001	2026-07-12T07:37:52.2119794Z
archive/pc/mod/#ReallyWantToStayAtYourHouse_Judy.archive	323584	0.309	2026-06-08T07:30:11.3388606Z
archive/pc/mod/#ReallyWantToStayAtYourHouse_Panam.archive	204800	0.195	2026-07-12T07:37:57.7901881Z
archive/pc/mod/#RomanceHangoutsEnhanced.archive	9023488	8.605	2026-06-08T07:30:35.9933211Z
archive/pc/mod/_1_Ves_HanakoFixedBodyNaked.archive	1789952	1.707	2025-07-18T07:37:49.0000000Z
archive/pc/mod/~Cyberarms_Patch.archive	303104	0.289	2025-07-18T07:40:04.0000000Z
archive/pc/mod/0_Aurore_outfit.archive	122880	0.117	2025-10-07T17:53:41.7414878Z
archive/pc/mod/0_Aurore_physics_clothed.archive	28672	0.027	2025-07-18T07:18:47.0000000Z
archive/pc/mod/0_Aurore_physics_naked.archive	28672	0.027	2025-07-18T07:18:23.0000000Z
archive/pc/mod/0_Aurore_pubic.archive	770048	0.734	2025-07-18T07:18:18.0000000Z
archive/pc/mod/0_Aurore_size.archive	24576	0.023	2025-07-18T07:18:52.0000000Z
archive/pc/mod/0_CheriNowlin_outfit.archive	94208	0.090	2025-11-12T18:36:32.8361352Z
archive/pc/mod/0_CheriNowlin_physics.archive	28672	0.027	2025-07-18T07:23:11.0000000Z
archive/pc/mod/0_CheriNowlin_physics_nude.archive	28672	0.027	2025-07-18T07:23:07.0000000Z
archive/pc/mod/0_CheriNowlin_size.archive	24576	0.023	2025-07-18T07:23:03.0000000Z
archive/pc/mod/0_Clair_physics_naked.archive	28672	0.027	2025-10-08T18:47:42.9030919Z
archive/pc/mod/0_Claire_default_futanude.archive	892928	0.852	2025-11-12T18:32:02.8616375Z
archive/pc/mod/0_Claire_size.archive	24576	0.023	2025-10-08T18:47:48.9264096Z
archive/pc/mod/0_doresette_physics_naked.archive	28672	0.027	2025-07-18T07:32:38.0000000Z
archive/pc/mod/0_Evelyn_outfit.archive	782336	0.746	2026-01-22T18:09:49.0533985Z
archive/pc/mod/0_Evelyn_physics_nude.archive	28672	0.027	2025-10-07T17:54:02.8191248Z
archive/pc/mod/0_floordancer_size.archive	24576	0.023	2025-07-18T07:26:16.0000000Z
archive/pc/mod/0_Hanako_dressoption.archive	167936	0.160	2025-10-09T17:55:47.4477768Z
archive/pc/mod/0_Hanako_physics_clothed.archive	28672	0.027	2025-07-18T07:19:28.0000000Z
archive/pc/mod/0_Hanako_physics_naked.archive	28672	0.027	2025-07-18T07:19:20.0000000Z
archive/pc/mod/0_Hanako_size.archive	24576	0.023	2025-07-18T07:19:42.0000000Z
archive/pc/mod/0_Holograms_sidejob.archive	32768	0.031	2025-11-12T18:35:14.9776039Z
archive/pc/mod/0_Hyst_NPCs_Enhancement.archive	136486912	130.164	2025-07-18T07:44:46.0000000Z
archive/pc/mod/0_Judy_jiggle.archive	28672	0.027	2025-07-18T07:25:16.0000000Z
archive/pc/mod/0_Judy_jiggle_naked.archive	28672	0.027	2025-07-18T07:25:12.0000000Z
archive/pc/mod/0_Judy_pubic.archive	20480	0.020	2025-07-18T07:43:05.0000000Z
archive/pc/mod/0_Judy_size.archive	24576	0.023	2025-10-13T16:55:23.7017422Z
archive/pc/mod/0_Lizzy_appearance.archive	4009984	3.824	2025-07-18T07:33:00.0000000Z
archive/pc/mod/0_LizzyWizzy_physics_clothed.archive	28672	0.027	2025-07-18T07:18:11.0000000Z
archive/pc/mod/0_LizzyWizzy_physics_naked.archive	28672	0.027	2025-07-18T07:32:55.0000000Z
archive/pc/mod/0_Maiko_outfit.archive	57344	0.055	2025-10-09T17:56:54.4433353Z
archive/pc/mod/0_Maiko_physics_clothed.archive	28672	0.027	2025-07-18T07:20:53.0000000Z
archive/pc/mod/0_Maiko_physics_naked.archive	28672	0.027	2025-07-18T07:20:48.0000000Z
archive/pc/mod/0_maiko_pubic.archive	12288	0.012	2025-10-09T17:56:59.7448111Z
archive/pc/mod/0_Maiko_size.archive	24576	0.023	2025-07-18T07:20:59.0000000Z
archive/pc/mod/0_Misty_outfit.archive	774144	0.738	2025-07-18T07:33:15.0000000Z
archive/pc/mod/0_Misty_physics_clothed.archive	28672	0.027	2025-07-18T07:21:14.0000000Z
archive/pc/mod/0_Misty_physics_naked.archive	28672	0.027	2025-10-08T18:47:36.8015180Z
archive/pc/mod/0_misty_size.archive	24576	0.023	2025-10-08T18:47:28.4493026Z
archive/pc/mod/0_Nadezhda_outfit.archive	98304	0.094	2025-11-12T18:36:04.2932171Z
archive/pc/mod/0_Panam_jiggle.archive	28672	0.027	2025-07-18T07:21:22.0000000Z
archive/pc/mod/0_Panam_jiggle_naked.archive	28672	0.027	2025-07-18T07:21:18.0000000Z
archive/pc/mod/0_Panam_outfit.archive	765952	0.730	2025-10-07T17:59:28.1099067Z
archive/pc/mod/0_Panam_size.archive	24576	0.023	2025-07-18T07:21:26.0000000Z
archive/pc/mod/0_Rachel_outfit.archive	77824	0.074	2025-10-08T18:48:13.9439019Z
archive/pc/mod/0_Rogue_outfit.archive	872448	0.832	2025-10-09T17:55:59.5670304Z
archive/pc/mod/0_Rogue_physics_clothed.archive	28672	0.027	2025-10-09T17:56:10.5128307Z
archive/pc/mod/0_Rogue_physics_naked.archive	28672	0.027	2025-10-09T17:56:15.8488448Z
archive/pc/mod/0_Rogue_pubic.archive	741376	0.707	2025-10-09T17:56:21.9921211Z
archive/pc/mod/0_Rogue_size.archive	24576	0.023	2025-10-09T17:56:04.7436777Z
archive/pc/mod/0_Songbird_physics_clothed.archive	28672	0.027	2025-07-18T07:20:05.0000000Z
archive/pc/mod/0_Songbird_physics_nude.archive	28672	0.027	2025-07-18T07:20:00.0000000Z
archive/pc/mod/0_Songbird_size.archive	24576	0.023	2025-07-18T07:20:10.0000000Z
archive/pc/mod/0_Stout_outfit.archive	761856	0.727	2025-10-09T17:56:29.0554659Z
archive/pc/mod/0_Stout_physics_clothed.archive	28672	0.027	2025-07-18T07:21:39.0000000Z
archive/pc/mod/0_Stout_physics_naked.archive	28672	0.027	2025-07-18T07:21:35.0000000Z
archive/pc/mod/0_Stout_size.archive	24576	0.023	2025-07-18T07:21:31.0000000Z
archive/pc/mod/0_Tubedancer_size.archive	24576	0.023	2025-07-18T07:25:32.0000000Z
archive/pc/mod/0_US_Cracks_outfit.archive	266240	0.254	2025-11-12T18:34:06.4977164Z
archive/pc/mod/0_US_Cracks_physics_clothed.archive	28672	0.027	2025-07-18T07:20:36.0000000Z
archive/pc/mod/0_US_Cracks_physics_naked.archive	28672	0.027	2025-07-18T07:20:15.0000000Z
archive/pc/mod/0_Wheelan_physics_clothed.archive	28672	0.027	2025-07-18T07:17:16.0000000Z
archive/pc/mod/0_Wheelan_physics_naked.archive	28672	0.027	2025-07-18T07:17:11.0000000Z
archive/pc/mod/0_Wheeler_gravity.archive	28672	0.027	2025-07-18T07:22:25.0000000Z
archive/pc/mod/0_Wheeler_gravity_naked.archive	28672	0.027	2025-07-18T07:22:21.0000000Z
archive/pc/mod/0_wheeler_size.archive	24576	0.023	2025-07-18T07:22:29.0000000Z
archive/pc/mod/0_Whelan_size.archive	24576	0.023	2025-07-18T07:17:20.0000000Z
archive/pc/mod/00_Aurore_nobra.archive	16384	0.016	2025-07-18T07:19:03.0000000Z
archive/pc/mod/00_CBP_NPCEHB_Compatibility_Patch.archive	92618752	88.328	2025-07-18T07:16:06.0000000Z
archive/pc/mod/00_Claire_pubic.archive	12288	0.012	2025-10-08T18:47:54.9537022Z
archive/pc/mod/00_doresette_size.archive	24576	0.023	2025-07-18T07:32:33.0000000Z
archive/pc/mod/00_Generic_NPC_body_enhancer.archive	69632	0.066	2025-05-15T10:29:02.3689480Z
archive/pc/mod/00_Judy_pregnant_hangouts.archive	6066176	5.785	2026-01-22T18:09:36.2282875Z
archive/pc/mod/00_Judy_zero_romancepants.archive	749568	0.715	2025-10-07T17:54:32.7879667Z
archive/pc/mod/00_Panam_zero_romancepants.archive	729088	0.695	2025-07-18T07:32:07.0000000Z
archive/pc/mod/00_Skin_material.archive	5419008	5.168	2025-07-18T07:24:59.0000000Z
archive/pc/mod/00_Skin_TEX.archive	462893056	441.449	2025-07-18T07:24:47.0000000Z
archive/pc/mod/00_Songbird_no_nude_cyberware.archive	28672	0.027	2025-07-18T07:22:37.0000000Z
archive/pc/mod/01_VTK_Microdetails_patch_1080p.archive	22265856	21.234	2025-07-18T07:15:46.0000000Z
archive/pc/mod/05_Hyst_Refit_ForcedBigBooba.archive	185819136	177.211	2025-07-18T07:16:28.0000000Z
archive/pc/mod/05_Hyst_Refit_ForcedBigBooty.archive	184561664	176.012	2025-07-18T07:43:41.0000000Z
archive/pc/mod/0Evst_Panam_default_body.archive	90112	0.086	2025-07-18T07:16:49.0000000Z
archive/pc/mod/0Evst_Panam_without_underwear.archive	5038080	4.805	2025-09-24T17:05:16.0000000Z
archive/pc/mod/1_Aurore.archive	4513792	4.305	2026-01-22T18:11:19.4209798Z
archive/pc/mod/1_Aurore.archive.xl	184	0.000	2026-01-22T18:11:19.4229818Z
archive/pc/mod/1_CheriNowlin.archive	5439488	5.188	2026-01-22T18:12:39.3441308Z
archive/pc/mod/1_CheriNowlin.archive.xl	198	0.000	2026-01-22T18:12:39.3471125Z
archive/pc/mod/1_Clair.archive	16908288	16.125	2026-06-08T07:25:04.1274031Z
archive/pc/mod/1_Clair.archive.xl	177	0.000	2026-06-08T07:25:04.1357934Z
archive/pc/mod/1_doresette.archive	7942144	7.574	2026-01-22T18:12:26.4961153Z
archive/pc/mod/1_doresette.archive.xl	185	0.000	2026-01-22T18:12:26.5019167Z
archive/pc/mod/1_Evelyn.archive	10366976	9.887	2026-01-22T18:12:16.5797296Z
archive/pc/mod/1_Evelyn.archive.xl	185	0.000	2026-01-22T18:12:16.5817460Z
archive/pc/mod/1_Fiona.archive.archive.xl	165	0.000	2025-10-09T17:57:06.5993565Z
archive/pc/mod/1_floordancers.archive	8957952	8.543	2025-11-12T18:31:48.3539915Z
archive/pc/mod/1_Hanako.archive	7290880	6.953	2025-07-18T17:16:34.0000000Z
archive/pc/mod/1_Hanako.archive.xl	186	0.000	2025-07-18T07:19:54.0000000Z
archive/pc/mod/1_Holograms.archive	1642496	1.566	2025-07-18T07:32:22.0000000Z
archive/pc/mod/1_Judy.archive	157020160	149.746	2026-06-08T07:25:23.5746756Z
archive/pc/mod/1_Judy.archive.xl	195	0.000	2025-10-13T16:55:17.2918735Z
archive/pc/mod/1_LizzyWizzy.archive	7581696	7.230	2025-08-17T17:37:58.0000000Z
archive/pc/mod/1_LizzyWizzy.archive.xl	185	0.000	2025-08-17T17:37:58.0000000Z
archive/pc/mod/1_LizzyWizzy_textures.archive	20062208	19.133	2025-07-18T07:18:06.0000000Z
archive/pc/mod/1_Maiko.archive	3067904	2.926	2026-01-22T18:12:06.5060038Z
archive/pc/mod/1_Maiko.archive.xl	169	0.000	2026-01-22T18:12:06.5087998Z
archive/pc/mod/1_Misty_z.archive	10891264	10.387	2026-01-22T18:10:45.9529389Z
archive/pc/mod/1_Misty_z.archive.xl	174	0.000	2026-01-22T18:10:45.9549342Z
archive/pc/mod/1_more_npc_citizen_rich.archive	21438464	20.445	2025-11-12T18:33:40.9881781Z
archive/pc/mod/1_more_npc_fiona.archive	4468736	4.262	2025-10-09T17:57:06.6236087Z
archive/pc/mod/1_more_npc_Konpeki.archive	6762496	6.449	2025-10-09T17:57:12.9010346Z
archive/pc/mod/1_more_npc_ruby.archive	2646016	2.523	2025-10-09T17:57:18.4594360Z
archive/pc/mod/1_more_npc_ruby.archive.xl	170	0.000	2025-10-09T17:57:18.4604359Z
archive/pc/mod/1_more_npc_skye.archive	3399680	3.242	2025-10-09T17:57:24.2689328Z
archive/pc/mod/1_more_npc_skye.archive.xl	166	0.000	2025-10-09T17:57:24.2699328Z
archive/pc/mod/1_more_npc_tasha.archive	3248128	3.098	2025-10-09T17:57:30.0654068Z
archive/pc/mod/1_Nadezhda.archive	3153920	3.008	2025-11-12T18:35:55.6127770Z
archive/pc/mod/1_Nadezhda.archive.xl	158	0.000	2025-11-12T18:35:55.6137915Z
archive/pc/mod/1_npc_holograms.archive	29495296	28.129	2026-06-08T07:25:11.1788733Z
archive/pc/mod/1_Panam.archive	137420800	131.055	2026-01-22T18:13:00.5674854Z
archive/pc/mod/1_Panam.archive.xl	181	0.000	2025-10-07T17:54:45.8793309Z
archive/pc/mod/1_Rachel.archive	6844416	6.527	2026-01-22T18:11:55.7244079Z
archive/pc/mod/1_Rachel.archive.xl	188	0.000	2026-01-22T18:11:55.7264080Z
archive/pc/mod/1_Rogue.archive	10870784	10.367	2025-10-09T17:55:54.0326930Z
archive/pc/mod/1_Rogue.archive.xl	191	0.000	2025-10-09T17:55:54.0336931Z
archive/pc/mod/1_Rogue_young_standalone.archive	1413120	1.348	2026-01-22T17:59:12.6774078Z
archive/pc/mod/1_Songbird.archive	11411456	10.883	2026-01-22T18:10:33.4795687Z
archive/pc/mod/1_Songbird.archive.xl	184	0.000	2025-07-18T07:22:59.0000000Z
archive/pc/mod/1_Stout.archive	32063488	30.578	2026-01-22T18:10:57.3517936Z
archive/pc/mod/1_Stout.archive.xl	195	0.000	2026-01-22T18:10:57.3537960Z
archive/pc/mod/1_Tubedancer.archive	8175616	7.797	2025-07-18T07:25:51.0000000Z
archive/pc/mod/1_US_Cracks.archive	11866112	11.316	2026-06-08T07:25:16.3560696Z
archive/pc/mod/1_US_Cracks.archive.xl	512	0.000	2026-06-08T07:25:16.3630701Z
archive/pc/mod/1_wheeler.archive	15015936	14.320	2026-06-08T07:25:29.3145848Z
archive/pc/mod/1_wheeler.archive.xl	184	0.000	2026-06-08T07:25:29.3225853Z
archive/pc/mod/1_Whelan.archive	1912832	1.824	2026-01-22T18:11:34.8080208Z
archive/pc/mod/1_Whelan.archive.xl	157	0.000	2026-01-22T18:11:34.8100036Z
archive/pc/mod/707 virtual atelier.archive	32768	0.031	2025-07-18T07:49:53.0000000Z
archive/pc/mod/aalexbug_material_int.archive	3358720	3.203	2026-06-08T07:28:58.9346874Z
archive/pc/mod/AK_117.archive	26865664	25.621	2024-05-06T10:05:29.0000000Z
archive/pc/mod/AK_117.archive.xl	118	0.000	2024-04-28T10:44:01.0000000Z
archive/pc/mod/AK_12.archive	51179520	48.809	2024-05-06T10:10:06.0000000Z
archive/pc/mod/AK_12.archive.xl	104	0.000	2024-05-05T10:06:11.0000000Z
archive/pc/mod/AK_47.archive	26894336	25.648	2024-05-06T10:13:18.0000000Z
archive/pc/mod/AK_47.archive.xl	108	0.000	2024-05-04T12:25:47.0000000Z
archive/pc/mod/Always_Best_Quality.archive	1417216	1.352	2025-09-24T17:09:25.0000000Z
archive/pc/mod/AlwaysFirstEquip.archive	32768	0.031	2026-06-08T07:25:45.1023849Z
archive/pc/mod/AlwaysFirstEquip.archive.xl	911	0.001	2026-06-08T07:25:45.1113856Z
archive/pc/mod/AMM_Dino_TattooFix.archive	5648384	5.387	2025-07-18T07:37:48.0000000Z
archive/pc/mod/AMM_PlayerBodyTag.xl	553	0.001	2025-07-18T07:37:48.0000000Z
archive/pc/mod/AMM_RitaWheeler_CombatEnabler.archive	28672	0.027	2025-07-18T07:37:48.0000000Z
archive/pc/mod/AMM_Songbird_BodyFix.archive	266240	0.254	2025-07-18T07:37:48.0000000Z
archive/pc/mod/auto_drive.archive	16384	0.016	2025-07-22T16:51:41.0000000Z
archive/pc/mod/auto_drive.archive.xl	98	0.000	2025-07-22T16:51:41.0000000Z
archive/pc/mod/B_Hanako_New_Look_V2.archive	20086784	19.156	2025-07-18T07:24:15.0000000Z
archive/pc/mod/basegame_00NPC_SPO.archive	149676032	142.742	2025-07-18T07:44:40.0000000Z
archive/pc/mod/basegame_AMM_BenjaminStonePP.archive	2007040	1.914	2025-07-18T07:37:48.0000000Z
archive/pc/mod/basegame_AMM_Delamain_Fix.archive	4890624	4.664	2025-07-18T07:37:48.0000000Z
archive/pc/mod/basegame_AMM_JudyBodyRevamp.archive	466944	0.445	2025-07-18T07:37:48.0000000Z
archive/pc/mod/basegame_AMM_LizzyIncognito.archive	24576	0.023	2025-07-18T07:37:48.0000000Z
archive/pc/mod/basegame_AMM_MeredithXtra.archive	798720	0.762	2025-07-18T07:37:48.0000000Z
archive/pc/mod/basegame_AMM_PanamBodyRevamp.archive	1462272	1.395	2025-07-18T07:37:48.0000000Z
archive/pc/mod/basegame_AMM_Props.archive	120418304	114.840	2025-07-18T07:37:48.0000000Z
archive/pc/mod/basegame_AMM_requirement.archive	24576	0.023	2025-07-18T07:37:48.0000000Z
archive/pc/mod/basegame_AMM_SoundEffects.archive	147456	0.141	2025-07-18T07:37:48.0000000Z
archive/pc/mod/basegame_johnny_companion.archive	32768	0.031	2025-07-18T07:37:48.0000000Z
archive/pc/mod/basegame_texture_HanakoNoMakeup.archive	1159168	1.105	2025-07-18T07:37:49.0000000Z
archive/pc/mod/BeatableBrats.archive	36864	0.035	2025-07-18T07:41:22.0000000Z
archive/pc/mod/better_buildings_v0.1.xl	69	0.000	2025-10-09T18:07:17.9009069Z
archive/pc/mod/better_buildingsv0.1.archive	233472	0.223	2025-10-09T18:07:17.8989097Z
archive/pc/mod/BetterWindows.archive	41025536	39.125	2024-12-20T15:08:09.0000000Z
archive/pc/mod/Blackbird.archive	39645184	37.809	2025-07-18T07:39:54.0000000Z
archive/pc/mod/Blackbird.archive.xl	164	0.000	2025-07-18T07:39:54.0000000Z
archive/pc/mod/caibro_drop_holsters.xl	152	0.000	2025-07-18T07:49:47.0000000Z
archive/pc/mod/caibro_drop_holsters_gs.archive	634880	0.605	2025-07-18T07:49:47.0000000Z
archive/pc/mod/Citizen Breast Physics ENT Version 2.2 All-In-One.archive	12853248	12.258	2025-07-18T07:15:59.0000000Z
archive/pc/mod/cmsgarage.archive	8192	0.008	2025-10-06T19:05:11.8328902Z
archive/pc/mod/Combat_Pack.archive	107442176	102.465	2023-11-15T11:21:06.0000000Z
archive/pc/mod/CompactWeaponModSlots.archive	94208	0.090	2025-10-21T09:21:01.6934209Z
archive/pc/mod/ContraLaLiberty.archive	6094848	5.813	2025-11-12T18:29:55.5711414Z
archive/pc/mod/CopKiller.archive	2621440	2.500	2026-07-12T07:37:23.4265897Z
archive/pc/mod/CopKiller.archive.xl	244	0.000	2026-07-12T07:37:23.4315904Z
archive/pc/mod/Coyote cojo cleanup ext.xl	471493	0.450	2025-03-11T05:29:01.0000000Z
archive/pc/mod/cyberscript.archive	255070208	243.254	2023-12-20T09:08:56.0000000Z
archive/pc/mod/CyberwareImproved.archive	8192	0.008	2026-07-06T23:56:27.9292891Z
archive/pc/mod/delamain_combat_mode.archive	1343488	1.281	2025-07-18T07:39:58.0000000Z
archive/pc/mod/dogtown-location-visuals-nulled.archive.xl	20620	0.020	2025-07-19T12:09:36.0000000Z
archive/pc/mod/DriveMinotaur.archive	7892992	7.527	2025-07-18T07:40:52.0000000Z
archive/pc/mod/DumpPromptFix.archive	1863680	1.777	2025-09-24T17:09:12.0000000Z
archive/pc/mod/E3_Billboards_metro_H10.archive	8192	0.008	2025-07-18T07:30:13.0000000Z
archive/pc/mod/e3_billboards_metro_h10.xl	71	0.000	2025-07-18T07:30:13.0000000Z
archive/pc/mod/e3_healthbars.archive	36864	0.035	2025-07-18T07:27:35.0000000Z
archive/pc/mod/E3_Kabuki.xl	20779	0.020	2025-07-18T07:23:49.0000000Z
archive/pc/mod/edgerunners and e3 loading screens.archive	52252672	49.832	2025-07-18T07:28:18.0000000Z
archive/pc/mod/Encore.archive	131072	0.125	2026-06-08T07:27:10.5607127Z
archive/pc/mod/Encore.archive.xl	2229	0.002	2026-06-08T07:27:10.5666944Z
archive/pc/mod/EquipmentEx.archive	61440	0.059	2026-06-08T07:27:16.5270025Z
archive/pc/mod/EquipmentEx.archive.xl	666	0.001	2026-06-08T07:27:16.5345074Z
archive/pc/mod/even_more_frames.xl	59	0.000	2024-12-17T20:29:19.0000000Z
archive/pc/mod/even_more_smart_frames.archive	16384	0.016	2024-12-17T21:10:16.0000000Z
archive/pc/mod/ExtraIconics.archive	10723328	10.227	2025-10-13T16:58:39.6391806Z
archive/pc/mod/ExtraIconics.archive.xl	346	0.000	2025-10-13T16:58:39.6421644Z
archive/pc/mod/FilterSaves.archive	16384	0.016	2025-11-12T18:31:08.9469830Z
archive/pc/mod/FilterSaves.archive.xl	958	0.001	2025-11-12T18:31:08.9479833Z
archive/pc/mod/FIX JUDY ANIMATION ALL IN ONE.archive	8339456	7.953	2025-07-18T07:34:20.0000000Z
archive/pc/mod/flashlight.archive	81920	0.078	2025-07-18T07:46:45.0000000Z
archive/pc/mod/FlyingTank.archive	61440	0.059	2025-11-12T18:29:30.2326462Z
archive/pc/mod/fordgt.archive	22556672	21.512	2025-02-09T05:02:28.0000000Z
archive/pc/mod/fordgt.xl	63	0.000	2025-01-15T06:27:39.0000000Z
archive/pc/mod/Gambling Props.archive	109539328	104.465	2025-07-18T07:35:05.0000000Z
archive/pc/mod/Gambling System - Roulette.archive	483328	0.461	2026-07-12T07:37:30.0609095Z
archive/pc/mod/gambling_system_roulette.xl	283	0.000	2026-07-12T07:37:30.0649097Z
archive/pc/mod/gambling_system_roulette_auto_generated.xl	839	0.001	2026-07-12T07:37:30.0689124Z
archive/pc/mod/gambling-system-blackjack.archive	430080	0.410	2026-01-22T18:05:09.5884449Z
archive/pc/mod/gambling-system-blackjack.xl	61	0.000	2026-01-22T18:05:09.5914540Z
archive/pc/mod/gigowatt221_Ammo_Limiter_-_Localization.archive	77824	0.074	2026-03-03T19:28:33.0911175Z
archive/pc/mod/gigowatt221_Ammo_Limiter_-_Localization.xl	1188	0.001	2025-09-06T18:35:57.3066653Z
archive/pc/mod/GoonadateJudy.archive	36864	0.035	2026-07-07T04:07:28.0400099Z
archive/pc/mod/goonadatejudy2.xl	200	0.000	2026-07-07T03:13:48.8310960Z
archive/pc/mod/H1.archive	19927040	19.004	2025-07-18T07:24:33.0000000Z
archive/pc/mod/H1_ex_color.archive	8192	0.008	2025-07-18T07:24:33.0000000Z
archive/pc/mod/H1_interior_color.archive	8192	0.008	2025-07-18T07:24:33.0000000Z
archive/pc/mod/H1_wheel_color.archive	8192	0.008	2025-07-18T07:24:33.0000000Z
archive/pc/mod/h10_elevator_expanded.archive	90112	0.086	2025-07-18T07:28:12.0000000Z
archive/pc/mod/h10_elevator_expanded.xl	4275	0.004	2025-07-18T07:28:12.0000000Z
archive/pc/mod/H10_Entrance_fix.xl	8652	0.008	2025-07-18T07:30:13.0000000Z
archive/pc/mod/H10ElevatorExpanded.archive	143360	0.137	2026-06-08T07:27:22.4912493Z
archive/pc/mod/H10ElevatorExpanded.xl	6706	0.006	2026-06-08T07:27:22.4982503Z
archive/pc/mod/HangoutsRomances.archive	1732608	1.652	2026-01-22T18:04:25.6002071Z
archive/pc/mod/HangoutsRomances.archive.xl	2124	0.002	2026-01-22T18:04:25.6017319Z
archive/pc/mod/Hercules_LMG.archive	1404928	1.340	2025-07-20T08:46:45.8993293Z
archive/pc/mod/Hercules_LMG.xl	128	0.000	2025-07-19T02:54:43.2810495Z
archive/pc/mod/HigherTvQuality.archive	8192	0.008	2025-07-18T07:37:07.0000000Z
archive/pc/mod/HighResHolocalls.archive	12288	0.012	2025-10-08T18:48:39.7842592Z
archive/pc/mod/HotAdvertsSeperatedAbydos.archive	1130496	1.078	2026-01-22T18:09:12.2851476Z
archive/pc/mod/HotAdvertsSeperatedAvante.archive	1056768	1.008	2026-01-22T18:09:12.2931656Z
archive/pc/mod/HotAdvertsSeperatedBlastDance.archive	2228224	2.125	2026-01-22T18:09:12.3064270Z
archive/pc/mod/HotAdvertsSeperatedBottomsUp.archive	1093632	1.043	2026-01-22T18:09:12.3144268Z
archive/pc/mod/HotAdvertsSeperatedBroseph.archive	466944	0.445	2026-01-22T18:09:12.3194267Z
archive/pc/mod/HotAdvertsSeperatedBudgetArms.archive	638976	0.609	2026-01-22T18:09:12.3244263Z
archive/pc/mod/HotAdvertsSeperatedCaliente.archive	655360	0.625	2026-01-22T18:09:12.3304264Z
archive/pc/mod/HotAdvertsSeperatedChamparadise.archive	315392	0.301	2026-01-22T18:09:12.3344276Z
archive/pc/mod/HotAdvertsSeperatedChromanticore.archive	2097152	2.000	2026-01-22T18:09:12.3474274Z
archive/pc/mod/HotAdvertsSeperatedDynalar.archive	352256	0.336	2026-01-22T18:09:12.3514268Z
archive/pc/mod/HotAdvertsSeperatedFuyutsuki.archive	696320	0.664	2026-01-22T18:09:12.3574268Z
archive/pc/mod/HotAdvertsSeperatedGiovanni.archive	192512	0.184	2026-01-22T18:09:12.3604556Z
archive/pc/mod/HotAdvertsSeperatedGromorrah.archive	925696	0.883	2026-01-22T18:09:12.3674483Z
archive/pc/mod/HotAdvertsSeperatedJackiePinUp.archive	434176	0.414	2026-01-22T18:09:12.3714265Z
archive/pc/mod/HotAdvertsSeperatedJigJigBD.archive	589824	0.563	2026-01-22T18:09:12.3774259Z
archive/pc/mod/HotAdvertsSeperatedJigJigStars.archive	479232	0.457	2026-01-22T18:09:12.3824283Z
archive/pc/mod/HotAdvertsSeperatedJigJigTwerk.archive	471040	0.449	2026-01-22T18:09:12.3864313Z
archive/pc/mod/HotAdvertsSeperatedJingujiShop.archive	462848	0.441	2026-01-22T18:09:12.3914314Z
archive/pc/mod/HotAdvertsSeperatedJingujiStreet.archive	675840	0.645	2026-01-22T18:09:12.3974306Z
archive/pc/mod/HotAdvertsSeperatedJoeTiel.archive	602112	0.574	2026-01-22T18:09:12.4029379Z
archive/pc/mod/HotAdvertsSeperatedKangTao.archive	331776	0.316	2026-01-22T18:09:12.4069376Z
archive/pc/mod/HotAdvertsSeperatedKiroshi.archive	454656	0.434	2026-01-22T18:09:12.4109374Z
archive/pc/mod/HotAdvertsSeperatedLizzies.archive	434176	0.414	2026-01-22T18:09:12.4159390Z
archive/pc/mod/HotAdvertsSeperatedMilfGaard.archive	643072	0.613	2026-01-22T18:09:12.4219371Z
archive/pc/mod/HotAdvertsSeperatedMrStud.archive	1159168	1.105	2026-01-22T18:09:12.4299367Z
archive/pc/mod/HotAdvertsSeperatedNewEmpire.archive	540672	0.516	2026-01-22T18:09:12.4359383Z
archive/pc/mod/HotAdvertsSeperatedRowdyDog.archive	434176	0.414	2026-01-22T18:09:12.4399370Z
archive/pc/mod/HotAdvertsSeperatedSashaDevon.archive	729088	0.695	2026-01-22T18:09:12.4459368Z
archive/pc/mod/HotAdvertsSeperatedSomalia.archive	389120	0.371	2026-01-22T18:09:12.4509374Z
archive/pc/mod/HotAdvertsSeperatedSquirtaquisitor.archive	397312	0.379	2026-01-22T18:09:12.4549374Z
archive/pc/mod/HotAdvertsSeperatedSudo.archive	229376	0.219	2026-01-22T18:09:12.4589376Z
archive/pc/mod/HotAdvertsSeperatedTampons.archive	991232	0.945	2026-01-22T18:09:12.4659386Z
archive/pc/mod/HotAdvertsSeperatedTheBigEatShow.archive	446464	0.426	2026-01-22T18:09:12.4709375Z
archive/pc/mod/HotAdvertsSeperatedWatsonWhore.archive	659456	0.629	2026-01-22T18:09:12.4759369Z
archive/pc/mod/HotAdvertsSeperatedWetDream.archive	1253376	1.195	2026-01-22T18:09:12.4849552Z
archive/pc/mod/HotAdvertsSeperatedZeigDich.archive	708608	0.676	2026-01-22T18:09:12.4909668Z
archive/pc/mod/HotFuzz.archive	118784	0.113	2026-06-08T07:27:32.7080732Z
archive/pc/mod/HotFuzz.archive.xl	183	0.000	2026-06-08T07:27:32.7180721Z
archive/pc/mod/hotscenes_archive.stage.archive	65232896	62.211	2026-07-12T07:39:09.6179497Z
archive/pc/mod/hotscenes_mod_anygoodname_mods_little_china_tourists_plugin.archive	2842624	2.711	2026-07-12T07:39:09.6409069Z
archive/pc/mod/hotscenes_mod_anygoodname_mods_more_characters_plugin.archive	23396352	22.313	2026-07-12T07:39:09.8050435Z
archive/pc/mod/hummer_h1.archive.xl	78	0.000	2025-07-18T07:24:33.0000000Z
archive/pc/mod/IAC - Technical room 2.2.xl	381	0.000	2026-06-08T07:28:12.0998253Z
archive/pc/mod/IAC 2.21 - Ancien camp.xl	2698	0.003	2025-07-18T07:37:20.0000000Z
archive/pc/mod/IAC 2.21 - Bathroom.xl	3239	0.003	2025-07-18T07:37:20.0000000Z
archive/pc/mod/IAC 2.21 - Camp entrance.xl	4739	0.005	2025-07-18T07:37:20.0000000Z
archive/pc/mod/IAC 2.21 - Fuel tank.xl	2348	0.002	2025-07-18T07:37:20.0000000Z
archive/pc/mod/IAC 2.21 - General.xl	2592	0.002	2025-07-18T07:37:20.0000000Z
archive/pc/mod/IAC 2.21 - Tente de Cassidy.xl	7107	0.007	2025-07-18T07:37:20.0000000Z
archive/pc/mod/IAC 2.21 - Tente de V.xl	1755	0.002	2025-07-18T07:37:20.0000000Z
archive/pc/mod/IAC 2.21 - Tente douche.xl	1360	0.001	2025-07-18T07:37:20.0000000Z
archive/pc/mod/IAC 2.3 - Foliage.xl	7068	0.007	2026-06-08T07:28:12.1108244Z
archive/pc/mod/IAC 2.3 - improved_aldecaldos_camp_deletions__camp_entrance__collisions.xl	518	0.000	2026-06-08T07:28:12.1338270Z
archive/pc/mod/IAC 2.3 - Tente de Carol.xl	573	0.001	2026-06-08T07:28:12.1538252Z
archive/pc/mod/IAC 2.31 - Ancien camp.xl	1178	0.001	2026-06-08T07:28:12.1681371Z
archive/pc/mod/IAC 2.31 - Basilisk.xl	3600	0.003	2026-06-08T07:28:12.1866703Z
archive/pc/mod/IAC 2.31 - Bathroom.xl	1095	0.001	2026-06-08T07:28:12.2086706Z
archive/pc/mod/IAC 2.31 - Camp entrance.xl	2648	0.003	2026-06-08T07:28:12.2486699Z
archive/pc/mod/IAC 2.31 - Fuel tank.xl	7561	0.007	2026-06-08T07:28:12.2656742Z
archive/pc/mod/IAC 2.31 - General.xl	2540	0.002	2026-06-08T07:28:12.2941830Z
archive/pc/mod/IAC 2.31 - iac_0.3.0_deletions__living_truck.xl	227	0.000	2026-06-08T07:28:12.3264173Z
archive/pc/mod/IAC 2.31 - improved_aldecaldos_camp_deletions__cassidy_tent__collisions.xl	309	0.000	2026-06-08T07:28:12.3437510Z
archive/pc/mod/IAC 2.31 - improved_aldecaldos_camp_deletions__fuel_tank__collisions.xl	633	0.001	2025-10-21T09:20:48.9540339Z
archive/pc/mod/IAC 2.31 - Mutations.xl	714	0.001	2026-06-08T07:28:10.4173932Z
archive/pc/mod/IAC 2.31 - Road.xl	2516	0.002	2026-06-08T07:28:10.4268531Z
archive/pc/mod/IAC 2.31 - Tent_entrances_collisions_deletions.xl	1502	0.001	2026-06-08T07:28:12.4167943Z
archive/pc/mod/IAC 2.31 - Tente de Cassidy.xl	2344	0.002	2026-06-08T07:28:12.3637564Z
archive/pc/mod/IAC 2.31 - Tente de V.xl	1421	0.001	2026-06-08T07:28:12.3777600Z
archive/pc/mod/IAC 2.31 - Tente douche.xl	1178	0.001	2026-06-08T07:28:12.3967953Z
archive/pc/mod/IAC quests.xl	4048	0.004	2026-06-08T07:28:12.4357954Z
archive/pc/mod/iac_0.2.0.xl	385	0.000	2026-01-22T18:02:32.9598065Z
archive/pc/mod/iac_0.3.0.xl	248	0.000	2026-01-22T18:02:32.9623131Z
archive/pc/mod/iac_0.3.0_deletions__living_truck.xl	219	0.000	2025-07-18T07:37:20.0000000Z
archive/pc/mod/iac_0.3.0_new_truck_generator_workspot.xl	113	0.000	2025-10-21T09:20:48.9702717Z
archive/pc/mod/iac_1.2.0.xl	248	0.000	2025-09-24T17:09:59.0000000Z
archive/pc/mod/iac_1.3.0.xl	248	0.000	2025-10-21T09:20:48.9722704Z
archive/pc/mod/iac_1.4.0.xl	248	0.000	2026-01-22T18:02:31.1712229Z
archive/pc/mod/iac_1.5.0.xl	248	0.000	2026-06-08T07:28:10.4608395Z
archive/pc/mod/iac_previous_additions.xl	687	0.001	2026-06-08T07:28:10.4691816Z
archive/pc/mod/IconicShop.archive	1560576	1.488	2026-06-08T07:27:50.9536619Z
archive/pc/mod/IdleAnywhere.archive	299008	0.285	2026-06-08T07:27:56.9308981Z
archive/pc/mod/IdleAnywhere.archive.xl	1034	0.001	2026-06-08T07:27:56.9468978Z
archive/pc/mod/ImmersiveFixers.archive	401408	0.383	2025-10-21T09:01:39.1512775Z
archive/pc/mod/ImmersiveFixers.archive.xl	1236	0.001	2025-10-21T09:01:39.1572986Z
archive/pc/mod/ImmersiveFoodVendors.archive	397312	0.379	2026-01-22T18:03:16.1254444Z
archive/pc/mod/ImmersiveFoodVendorsLoc.archive.xl	1433	0.001	2026-01-22T18:03:16.1275406Z
archive/pc/mod/immersiveodometer.xl	65	0.000	2026-07-12T07:38:08.9886751Z
archive/pc/mod/immersiveodometerfuel.xl	69	0.000	2026-01-22T18:03:02.6350658Z
archive/pc/mod/immersiveodometerfuel_v2.xl	72	0.000	2025-10-08T18:47:15.4819710Z
archive/pc/mod/ImmersiveOdometerFuelHUD.archive	16384	0.016	2026-07-12T07:38:08.9926751Z
archive/pc/mod/ImmersiveOdometerFuelV2.archive	172032	0.164	2026-07-12T07:38:08.9976741Z
archive/pc/mod/ImmersiveVik.archive	40960	0.039	2025-10-21T08:57:05.5716992Z
archive/pc/mod/Improved Aldecaldos Camp.archive	23060480	21.992	2026-06-08T07:28:12.6408177Z
archive/pc/mod/improved_aldecaldos_camp_additions.xl	188	0.000	2026-01-22T18:02:33.2008782Z
archive/pc/mod/improved_aldecaldos_camp_deletions__camp_entrance__collisions.xl	602	0.001	2025-07-18T07:37:20.0000000Z
archive/pc/mod/improved_aldecaldos_camp_deletions__cassidy_tent__collisions.xl	315	0.000	2025-07-18T07:37:20.0000000Z
archive/pc/mod/improved_aldecaldos_camp_deletions__fuel_tank__collisions.xl	731	0.001	2025-07-18T07:37:20.0000000Z
archive/pc/mod/jackiesgarage.archive	36864	0.035	2025-03-20T17:46:14.0000000Z
archive/pc/mod/jackiesgarage.xl	184	0.000	2025-03-20T17:46:12.0000000Z
archive/pc/mod/jackiesgaragecleanup.xl	103389	0.099	2025-03-16T03:37:34.0000000Z
archive/pc/mod/Japantown Apartment View Enhanced.xl	2820	0.003	2026-04-13T03:53:04.7163299Z
archive/pc/mod/japantown_gunshop.archive	16384	0.016	2025-07-18T07:38:45.0000000Z
archive/pc/mod/japantown_gunshop.xl	65	0.000	2025-07-18T07:38:45.0000000Z
archive/pc/mod/Japantown_Range.archive	8192	0.008	2025-07-18T07:38:45.0000000Z
archive/pc/mod/Japantown_Range.xl	1464	0.001	2025-07-18T07:38:45.0000000Z
archive/pc/mod/jojo loading screen.archive	13672448	13.039	2025-10-10T17:57:41.2982582Z
archive/pc/mod/JRME_4.0.archive	8761344	8.355	2026-06-08T07:28:44.1755594Z
archive/pc/mod/JRME_4.0.archive.xl	335	0.000	2026-06-08T07:28:44.1805609Z
archive/pc/mod/Judy_Enhanced_Hyst_Body.archive	17711104	16.891	2025-07-18T07:46:13.0000000Z
archive/pc/mod/Judy_Tacticool_Apartment_1.1.archive	73728	0.070	2025-06-19T23:26:18.0000000Z
archive/pc/mod/Judy_Tacticool_Apartment_1.1.xl	76	0.000	2025-06-19T23:24:55.0000000Z
archive/pc/mod/Judy_Tacticool_Apartment_1.2.archive	188416	0.180	2025-07-29T06:29:03.0000000Z
archive/pc/mod/Judy_Tacticool_Apartment_1.2.xl	228	0.000	2025-07-29T06:28:30.0000000Z
archive/pc/mod/Judy_Tacticool_Apartment_1.4.archive	208896	0.199	2025-08-17T17:36:13.0000000Z
archive/pc/mod/Judy_Tacticool_Apartment_1.4.xl	228	0.000	2025-08-17T17:36:13.0000000Z
archive/pc/mod/Judy_Tacticool_Apartment_1.6.archive	212992	0.203	2025-10-06T19:03:19.1845582Z
archive/pc/mod/Judy_Tacticool_Apartment_1.6.xl	228	0.000	2025-10-06T19:03:19.1875602Z
archive/pc/mod/Judy_Tacticool_Apartment_1.9.archive	221184	0.211	2026-06-08T07:28:50.1184532Z
archive/pc/mod/Judy_Tacticool_Apartment_1.9.xl	228	0.000	2026-06-08T07:28:50.1218464Z
archive/pc/mod/Judy_Tacticool_Apartment_Additions_1.1.archive	40960	0.039	2025-06-20T01:46:22.0000000Z
archive/pc/mod/Judy_Tacticool_Apartment_Additions_1.1.xl	86	0.000	2025-06-20T01:43:03.0000000Z
archive/pc/mod/Judy_Tacticool_Apartment_AmbientLights_1.1.archive	8192	0.008	2025-06-19T21:34:04.0000000Z
archive/pc/mod/Judy_Tacticool_Apartment_AmbientLights_1.1.xl	90	0.000	2025-06-19T21:33:52.0000000Z
archive/pc/mod/Judy_Tacticool_Apartment_Cleaned_1.1.xl	30904	0.029	2025-06-19T06:26:23.0000000Z
archive/pc/mod/Judy_Tacticool_Apartment_Cleaned_1.2.xl	58006	0.055	2025-07-29T06:51:06.0000000Z
archive/pc/mod/Judy_Tacticool_Apartment_Cleaned_1.4.xl	61449	0.059	2025-08-17T17:36:13.0000000Z
archive/pc/mod/Judy_Tacticool_Apartment_Cleaned_1.6.xl	61522	0.059	2025-10-06T19:03:19.1895602Z
archive/pc/mod/Judy_Tacticool_Apartment_Cleaned_1.9.xl	61476	0.059	2026-06-08T07:28:50.1258300Z
archive/pc/mod/Judy_Tacticool_Apartment_Collisions_1.1.archive	20480	0.020	2025-06-19T21:15:50.0000000Z
archive/pc/mod/Judy_Tacticool_Apartment_Collisions_1.1.xl	87	0.000	2025-06-19T21:23:54.0000000Z
archive/pc/mod/JudyRomancedEnhanced.archive	135168	0.129	2025-11-12T18:36:42.3473303Z
archive/pc/mod/Jungle_v1.4_Evelyn.archive	73728	0.070	2025-09-24T17:06:48.0000000Z
archive/pc/mod/Jungle_v1.4_Evelyn.xl	66	0.000	2025-09-24T17:06:48.0000000Z
archive/pc/mod/kawasaki_ninja.xl	97	0.000	2026-06-08T07:28:58.9402458Z
archive/pc/mod/konpeki_plaza.archive	40960	0.039	2025-10-13T17:00:01.0929367Z
archive/pc/mod/konpeki_plaza_restored.xl	3525	0.003	2025-10-13T17:00:01.0959191Z
archive/pc/mod/konpeki_plaza_restored_fog_removed.xl	5575	0.005	2025-10-13T17:00:01.0969185Z
archive/pc/mod/konpeki_plaza_restored_interior_area_removed.xl	610	0.001	2025-10-13T17:00:01.0989393Z
archive/pc/mod/konpeki_plaza_restored_killtriggers_removed.xl	1071	0.001	2025-10-13T17:00:01.0999201Z
archive/pc/mod/LadyMarmalade.archive	3579904	3.414	2026-06-08T07:26:09.4243886Z
archive/pc/mod/LadyMarmalade.archive.xl	1164	0.001	2026-06-08T07:26:09.4307525Z
archive/pc/mod/leanAnywhere.archive	65536	0.063	2025-11-12T18:33:05.3411291Z
archive/pc/mod/LizziesBDs.archive	192454656	183.539	2026-07-12T07:39:28.3451323Z
archive/pc/mod/LizziesBDs.archive.xl	5199	0.005	2026-07-12T07:39:28.3481320Z
archive/pc/mod/LizziesBDsExt01.archive	219336704	209.176	2025-07-18T17:16:10.0000000Z
archive/pc/mod/LizziesBDsKonpekiVisuals.xl	0	0.000	2025-08-08T06:16:47.0000000Z
archive/pc/mod/LizziesBDsLanguages.archive.xl	0	0.000	2026-07-12T07:39:28.3524668Z
archive/pc/mod/LizziesBDsSectors.archive.xl	0	0.000	2026-01-22T18:02:14.9057761Z
archive/pc/mod/loading screen v2.archive	9945088	9.484	2025-10-09T17:58:18.0084111Z
archive/pc/mod/mansionDLC.archive	294912	0.281	2025-07-18T07:47:39.0000000Z
archive/pc/mod/mansionDLC.xl	64	0.000	2025-07-18T07:47:39.0000000Z
archive/pc/mod/Militech_HMG34.archive	12005376	11.449	2025-07-20T08:33:43.8361055Z
archive/pc/mod/Militech_HMG34.xl	128	0.000	2025-07-19T01:05:59.0178772Z
archive/pc/mod/Militech_MG249.archive	12673024	12.086	2025-07-20T08:34:19.7959819Z
archive/pc/mod/Militech_MG249.xl	120	0.000	2025-07-17T11:49:10.9750642Z
archive/pc/mod/minotaur.archive.xl	128	0.000	2025-07-18T07:40:53.0000000Z
archive/pc/mod/NakedNPCs-Judy-ApartmentNude.archive	106496	0.102	2025-07-18T07:43:09.0000000Z
archive/pc/mod/nativeInteractions.archive	286720	0.273	2026-01-22T18:01:58.2259425Z
archive/pc/mod/nativeInteractions.xl	444	0.000	2026-01-22T18:01:58.2279405Z
archive/pc/mod/nc_autoshop.xl	1829	0.002	2026-06-08T07:29:25.8654181Z
archive/pc/mod/NC_Autoshop_CMS.archive	172032	0.164	2026-06-08T07:29:24.9281445Z
archive/pc/mod/ncautoshop.xl	3575	0.003	2026-06-08T07:29:25.8584180Z
archive/pc/mod/NCPD_Uniform.archive	32628736	31.117	2025-10-07T23:28:56.5306128Z
archive/pc/mod/New Cyber Load Screens.archive	198037504	188.863	2025-07-18T07:32:51.0000000Z
archive/pc/mod/new loading screen nsfw.archive	9940992	9.480	2025-10-09T17:58:11.2549056Z
archive/pc/mod/Night City Autoshop.archive	139264	0.133	2026-01-22T18:01:46.4313739Z
archive/pc/mod/NightCityInteractions.archive	29306880	27.949	2026-06-08T07:29:38.9841759Z
archive/pc/mod/NightCityInteractions.archive.xl	17097	0.016	2026-06-08T07:29:38.9884716Z
archive/pc/mod/NightCityTouristInformation.archive	114688	0.109	2025-07-18T07:31:12.0000000Z
archive/pc/mod/NightCityTouristInformation.archive.xl	1186	0.001	2025-07-18T07:31:12.0000000Z
archive/pc/mod/nightVision.archive	49152	0.047	2025-07-18T07:46:40.0000000Z
archive/pc/mod/ninja.archive	12754944	12.164	2026-06-08T07:28:59.0173222Z
archive/pc/mod/NPC LoD Tweak for PT.archive	8192	0.008	2025-07-18T07:28:42.0000000Z
archive/pc/mod/nsfmloadscreen.archive	57204736	54.555	2025-10-07T21:05:16.4749935Z
archive/pc/mod/Official E3 2018 Trailer.archive	229683200	219.043	2025-07-18T07:40:26.0000000Z
archive/pc/mod/OfficialE32018TrailerIntroCinematic.archive	234397696	223.539	2025-10-21T09:01:19.6255724Z
archive/pc/mod/OfficialE32018TrailerIntroCinematic.archive.xl	1473	0.001	2025-10-21T09:01:19.6285575Z
archive/pc/mod/panam selfie v4.archive	8900608	8.488	2025-10-09T17:57:41.8864082Z
archive/pc/mod/panam v13.archive	94105600	89.746	2025-10-08T18:51:44.6975394Z
archive/pc/mod/PanamPajamaTweaksV12ToplessButSleepInFemVsShirt.archive	90112	0.086	2025-07-18T07:34:57.0000000Z
archive/pc/mod/PanamPrivacy.archive	40960	0.039	2025-11-12T18:37:24.6497361Z
archive/pc/mod/PanamPrivacy.archive.xl	714	0.001	2025-11-12T18:37:24.6517354Z
archive/pc/mod/PanamRomancedEnhanced.archive	212992	0.203	2025-11-12T18:37:24.6457512Z
archive/pc/mod/ParkingSpotsEnhanced.archive	32768	0.031	2026-06-08T07:29:50.4789055Z
archive/pc/mod/ParkingSpotsEnhanced.archive.xl	70	0.000	2026-06-08T07:29:50.4858082Z
archive/pc/mod/PinkyDude_ANIM_FacialExpressions_FemaleV.archive	581632	0.555	2025-07-18T07:37:49.0000000Z
archive/pc/mod/PinkyDude_ANIM_FacialExpressions_MaleV.archive	729088	0.695	2025-07-18T07:37:49.0000000Z
archive/pc/mod/Police_Station.archive	94208	0.090	2026-06-08T07:26:59.7598434Z
archive/pc/mod/police_station.xl	200	0.000	2026-06-08T07:26:59.7679982Z
archive/pc/mod/Police_station_removal.xl	119174	0.114	2026-06-08T07:26:59.7751940Z
archive/pc/mod/populations.archive	8192	0.008	2026-06-08T07:29:58.0495585Z
archive/pc/mod/Proximas_PhantomLiberty_PropShop_v1.archive	3846144	3.668	2025-07-18T07:38:50.0000000Z
archive/pc/mod/Proxy_removal.xl	32404	0.031	2025-10-09T18:07:16.5346348Z
archive/pc/mod/RB.xl	617	0.001	2025-07-18T07:43:41.0000000Z
archive/pc/mod/RealisticMap16K.archive	250458112	238.855	2025-07-18T07:25:07.0000000Z
archive/pc/mod/ReallyWantToStayAtYourDwelling.archive	1732608	1.652	2025-07-18T07:24:26.0000000Z
archive/pc/mod/ReallyWantToStayAtYourDwelling.xl	1114	0.001	2025-07-18T07:24:26.0000000Z
archive/pc/mod/ReallyWantToStayAtYourHouse_Judy.archive.xl	808	0.001	2026-06-08T07:30:11.3438637Z
archive/pc/mod/ReallyWantToStayAtYourHouse_Panam.archive.xl	820	0.001	2026-07-12T07:37:57.7942251Z
archive/pc/mod/rebecca_colliders.xl	555	0.001	2026-01-22T18:00:10.6591251Z
archive/pc/mod/rebecca_remover.xl	12191	0.012	2026-01-22T18:00:10.6622317Z
archive/pc/mod/rebeccas_apartment_dlc.archive	27914240	26.621	2026-01-22T18:00:10.6486169Z
archive/pc/mod/rebeccas_apartment_dlc.xl	341	0.000	2026-01-22T18:00:10.6516097Z
archive/pc/mod/RitaRomanced.archive	1441792	1.375	2026-07-12T07:38:03.1234794Z
archive/pc/mod/RitaRomanced.archive.xl	2109	0.002	2026-07-12T07:38:03.1274967Z
archive/pc/mod/RJC_japantown_gunshop.archive	16384	0.016	2026-06-08T07:28:33.0690230Z
archive/pc/mod/RJC_japantown_gunshop.xl	65	0.000	2026-06-08T07:28:33.0779720Z
archive/pc/mod/RJC_Japantown_Range.archive	8192	0.008	2026-06-08T07:28:33.0954812Z
archive/pc/mod/RJC_Japantown_Range.xl	1464	0.001	2026-06-08T07:28:33.1144863Z
archive/pc/mod/RJC_Victors Clinic Garage Doors.xl	666	0.001	2026-06-08T07:30:48.9136427Z
archive/pc/mod/RJC_ViktorClinicGarageDoorCollision.xl	245	0.000	2026-06-08T07:30:48.9185210Z
archive/pc/mod/RJC_ViktorInteriorArea.xl	206	0.000	2026-06-08T07:30:48.9238131Z
archive/pc/mod/RJC_viktors_garage.archive	73728	0.070	2026-06-08T07:30:48.9419992Z
archive/pc/mod/RJC_viktors_garage.xl	61	0.000	2026-06-08T07:30:48.9449820Z
archive/pc/mod/RJC_ViktorStreetGatesCollision.xl	246	0.000	2026-06-08T07:30:48.9268182Z
archive/pc/mod/RJC_ViktorStreetGatesOccluder.xl	211	0.000	2026-06-08T07:30:48.9318206Z
archive/pc/mod/RJC_ViktorStreetGatesSectorEdit.archive	442368	0.422	2026-06-08T07:30:48.9378182Z
archive/pc/mod/RomancedEnhancedShowersFeature.archive	8192	0.008	2025-10-10T17:57:24.2728972Z
archive/pc/mod/RomancedEnhancedShowersFeature.archive.xl	87	0.000	2025-10-10T17:57:24.2738958Z
archive/pc/mod/RomanceHangoutsEnhanced.archive.xl	1507	0.001	2026-06-08T07:30:35.9287554Z
archive/pc/mod/RomanceReplays.archive	319488	0.305	2025-07-18T07:34:25.0000000Z
archive/pc/mod/Saiga_12.archive	34381824	32.789	2024-05-06T09:57:52.0000000Z
archive/pc/mod/Saiga_12.archive.xl	100	0.000	2024-05-05T05:41:45.0000000Z
archive/pc/mod/sitAnywhere.archive	225280	0.215	2025-11-12T18:32:14.9451707Z
archive/pc/mod/SmallerCyberwareSlots.archive	106496	0.102	2025-09-21T06:22:10.8341919Z
archive/pc/mod/smartWindow.archive	614400	0.586	2026-01-22T18:05:36.4317217Z
archive/pc/mod/smartwindows.xl	60	0.000	2026-01-22T18:05:35.1144753Z
archive/pc/mod/SP0 BODY MOD assets.archive	61214720	58.379	2025-07-18T07:15:24.0000000Z
archive/pc/mod/stockIcon.archive	917504	0.875	2025-07-18T07:39:12.0000000Z
archive/pc/mod/SurvivalSystem.archive	81920	0.078	2024-12-21T11:10:40.0000000Z
archive/pc/mod/SurvivalSystem.archive.xl	951	0.001	2023-10-21T16:41:33.0000000Z
archive/pc/mod/Tech_60_EMP_To_Durability.archive	8192	0.008	2025-07-18T07:48:16.0000000Z
archive/pc/mod/Tech_60_EMP_To_Durability.archive.xl	89	0.000	2025-07-18T07:48:16.0000000Z
archive/pc/mod/Toogleable Ticking Time Bomb.archive	8192	0.008	2025-07-18T07:40:47.0000000Z
archive/pc/mod/Toogleable Ticking Time Bomb.archive.xl	92	0.000	2025-07-18T07:40:47.0000000Z
archive/pc/mod/TriggerModeControl.archive	12288	0.012	2025-10-13T16:58:51.2849052Z
archive/pc/mod/TriggerModeControl.archive.xl	215	0.000	2025-10-13T16:58:51.2879024Z
archive/pc/mod/Type2067.archive	16384	0.016	2025-07-18T07:42:40.0000000Z
archive/pc/mod/v21_ThongTankTop_BottomlessInBed.archive	81920	0.078	2025-07-18T07:34:52.0000000Z
archive/pc/mod/Victors Clinic Garage Doors.xl	666	0.001	2025-08-17T17:36:38.0000000Z
archive/pc/mod/victors_garage.archive	61440	0.059	2025-07-20T16:34:22.0000000Z
archive/pc/mod/victors_garage.xl	62	0.000	2025-07-20T16:34:22.0000000Z
archive/pc/mod/ViktorClinicGarageDoorCollision.xl	245	0.000	2025-08-17T17:36:38.0000000Z
archive/pc/mod/ViktorInteriorArea.xl	206	0.000	2025-08-17T17:36:38.0000000Z
archive/pc/mod/viktors_garage.archive	77824	0.074	2025-08-17T17:36:37.0000000Z
archive/pc/mod/viktors_garage.xl	62	0.000	2025-08-17T17:36:37.0000000Z
archive/pc/mod/ViktorStreetGatesCollision.xl	246	0.000	2025-08-17T17:36:38.0000000Z
archive/pc/mod/ViktorStreetGatesOccluder.xl	211	0.000	2025-08-17T17:36:38.0000000Z
archive/pc/mod/ViktorStreetGatesSectorEdit.archive	442368	0.422	2025-08-17T17:36:38.0000000Z
archive/pc/mod/VirtualAtelier.archive	315392	0.301	2026-07-12T07:38:21.3844247Z
archive/pc/mod/VirtualAtelier.archive.xl	699	0.001	2026-07-12T07:38:21.3874254Z
archive/pc/mod/VirtualAtelierDelivery.archive	4907008	4.680	2026-07-12T07:37:41.1327938Z
archive/pc/mod/VirtualAtelierDelivery.archive.xl	2163	0.002	2026-07-12T07:37:41.1357956Z
archive/pc/mod/VirtualAtelierDeliveryColumbus.archive	3149824	3.004	2026-07-12T07:37:41.1616731Z
archive/pc/mod/VirtualCarDealer.archive	45056	0.043	2026-06-08T07:31:10.9050721Z
archive/pc/mod/VirtualCarDealer.archive.xl	855	0.001	2026-06-08T07:31:10.9100751Z
archive/pc/mod/Weapon Mods Improved.archive	8192	0.008	2026-01-16T15:28:40.7594032Z
archive/pc/mod/xHangout_with_So_Mi.archive	19771392	18.855	2025-10-09T17:58:38.2859479Z
archive/pc/mod/xHangout_with_So_Mi.archive.xl	310	0.000	2025-10-09T17:58:38.2879478Z
archive/pc/mod/Y_Sneaky_EBB_Refits_PhantomLiberty_Clothes.archive	13074432	12.469	2025-07-18T07:15:52.0000000Z
archive/pc/mod/yyy_BOOTY_Vanilla_Pants_and_Skirts.archive	12742656	12.152	2025-07-18T07:43:33.0000000Z
archive/pc/mod/zDeceptiousQuestCore.archive	3284992	3.133	2026-07-12T07:38:15.3333127Z
archive/pc/mod/zDeceptiousQuestCore.archive.xl	1206	0.001	2026-07-12T07:38:15.3372596Z
archive/pc/mod/zz_NeuroMultilayerMaterialXtender-2.2.archive	28495872	27.176	2025-07-18T07:17:42.0000000Z
archive/pc/mod/zzz_Attractive cyberpunk poster NSFW.archive	61112320	58.281	2025-10-10T17:57:19.6986769Z
archive/pc/mod/zzz_NeuroMultiMaterialXtender.archive	3358720	3.203	2025-07-18T07:46:20.0000000Z
bin/x64/cyber_engine_tweaks/mods/AppearanceMenuMod/User/Decor/Jungle v1.3 Evelyn.json	317198	0.303	2025-06-17T19:44:19.0000000Z
bin/x64/dlss-enabler.dll	1027072	0.979	2025-07-18T07:45:07.0000000Z
bin/x64/dlss-enabler-upscaler.dll	12892672	12.295	2025-07-18T07:45:07.0000000Z
bin/x64/dlssg_to_fsr3_amd_is_better.dll	8822272	8.414	2025-07-18T07:45:07.0000000Z
bin/x64/dlssg_to_fsr3_amd_is_better-3.0.dll	13502464	12.877	2025-07-18T07:45:07.0000000Z
bin/x64/dxgi.dll	73728	0.070	2025-07-18T07:45:07.0000000Z
bin/x64/global.ini	167	0.000	2026-06-08T07:43:03.7737030Z
bin/x64/HybridUtilization.ini	1	0.000	2026-01-22T18:33:41.4145943Z
bin/x64/LICENSE	1085	0.001	2026-06-08T07:43:03.7766794Z
bin/x64/nvngx.ini	15938	0.015	2025-07-18T07:45:07.0000000Z
bin/x64/nvngx-wrapper.dll	189952	0.181	2025-07-18T07:45:07.0000000Z
bin/x64/plugins/address_library/version-844424935408773.bin	18874408	18.000	2025-07-18T08:00:23.0000000Z
bin/x64/plugins/address_library/version-844424935426776.bin	18874408	18.000	2025-10-07T16:56:07.4745367Z
bin/x64/plugins/cyber_engine_tweaks.asi	7391744	7.049	2026-06-08T07:43:03.8797452Z
bin/x64/plugins/cyber_engine_tweaks/bindings.json	3202	0.003	2026-08-23T08:26:40.7674615Z
bin/x64/plugins/cyber_engine_tweaks/config.json	661	0.001	2026-08-23T08:18:09.1833463Z
bin/x64/plugins/cyber_engine_tweaks/fonts/materialdesignicons.ttf	1243500	1.186	2026-06-08T07:43:03.8967388Z
bin/x64/plugins/cyber_engine_tweaks/fonts/NotoSansJP-Regular.otf	4548208	4.338	2026-06-08T07:43:03.9546381Z
bin/x64/plugins/cyber_engine_tweaks/fonts/NotoSansKR-Regular.otf	4744692	4.525	2026-06-08T07:43:04.0007197Z
bin/x64/plugins/cyber_engine_tweaks/fonts/NotoSansMono-Regular.ttf	383844	0.366	2026-06-08T07:43:04.0091764Z
bin/x64/plugins/cyber_engine_tweaks/fonts/NotoSans-Regular.ttf	556216	0.530	2026-06-08T07:43:03.9091704Z
bin/x64/plugins/cyber_engine_tweaks/fonts/NotoSansSC-Regular.otf	8482020	8.089	2026-06-08T07:43:04.0860975Z
bin/x64/plugins/cyber_engine_tweaks/fonts/NotoSansTC-Regular.otf	5766468	5.499	2026-06-08T07:43:04.1418372Z
bin/x64/plugins/cyber_engine_tweaks/fonts/NotoSansThai-Regular.ttf	47404	0.045	2026-06-08T07:43:04.1478377Z
bin/x64/plugins/cyber_engine_tweaks/layout.ini	320	0.000	2026-08-23T08:26:43.6885565Z
bin/x64/plugins/cyber_engine_tweaks/mods/Airdrops/db.sqlite3	0	0.000	2025-07-18T08:04:33.0000000Z
bin/x64/plugins/cyber_engine_tweaks/mods/Airdrops/init.lua	65120	0.062	2026-06-08T07:25:39.9484734Z
bin/x64/plugins/cyber_engine_tweaks/mods/Airdrops/language/ar-ar/.placeholder	0	0.000	2026-06-08T07:25:39.9999856Z
bin/x64/plugins/cyber_engine_tweaks/mods/Airdrops/language/cz-cz/.placeholder	0	0.000	2026-06-08T07:25:40.0122415Z
bin/x64/plugins/cyber_engine_tweaks/mods/Airdrops/language/de-de/.placeholder	0	0.000	2026-06-08T07:25:40.0232480Z
bin/x64/plugins/cyber_engine_tweaks/mods/Airdrops/language/en-us/.placeholder	0	0.000	2026-06-08T07:25:40.0372476Z
bin/x64/plugins/cyber_engine_tweaks/mods/Airdrops/language/en-us_template/.placeholder	0	0.000	2026-06-08T07:25:40.0492549Z
bin/x64/plugins/cyber_engine_tweaks/mods/Airdrops/language/en-us_template/uiStrings.json	2634	0.003	2026-08-23T08:18:28.5729356Z
bin/x64/plugins/cyber_engine_tweaks/mods/Airdrops/language/es-es/.placeholder	0	0.000	2026-06-08T07:25:40.0615214Z
bin/x64/plugins/cyber_engine_tweaks/mods/Airdrops/language/es-mx/.placeholder	0	0.000	2026-06-08T07:25:40.0755219Z
bin/x64/plugins/cyber_engine_tweaks/mods/Airdrops/language/fr-fr/.placeholder	0	0.000	2026-06-08T07:25:40.0895208Z
bin/x64/plugins/cyber_engine_tweaks/mods/Airdrops/language/hu-hu/.placeholder	0	0.000	2026-06-08T07:25:40.1035237Z
bin/x64/plugins/cyber_engine_tweaks/mods/Airdrops/language/it-it/.placeholder	0	0.000	2026-06-08T07:25:40.1156199Z
bin/x64/plugins/cyber_engine_tweaks/mods/Airdrops/language/jp-jp/.placeholder	0	0.000	2026-06-08T07:25:40.1286213Z
bin/x64/plugins/cyber_engine_tweaks/mods/Airdrops/language/kr-kr/.placeholder	0	0.000	2026-06-08T07:25:40.1446261Z
bin/x64/plugins/cyber_engine_tweaks/mods/Airdrops/language/pl-pl/.placeholder	0	0.000	2026-06-08T07:25:40.1611433Z
bin/x64/plugins/cyber_engine_tweaks/mods/Airdrops/language/pt-br/.placeholder	0	0.000	2026-06-08T07:25:40.1797359Z
bin/x64/plugins/cyber_engine_tweaks/mods/Airdrops/language/Readme.txt	2095	0.002	2026-06-08T07:25:39.9889866Z
bin/x64/plugins/cyber_engine_tweaks/mods/Airdrops/language/ru-ru/.placeholder	0	0.000	2026-06-08T07:25:40.1967376Z
bin/x64/plugins/cyber_engine_tweaks/mods/Airdrops/language/th-th/.placeholder	0	0.000	2026-06-08T07:25:40.2137391Z
bin/x64/plugins/cyber_engine_tweaks/mods/Airdrops/language/tr-tr/.placeholder	0	0.000	2026-06-08T07:25:40.2307382Z
bin/x64/plugins/cyber_engine_tweaks/mods/Airdrops/language/ua-ua/.placeholder	0	0.000	2026-06-08T07:25:40.2487433Z
bin/x64/plugins/cyber_engine_tweaks/mods/Airdrops/language/zh-cn/.placeholder	0	0.000	2026-06-08T07:25:40.2653150Z
bin/x64/plugins/cyber_engine_tweaks/mods/Airdrops/language/zh-tw/.placeholder	0	0.000	2026-06-08T07:25:40.2803155Z
bin/x64/plugins/cyber_engine_tweaks/mods/Airdrops/LICENSE	1069	0.001	2026-06-08T07:25:39.9619863Z
bin/x64/plugins/cyber_engine_tweaks/mods/Airdrops/mod_user_settings.json	181	0.000	2026-08-23T08:19:39.0480364Z
bin/x64/plugins/cyber_engine_tweaks/mods/Airdrops/Ref.lua	1278	0.001	2026-06-08T07:25:39.9749858Z
bin/x64/plugins/cyber_engine_tweaks/mods/AppearanceMenuMod/Collabs/API.lua	4158	0.004	2025-07-18T07:37:49.0000000Z
bin/x64/plugins/cyber_engine_tweaks/mods/AppearanceMenuMod/Collabs/Custom Appearances/appearance_template.lua	509	0.000	2025-07-18T07:37:49.0000000Z
bin/x64/plugins/cyber_engine_tweaks/mods/AppearanceMenuMod/Collabs/Custom Appearances/fly80high_Aurore_Appearance.lua	567	0.001	2025-07-18T07:19:10.0000000Z
bin/x64/plugins/cyber_engine_tweaks/mods/AppearanceMenuMod/Collabs/Custom Appearances/Judy_Enhanced_Body.lua	719	0.001	2025-07-18T07:46:13.0000000Z
bin/x64/plugins/cyber_engine_tweaks/mods/AppearanceMenuMod/Collabs/custom entities/1_cherinowlin.lua	626	0.001	2026-01-22T18:12:39.3501128Z
bin/x64/plugins/cyber_engine_tweaks/mods/AppearanceMenuMod/Collabs/custom entities/1_doresette.lua	504	0.000	2026-01-22T18:12:26.5049391Z
bin/x64/plugins/cyber_engine_tweaks/mods/AppearanceMenuMod/Collabs/custom entities/1_Fiona.lua	486	0.000	2025-10-09T17:57:06.6479721Z
bin/x64/plugins/cyber_engine_tweaks/mods/AppearanceMenuMod/Collabs/custom entities/1_Hanako.lua	563	0.001	2025-07-18T17:16:34.0000000Z
bin/x64/plugins/cyber_engine_tweaks/mods/AppearanceMenuMod/Collabs/custom entities/1_rachel.lua	504	0.000	2026-01-22T18:11:55.7294075Z
bin/x64/plugins/cyber_engine_tweaks/mods/AppearanceMenuMod/Collabs/custom entities/1_Songbird.lua	584	0.001	2026-01-22T18:10:33.4888282Z
bin/x64/plugins/cyber_engine_tweaks/mods/AppearanceMenuMod/Collabs/custom entities/1_Tasha.lua	489	0.000	2025-10-09T17:57:30.0906735Z
bin/x64/plugins/cyber_engine_tweaks/mods/AppearanceMenuMod/Collabs/custom entities/1_Whelan.lua	480	0.000	2026-01-22T18:11:34.8150196Z
bin/x64/plugins/cyber_engine_tweaks/mods/AppearanceMenuMod/Collabs/custom entities/entity_template.lua	2239	0.002	2025-07-18T07:37:49.0000000Z
bin/x64/plugins/cyber_engine_tweaks/mods/AppearanceMenuMod/Collabs/custom entities/f80h_judy.lua	626	0.001	2026-06-08T07:25:23.5856762Z
bin/x64/plugins/cyber_engine_tweaks/mods/AppearanceMenuMod/Collabs/custom entities/f80h_judy_alt.lua	769	0.001	2026-06-08T07:25:23.5936749Z
bin/x64/plugins/cyber_engine_tweaks/mods/AppearanceMenuMod/Collabs/custom entities/f80h_judy_alt_notatt.lua	679	0.001	2026-06-08T07:25:23.6016740Z
bin/x64/plugins/cyber_engine_tweaks/mods/AppearanceMenuMod/Collabs/custom entities/f80h_judy_gym.lua	638	0.001	2026-06-08T07:25:23.6106747Z
bin/x64/plugins/cyber_engine_tweaks/mods/AppearanceMenuMod/Collabs/custom entities/f80h_judy_monokini.lua	646	0.001	2026-06-08T07:25:23.6186755Z
bin/x64/plugins/cyber_engine_tweaks/mods/AppearanceMenuMod/Collabs/custom entities/f80h_judy_not.lua	648	0.001	2026-06-08T07:25:23.6256750Z
bin/x64/plugins/cyber_engine_tweaks/mods/AppearanceMenuMod/Collabs/custom entities/f80h_judy_pijama.lua	647	0.001	2026-06-08T07:25:23.6356806Z
bin/x64/plugins/cyber_engine_tweaks/mods/AppearanceMenuMod/Collabs/custom entities/f80h_judy_skirt.lua	644	0.001	2026-06-08T07:25:23.6436807Z
bin/x64/plugins/cyber_engine_tweaks/mods/AppearanceMenuMod/Collabs/custom entities/fly80h_panam.lua	4373	0.004	2025-10-21T08:57:55.3263237Z
bin/x64/plugins/cyber_engine_tweaks/mods/AppearanceMenuMod/Collabs/custom entities/fly80h_panam_cartoon.lua	616	0.001	2026-01-22T18:13:00.5896160Z
bin/x64/plugins/cyber_engine_tweaks/mods/AppearanceMenuMod/Collabs/custom entities/fly80h_panam_gym.lua	608	0.001	2026-01-22T18:13:00.5736139Z
bin/x64/plugins/cyber_engine_tweaks/mods/AppearanceMenuMod/Collabs/custom entities/fly80h_panam_squeeze.lua	616	0.001	2026-01-22T18:13:00.5826142Z
bin/x64/plugins/cyber_engine_tweaks/mods/AppearanceMenuMod/Collabs/custom entities/fly80h_panam_squeeze_pants.lua	638	0.001	2026-01-22T18:13:00.5856163Z
bin/x64/plugins/cyber_engine_tweaks/mods/AppearanceMenuMod/Collabs/custom entities/fly80h_panam_top.lua	612	0.001	2026-01-22T18:13:00.5706095Z
bin/x64/plugins/cyber_engine_tweaks/mods/AppearanceMenuMod/Collabs/custom entities/fly80h_panam_top_pants.lua	627	0.001	2026-01-22T18:13:00.5786153Z
bin/x64/plugins/cyber_engine_tweaks/mods/AppearanceMenuMod/Collabs/custom entities/fly80h_panam_top_skirt.lua	622	0.001	2026-01-22T18:13:00.5756141Z
bin/x64/plugins/cyber_engine_tweaks/mods/AppearanceMenuMod/Collabs/custom entities/fly80high_Aurore.lua	567	0.001	2026-01-22T18:11:18.3578112Z
bin/x64/plugins/cyber_engine_tweaks/mods/AppearanceMenuMod/Collabs/custom entities/fly80high_claire_appearance.lua	506	0.000	2026-06-08T07:25:04.1427936Z
bin/x64/plugins/cyber_engine_tweaks/mods/AppearanceMenuMod/Collabs/custom entities/fly80high_evelyn_appearance.lua	554	0.001	2026-01-22T18:12:16.5847282Z
bin/x64/plugins/cyber_engine_tweaks/mods/AppearanceMenuMod/Collabs/custom entities/fly80high_maiko_appearance.lua	494	0.000	2026-01-22T18:12:06.5108051Z
bin/x64/plugins/cyber_engine_tweaks/mods/AppearanceMenuMod/Collabs/custom entities/fly80high_misty_appearance.lua	627	0.001	2026-01-22T18:10:45.9579312Z
bin/x64/plugins/cyber_engine_tweaks/mods/AppearanceMenuMod/Collabs/custom entities/fly80high_nadezhda_appearance.lua	493	0.000	2025-11-12T18:35:55.6484695Z
bin/x64/plugins/cyber_engine_tweaks/mods/AppearanceMenuMod/Collabs/custom entities/fly80high_rogue_appearance.lua	625	0.001	2025-10-09T17:55:54.0587200Z
bin/x64/plugins/cyber_engine_tweaks/mods/AppearanceMenuMod/Collabs/custom entities/fly80high_stout_appearance.lua	577	0.001	2026-01-22T18:10:57.3567934Z
bin/x64/plugins/cyber_engine_tweaks/mods/AppearanceMenuMod/Collabs/custom entities/fly80high_uscracks_blue_Appearance.lua	488	0.000	2026-06-08T07:25:16.3710755Z
bin/x64/plugins/cyber_engine_tweaks/mods/AppearanceMenuMod/Collabs/custom entities/fly80high_uscracks_purple_Appearance.lua	480	0.000	2026-06-08T07:25:16.3780967Z
bin/x64/plugins/cyber_engine_tweaks/mods/AppearanceMenuMod/Collabs/custom entities/fly80high_uscracks_red_Appearance.lua	485	0.000	2026-06-08T07:25:16.3850693Z
bin/x64/plugins/cyber_engine_tweaks/mods/AppearanceMenuMod/Collabs/custom entities/fly80high_wheeler_appearance.lua	472	0.000	2026-06-08T07:25:29.3315843Z
bin/x64/plugins/cyber_engine_tweaks/mods/AppearanceMenuMod/Collabs/custom entities/lizzy.lua	522	0.000	2025-08-17T17:37:58.0000000Z
bin/x64/plugins/cyber_engine_tweaks/mods/AppearanceMenuMod/Collabs/custom entities/Ruby.lua	510	0.000	2025-10-09T17:57:18.4844349Z
bin/x64/plugins/cyber_engine_tweaks/mods/AppearanceMenuMod/Collabs/custom entities/skye.lua	473	0.000	2025-10-09T17:57:24.2958219Z
bin/x64/plugins/cyber_engine_tweaks/mods/AppearanceMenuMod/Collabs/Custom Locations/location_template.json	831	0.001	2025-07-18T07:37:49.0000000Z
bin/x64/plugins/cyber_engine_tweaks/mods/AppearanceMenuMod/Collabs/Custom Poses/pose_template.lua	1233	0.001	2025-07-18T07:37:49.0000000Z
bin/x64/plugins/cyber_engine_tweaks/mods/AppearanceMenuMod/Collabs/Custom Props/boe6_poker_chip.lua	2393	0.002	2025-07-18T07:35:05.0000000Z
bin/x64/plugins/cyber_engine_tweaks/mods/AppearanceMenuMod/Collabs/Custom Props/prop_template.lua	1186	0.001	2025-07-18T07:37:49.0000000Z
bin/x64/plugins/cyber_engine_tweaks/mods/AppearanceMenuMod/Collabs/Custom Props/proximas_prop_paradise_V1.lua	211051	0.201	2025-07-18T07:38:50.0000000Z
bin/x64/plugins/cyber_engine_tweaks/mods/AppearanceMenuMod/credits.lua	3102	0.003	2025-07-18T07:37:49.0000000Z
bin/x64/plugins/cyber_engine_tweaks/mods/AppearanceMenuMod/db.sqlite3	18800640	17.930	2026-08-23T08:19:37.4717547Z
bin/x64/plugins/cyber_engine_tweaks/mods/AppearanceMenuMod/External/Cron.lua	2851	0.003	2025-07-18T07:37:49.0000000Z
bin/x64/plugins/cyber_engine_tweaks/mods/AppearanceMenuMod/External/GameSession.lua	27406	0.026	2025-07-18T07:37:49.0000000Z
bin/x64/plugins/cyber_engine_tweaks/mods/AppearanceMenuMod/External/GameSettings.lua	7679	0.007	2025-07-18T07:37:49.0000000Z
bin/x64/plugins/cyber_engine_tweaks/mods/AppearanceMenuMod/External/Inspect.lua	9072	0.009	2025-07-18T07:37:49.0000000Z
bin/x64/plugins/cyber_engine_tweaks/mods/AppearanceMenuMod/init.lua	227424	0.217	2025-07-18T07:37:49.0000000Z
bin/x64/plugins/cyber_engine_tweaks/mods/AppearanceMenuMod/Localization/en_US.lua	40777	0.039	2025-07-18T07:37:49.0000000Z
bin/x64/plugins/cyber_engine_tweaks/mods/AppearanceMenuMod/Localization/ru_RU.lua	59665	0.057	2025-07-18T07:37:49.0000000Z
bin/x64/plugins/cyber_engine_tweaks/mods/AppearanceMenuMod/Localization/tr_TR.lua	44276	0.042	2025-07-18T07:37:49.0000000Z
bin/x64/plugins/cyber_engine_tweaks/mods/AppearanceMenuMod/Localization/zh_CN.lua	40324	0.038	2025-07-18T07:37:49.0000000Z
bin/x64/plugins/cyber_engine_tweaks/mods/AppearanceMenuMod/Modules/anims.lua	21282	0.020	2025-07-18T07:37:49.0000000Z
bin/x64/plugins/cyber_engine_tweaks/mods/AppearanceMenuMod/Modules/camera.lua	14734	0.014	2025-07-18T07:37:49.0000000Z
bin/x64/plugins/cyber_engine_tweaks/mods/AppearanceMenuMod/Modules/director.lua	77575	0.074	2025-07-18T07:37:49.0000000Z
bin/x64/plugins/cyber_engine_tweaks/mods/AppearanceMenuMod/Modules/entity.lua	13499	0.013	2025-07-18T07:37:49.0000000Z
bin/x64/plugins/cyber_engine_tweaks/mods/AppearanceMenuMod/Modules/light.lua	19183	0.018	2025-07-18T07:37:49.0000000Z
bin/x64/plugins/cyber_engine_tweaks/mods/AppearanceMenuMod/Modules/props.lua	89537	0.085	2025-07-18T07:37:49.0000000Z
bin/x64/plugins/cyber_engine_tweaks/mods/AppearanceMenuMod/Modules/scan.lua	40758	0.039	2025-07-18T07:37:49.0000000Z
bin/x64/plugins/cyber_engine_tweaks/mods/AppearanceMenuMod/Modules/spawn.lua	26916	0.026	2025-07-18T07:37:49.0000000Z
bin/x64/plugins/cyber_engine_tweaks/mods/AppearanceMenuMod/Modules/swap.lua	15402	0.015	2025-07-18T07:37:49.0000000Z
bin/x64/plugins/cyber_engine_tweaks/mods/AppearanceMenuMod/Modules/tools.lua	157998	0.151	2025-07-18T07:37:49.0000000Z
bin/x64/plugins/cyber_engine_tweaks/mods/AppearanceMenuMod/Modules/util.lua	38323	0.037	2025-07-18T07:37:49.0000000Z
bin/x64/plugins/cyber_engine_tweaks/mods/AppearanceMenuMod/Themes/Computer Blue.json	2055	0.002	2025-07-18T07:37:49.0000000Z
bin/x64/plugins/cyber_engine_tweaks/mods/AppearanceMenuMod/Themes/Cyberpunk.json	4156	0.004	2025-07-18T07:37:49.0000000Z
bin/x64/plugins/cyber_engine_tweaks/mods/AppearanceMenuMod/Themes/Default.json	1862	0.002	2025-07-18T07:37:49.0000000Z
bin/x64/plugins/cyber_engine_tweaks/mods/AppearanceMenuMod/Themes/Deus Ex.json	1767	0.002	2025-07-18T07:37:49.0000000Z
bin/x64/plugins/cyber_engine_tweaks/mods/AppearanceMenuMod/Themes/editor.lua	4957	0.005	2025-07-18T07:37:49.0000000Z
bin/x64/plugins/cyber_engine_tweaks/mods/AppearanceMenuMod/Themes/Midori.json	1976	0.002	2025-07-18T07:37:49.0000000Z
bin/x64/plugins/cyber_engine_tweaks/mods/AppearanceMenuMod/Themes/Original.json	1744	0.002	2025-07-18T07:37:49.0000000Z
bin/x64/plugins/cyber_engine_tweaks/mods/AppearanceMenuMod/Themes/Purpura.json	4245	0.004	2025-07-18T07:37:49.0000000Z
bin/x64/plugins/cyber_engine_tweaks/mods/AppearanceMenuMod/Themes/Silverhand.json	4156	0.004	2025-07-18T07:37:49.0000000Z
bin/x64/plugins/cyber_engine_tweaks/mods/AppearanceMenuMod/Themes/ui.lua	10632	0.010	2025-07-18T07:37:49.0000000Z
bin/x64/plugins/cyber_engine_tweaks/mods/AppearanceMenuMod/update_notes.lua	121773	0.116	2025-07-18T07:37:49.0000000Z
bin/x64/plugins/cyber_engine_tweaks/mods/AppearanceMenuMod/User/Decor/Backup/vortex_needs_this.txt	5642	0.005	2025-07-18T07:37:49.0000000Z
bin/x64/plugins/cyber_engine_tweaks/mods/AppearanceMenuMod/User/Decor/vortex_needs_this.txt	5642	0.005	2025-07-18T07:37:49.0000000Z
bin/x64/plugins/cyber_engine_tweaks/mods/AppearanceMenuMod/User/Locations/vortex_needs_this.txt	5642	0.005	2025-07-18T07:37:49.0000000Z
bin/x64/plugins/cyber_engine_tweaks/mods/AppearanceMenuMod/User/Scripts/Judy and Nibbles - Mansion.json	4396	0.004	2025-07-18T07:37:49.0000000Z
bin/x64/plugins/cyber_engine_tweaks/mods/AppearanceMenuMod/User/Themes/vortex_needs_this.txt	5642	0.005	2025-07-18T07:37:49.0000000Z
bin/x64/plugins/cyber_engine_tweaks/mods/AppearanceMenuMod/User/user.json	2971	0.003	2026-08-23T08:26:40.6739098Z
bin/x64/plugins/cyber_engine_tweaks/mods/AppearanceMenuMod/User/user-old.json	2971	0.003	2026-08-23T08:26:40.6453544Z
bin/x64/plugins/cyber_engine_tweaks/mods/AutoLoot/config/.keep	0	0.000	2026-07-12T07:37:35.8822332Z
bin/x64/plugins/cyber_engine_tweaks/mods/AutoLoot/config/config.json	344	0.000	2025-10-21T10:09:34.8737398Z
bin/x64/plugins/cyber_engine_tweaks/mods/AutoLoot/CPStyling/init.lua	18318	0.017	2026-07-12T07:37:35.8872320Z
bin/x64/plugins/cyber_engine_tweaks/mods/AutoLoot/CPStyling/styles.lua	9455	0.009	2026-07-12T07:37:35.8902331Z
bin/x64/plugins/cyber_engine_tweaks/mods/AutoLoot/CPStyling/theme.lua	9413	0.009	2026-07-12T07:37:35.8942323Z
bin/x64/plugins/cyber_engine_tweaks/mods/AutoLoot/db.sqlite3	0	0.000	2025-07-18T08:04:34.0000000Z
bin/x64/plugins/cyber_engine_tweaks/mods/AutoLoot/init.lua	24580	0.023	2026-07-12T07:37:35.8782323Z
bin/x64/plugins/cyber_engine_tweaks/mods/AutoLoot/language/ar-ar/.placeholder	0	0.000	2026-07-12T07:37:35.9032331Z
bin/x64/plugins/cyber_engine_tweaks/mods/AutoLoot/language/cz-cz/.placeholder	0	0.000	2026-07-12T07:37:35.9062333Z
bin/x64/plugins/cyber_engine_tweaks/mods/AutoLoot/language/de-de/.placeholder	0	0.000	2026-07-12T07:37:35.9102327Z
bin/x64/plugins/cyber_engine_tweaks/mods/AutoLoot/language/en-us/.placeholder	0	0.000	2026-07-12T07:37:35.9142328Z
bin/x64/plugins/cyber_engine_tweaks/mods/AutoLoot/language/en-us_template/.placeholder	0	0.000	2026-07-12T07:37:35.9182334Z
bin/x64/plugins/cyber_engine_tweaks/mods/AutoLoot/language/en-us_template/uiStrings.json	5944	0.006	2026-08-23T08:18:29.1043901Z
bin/x64/plugins/cyber_engine_tweaks/mods/AutoLoot/language/es-es/.placeholder	0	0.000	2026-07-12T07:37:35.9222328Z
bin/x64/plugins/cyber_engine_tweaks/mods/AutoLoot/language/es-mx/.placeholder	0	0.000	2026-07-12T07:37:35.9262332Z
bin/x64/plugins/cyber_engine_tweaks/mods/AutoLoot/language/fr-fr/.placeholder	0	0.000	2026-07-12T07:37:35.9302329Z
bin/x64/plugins/cyber_engine_tweaks/mods/AutoLoot/language/hu-hu/.placeholder	0	0.000	2026-07-12T07:37:35.9342335Z
bin/x64/plugins/cyber_engine_tweaks/mods/AutoLoot/language/it-it/.placeholder	0	0.000	2026-07-12T07:37:35.9372327Z
bin/x64/plugins/cyber_engine_tweaks/mods/AutoLoot/language/jp-jp/.placeholder	0	0.000	2026-07-12T07:37:35.9412323Z
bin/x64/plugins/cyber_engine_tweaks/mods/AutoLoot/language/kr-kr/.placeholder	0	0.000	2026-07-12T07:37:35.9452326Z
bin/x64/plugins/cyber_engine_tweaks/mods/AutoLoot/language/pl-pl/.placeholder	0	0.000	2026-07-12T07:37:35.9502337Z
bin/x64/plugins/cyber_engine_tweaks/mods/AutoLoot/language/pt-br/.placeholder	0	0.000	2026-07-12T07:37:35.9542924Z
bin/x64/plugins/cyber_engine_tweaks/mods/AutoLoot/language/Readme.txt	3546	0.003	2026-07-12T07:37:35.8992326Z
bin/x64/plugins/cyber_engine_tweaks/mods/AutoLoot/language/ru-ru/.placeholder	0	0.000	2026-07-12T07:37:35.9577300Z
bin/x64/plugins/cyber_engine_tweaks/mods/AutoLoot/language/th-th/.placeholder	0	0.000	2026-07-12T07:37:35.9617399Z
bin/x64/plugins/cyber_engine_tweaks/mods/AutoLoot/language/tr-tr/.placeholder	0	0.000	2026-07-12T07:37:35.9657413Z
bin/x64/plugins/cyber_engine_tweaks/mods/AutoLoot/language/ua-ua/.placeholder	0	0.000	2026-07-12T07:37:35.9697409Z
bin/x64/plugins/cyber_engine_tweaks/mods/AutoLoot/language/zh-cn/.placeholder	0	0.000	2026-07-12T07:37:35.9737458Z
bin/x64/plugins/cyber_engine_tweaks/mods/AutoLoot/language/zh-tw/.placeholder	0	0.000	2026-07-12T07:37:35.9777458Z
bin/x64/plugins/cyber_engine_tweaks/mods/AutoLoot/lib/journalMappinExtractor.lua	12328	0.012	2026-01-22T18:07:19.1779240Z
bin/x64/plugins/cyber_engine_tweaks/mods/AutoLoot/lib/LICENSE	1069	0.001	2026-07-12T07:37:35.9807411Z
bin/x64/plugins/cyber_engine_tweaks/mods/AutoLoot/lib/Ref.lua	1278	0.001	2026-07-12T07:37:35.9847402Z
bin/x64/plugins/cyber_engine_tweaks/mods/AutoLoot/modules/config.lua	4342	0.004	2026-07-12T07:37:35.9887410Z
bin/x64/plugins/cyber_engine_tweaks/mods/AutoLoot/modules/jmels.lua	9820	0.009	2026-07-12T07:37:35.9927412Z
bin/x64/plugins/cyber_engine_tweaks/mods/AutoLoot/modules/logic.lua	99807	0.095	2026-07-12T07:37:35.9967417Z
bin/x64/plugins/cyber_engine_tweaks/mods/AutoLoot/modules/ui_new.lua	55163	0.053	2026-07-12T07:37:36.0007407Z
bin/x64/plugins/cyber_engine_tweaks/mods/Better EdgeRunner/db.sqlite3	0	0.000	2025-07-18T08:04:34.0000000Z
bin/x64/plugins/cyber_engine_tweaks/mods/Better EdgeRunner/init.lua	1342	0.001	2023-10-16T19:04:55.0000000Z
bin/x64/plugins/cyber_engine_tweaks/mods/BetterHMGs/db.sqlite3	0	0.000	2025-07-18T08:04:34.0000000Z
bin/x64/plugins/cyber_engine_tweaks/mods/BetterHMGs/init.lua	5244	0.005	2025-07-18T07:41:38.0000000Z
bin/x64/plugins/cyber_engine_tweaks/mods/BetterLootMarkers/db.sqlite3	0	0.000	2025-07-18T08:04:34.0000000Z
bin/x64/plugins/cyber_engine_tweaks/mods/BetterLootMarkers/init.lua	8181	0.008	2026-06-08T07:26:24.1671411Z
bin/x64/plugins/cyber_engine_tweaks/mods/BetterLootMarkers/Modules/ImmersiveMode.lua	3571	0.003	2026-06-08T07:26:23.2626084Z
bin/x64/plugins/cyber_engine_tweaks/mods/BetterLootMarkers/Modules/LootMarkerUI.lua	4079	0.004	2026-06-08T07:26:23.2666081Z
bin/x64/plugins/cyber_engine_tweaks/mods/BetterLootMarkers/Modules/ScannerFix.lua	2414	0.002	2026-06-08T07:26:23.2713051Z
bin/x64/plugins/cyber_engine_tweaks/mods/BetterLootMarkers/Modules/Settings.lua	3820	0.004	2026-06-08T07:26:24.1811478Z
bin/x64/plugins/cyber_engine_tweaks/mods/BetterLootMarkers/Modules/Types.lua	6758	0.006	2026-06-08T07:26:24.1881475Z
bin/x64/plugins/cyber_engine_tweaks/mods/BetterLootMarkers/Modules/Utils.lua	730	0.001	2026-06-08T07:26:24.1931468Z
bin/x64/plugins/cyber_engine_tweaks/mods/BetterLootMarkers/README.md	2100	0.002	2026-06-08T07:26:24.1751416Z
bin/x64/plugins/cyber_engine_tweaks/mods/BetterLootMarkers/version.txt	7	0.000	2026-06-08T07:26:23.2501691Z
bin/x64/plugins/cyber_engine_tweaks/mods/Car Mod Shop/db.sqlite3	0	0.000	2025-07-18T07:47:44.0000000Z
bin/x64/plugins/cyber_engine_tweaks/mods/Car Mod Shop/external/Cron.lua	3798	0.004	2025-10-06T19:05:11.8408911Z
bin/x64/plugins/cyber_engine_tweaks/mods/Car Mod Shop/external/EventProxy.lua	7693	0.007	2025-10-06T19:05:11.8429051Z
bin/x64/plugins/cyber_engine_tweaks/mods/Car Mod Shop/external/GameHUD.lua	2796	0.003	2025-10-06T19:05:11.8448907Z
bin/x64/plugins/cyber_engine_tweaks/mods/Car Mod Shop/external/GameLocale.lua	4470	0.004	2025-10-06T19:05:11.8473939Z
bin/x64/plugins/cyber_engine_tweaks/mods/Car Mod Shop/external/GameSession.lua	31973	0.030	2025-10-06T19:05:11.8494209Z
bin/x64/plugins/cyber_engine_tweaks/mods/Car Mod Shop/external/GameSettings.lua	9241	0.009	2025-10-06T19:05:11.8523987Z
bin/x64/plugins/cyber_engine_tweaks/mods/Car Mod Shop/external/GameShardUI.lua	10409	0.010	2025-10-06T19:05:11.8543988Z
bin/x64/plugins/cyber_engine_tweaks/mods/Car Mod Shop/external/GameUI.lua	44157	0.042	2025-10-06T19:05:11.8573977Z
bin/x64/plugins/cyber_engine_tweaks/mods/Car Mod Shop/external/LICENSE-CETKIT	1069	0.001	2025-10-06T19:05:11.8593972Z
bin/x64/plugins/cyber_engine_tweaks/mods/Car Mod Shop/external/Ref.lua	1347	0.001	2025-10-06T19:05:11.8613976Z
bin/x64/plugins/cyber_engine_tweaks/mods/Car Mod Shop/functions/lang.lua	567	0.001	2025-10-06T19:05:11.8654151Z
bin/x64/plugins/cyber_engine_tweaks/mods/Car Mod Shop/functions/main_functions.lua	11357	0.011	2025-10-06T19:05:11.8683987Z
bin/x64/plugins/cyber_engine_tweaks/mods/Car Mod Shop/functions/tweakdb_record_types - Copy.lua	6223	0.006	2025-10-06T19:05:09.6662330Z
bin/x64/plugins/cyber_engine_tweaks/mods/Car Mod Shop/functions/tweakdb_record_types.lua	4471	0.004	2025-10-06T19:05:11.8703995Z
bin/x64/plugins/cyber_engine_tweaks/mods/Car Mod Shop/init.lua	97184	0.093	2025-10-06T19:05:11.8358912Z
bin/x64/plugins/cyber_engine_tweaks/mods/Car Mod Shop/localization/ar-ar.lua	8728	0.008	2025-10-06T19:05:11.8735409Z
bin/x64/plugins/cyber_engine_tweaks/mods/Car Mod Shop/localization/cz-cz.lua	7642	0.007	2025-10-06T19:05:11.8755521Z
bin/x64/plugins/cyber_engine_tweaks/mods/Car Mod Shop/localization/de-de.lua	7037	0.007	2025-10-06T19:05:11.8775392Z
bin/x64/plugins/cyber_engine_tweaks/mods/Car Mod Shop/localization/en-us.lua	6742	0.006	2025-10-06T19:05:11.8805191Z
bin/x64/plugins/cyber_engine_tweaks/mods/Car Mod Shop/localization/es-es.lua	7311	0.007	2025-10-06T19:05:11.8825375Z
bin/x64/plugins/cyber_engine_tweaks/mods/Car Mod Shop/localization/es-mx.lua	7311	0.007	2025-10-06T19:05:11.8845187Z
bin/x64/plugins/cyber_engine_tweaks/mods/Car Mod Shop/localization/fr-fr.lua	7486	0.007	2025-10-06T19:05:11.8875198Z
bin/x64/plugins/cyber_engine_tweaks/mods/Car Mod Shop/localization/hu-hu.lua	7445	0.007	2025-10-06T19:05:11.8895202Z
bin/x64/plugins/cyber_engine_tweaks/mods/Car Mod Shop/localization/it-it.lua	13154	0.013	2025-10-06T19:05:11.8925199Z
bin/x64/plugins/cyber_engine_tweaks/mods/Car Mod Shop/localization/jp-jp.lua	7790	0.007	2025-10-06T19:05:11.8945201Z
bin/x64/plugins/cyber_engine_tweaks/mods/Car Mod Shop/localization/kr-kr.lua	7176	0.007	2025-10-06T19:05:11.8971041Z
bin/x64/plugins/cyber_engine_tweaks/mods/Car Mod Shop/localization/pl-pl.lua	7132	0.007	2025-10-06T19:05:11.8991038Z
bin/x64/plugins/cyber_engine_tweaks/mods/Car Mod Shop/localization/pt-br.lua	7341	0.007	2025-10-06T19:05:11.9011051Z
bin/x64/plugins/cyber_engine_tweaks/mods/Car Mod Shop/localization/ru-ru.lua	9988	0.010	2025-10-06T19:05:11.9031036Z
bin/x64/plugins/cyber_engine_tweaks/mods/Car Mod Shop/localization/th-th.lua	11547	0.011	2025-10-06T19:05:11.9051049Z
bin/x64/plugins/cyber_engine_tweaks/mods/Car Mod Shop/localization/tr-tr.lua	7191	0.007	2025-10-06T19:05:11.9081053Z
bin/x64/plugins/cyber_engine_tweaks/mods/Car Mod Shop/localization/ua-ua.lua	10393	0.010	2025-10-06T19:05:11.9101052Z
bin/x64/plugins/cyber_engine_tweaks/mods/Car Mod Shop/localization/zh-cn.lua	6240	0.006	2025-10-06T19:05:11.9121053Z
bin/x64/plugins/cyber_engine_tweaks/mods/Car Mod Shop/localization/zh-tw.lua	6436	0.006	2025-10-06T19:05:11.9141054Z
bin/x64/plugins/cyber_engine_tweaks/mods/Car Mod Shop/locations/CMS_Base_Location.lua	1141	0.001	2025-10-06T19:05:09.7683403Z
bin/x64/plugins/cyber_engine_tweaks/mods/Car Mod Shop/locations/CMS_CC_Location.lua	538	0.001	2026-06-08T07:29:24.9728158Z
bin/x64/plugins/cyber_engine_tweaks/mods/Car Mod Shop/locations/CMS_GLE_Location.lua	562	0.001	2026-06-08T07:29:24.9758152Z
bin/x64/plugins/cyber_engine_tweaks/mods/Car Mod Shop/locations/CMS_H10_Location.lua	561	0.001	2026-06-08T07:29:24.9798161Z
bin/x64/plugins/cyber_engine_tweaks/mods/Car Mod Shop/locations/CMS_JIG_Location.lua	538	0.001	2026-06-08T07:29:24.9828158Z
bin/x64/plugins/cyber_engine_tweaks/mods/Car Mod Shop/locations/CMS_NOR_Location.lua	560	0.001	2026-06-08T07:29:24.9858158Z
bin/x64/plugins/cyber_engine_tweaks/mods/Car Mod Shop/locations/CMS_PAC_Location.lua	561	0.001	2026-06-08T07:29:24.9898162Z
bin/x64/plugins/cyber_engine_tweaks/mods/Car Mod Shop/locations/CMS_RR_Location.lua	544	0.001	2026-06-08T07:29:24.9938158Z
bin/x64/plugins/cyber_engine_tweaks/mods/Car Mod Shop/locations/CMS_SDM_Location.lua	543	0.001	2026-06-08T07:29:24.9968151Z
bin/x64/plugins/cyber_engine_tweaks/mods/Car Mod Shop/locations/CMS_sunset_Location.lua	546	0.001	2026-06-08T07:29:24.9998151Z
bin/x64/plugins/cyber_engine_tweaks/mods/Car Mod Shop/locations/CMS_TIR_Location.lua	567	0.001	2026-06-08T07:29:25.0028164Z
bin/x64/plugins/cyber_engine_tweaks/mods/Car Mod Shop/locations/CMS_Wat_Location.lua	553	0.001	2026-06-08T07:29:25.0068161Z
bin/x64/plugins/cyber_engine_tweaks/mods/Car Mod Shop/parts/brakes/part_brakes_s1_crossdrilledrotors.lua	1049	0.001	2025-10-06T19:05:11.9181055Z
bin/x64/plugins/cyber_engine_tweaks/mods/Car Mod Shop/parts/brakes/part_brakes_s1_steelbraidedbrakeliens.lua	1068	0.001	2025-10-06T19:05:11.9205742Z
bin/x64/plugins/cyber_engine_tweaks/mods/Car Mod Shop/parts/brakes/part_brakes_s1_streetcompoundbrakepads.lua	1076	0.001	2025-10-06T19:05:11.9225504Z
bin/x64/plugins/cyber_engine_tweaks/mods/Car Mod Shop/parts/brakes/part_brakes_s2_largediameterrotors.lua	1054	0.001	2025-10-06T19:05:11.9240423Z
bin/x64/plugins/cyber_engine_tweaks/mods/Car Mod Shop/parts/brakes/part_brakes_s2_racecompoundbrakepads.lua	1064	0.001	2025-10-06T19:05:11.9269384Z
bin/x64/plugins/cyber_engine_tweaks/mods/Car Mod Shop/parts/brakes/part_brakes_s3_6pistonracingcalipers.lua	1064	0.001	2025-10-06T19:05:11.9289793Z
bin/x64/plugins/cyber_engine_tweaks/mods/Car Mod Shop/parts/brakes/part_brakes_s3_crossdrilledandslottedrotors.lua	1104	0.001	2025-10-06T19:05:11.9309830Z
bin/x64/plugins/cyber_engine_tweaks/mods/Car Mod Shop/parts/ecu/part_ecu_s1_fuelfilter.lua	699	0.001	2025-10-06T19:05:11.9339860Z
bin/x64/plugins/cyber_engine_tweaks/mods/Car Mod Shop/parts/ecu/part_ecu_s1_fuelpressureregulator.lua	757	0.001	2025-10-06T19:05:11.9359868Z
bin/x64/plugins/cyber_engine_tweaks/mods/Car Mod Shop/parts/ecu/part_ecu_s1_fuelrail.lua	689	0.001	2025-10-06T19:05:11.9380034Z
bin/x64/plugins/cyber_engine_tweaks/mods/Car Mod Shop/parts/ecu/part_ecu_s2_highflowfuelpump.lua	734	0.001	2025-10-06T19:05:11.9399856Z
bin/x64/plugins/cyber_engine_tweaks/mods/Car Mod Shop/parts/ecu/part_ecu_s2_performancechip.lua	725	0.001	2025-10-06T19:05:11.9419861Z
bin/x64/plugins/cyber_engine_tweaks/mods/Car Mod Shop/parts/ecu/part_ecu_s3_enginemanagementunit.lua	935	0.001	2025-10-06T19:05:11.9449860Z
bin/x64/plugins/cyber_engine_tweaks/mods/Car Mod Shop/parts/ecu/part_ecu_s3_fuelinjectors.lua	716	0.001	2025-10-06T19:05:11.9460022Z
bin/x64/plugins/cyber_engine_tweaks/mods/Car Mod Shop/parts/engine/part_engine_s1_coldairintakesystem.lua	731	0.001	2025-10-06T19:05:11.9495142Z
bin/x64/plugins/cyber_engine_tweaks/mods/Car Mod Shop/parts/engine/part_engine_s1_mildcamshaftandcamgears.lua	786	0.001	2025-10-06T19:05:11.9525151Z
bin/x64/plugins/cyber_engine_tweaks/mods/Car Mod Shop/parts/engine/part_engine_s1_performanceexhaust.lua	755	0.001	2025-10-06T19:05:11.9555133Z
bin/x64/plugins/cyber_engine_tweaks/mods/Car Mod Shop/parts/engine/part_engine_s1_replaceheaders.lua	734	0.001	2025-10-06T19:05:11.9575299Z
bin/x64/plugins/cyber_engine_tweaks/mods/Car Mod Shop/parts/engine/part_engine_s1_turbo.lua	906	0.001	2025-10-06T19:05:11.9605141Z
bin/x64/plugins/cyber_engine_tweaks/mods/Car Mod Shop/parts/engine/part_engine_s2_catbackexhaustsystem.lua	772	0.001	2025-10-06T19:05:11.9625315Z
bin/x64/plugins/cyber_engine_tweaks/mods/Car Mod Shop/parts/engine/part_engine_s2_highflowintakemanifold.lua	778	0.001	2025-10-06T19:05:11.9649371Z
bin/x64/plugins/cyber_engine_tweaks/mods/Car Mod Shop/parts/engine/part_engine_s2_largerdiameterdownpipe.lua	776	0.001	2025-10-06T19:05:11.9679446Z
bin/x64/plugins/cyber_engine_tweaks/mods/Car Mod Shop/parts/engine/part_engine_s2_turbo.lua	909	0.001	2025-10-06T19:05:11.9699579Z
bin/x64/plugins/cyber_engine_tweaks/mods/Car Mod Shop/parts/engine/part_engine_s3_blueprinttheblock.lua	754	0.001	2025-10-06T19:05:11.9719594Z
bin/x64/plugins/cyber_engine_tweaks/mods/Car Mod Shop/parts/engine/part_engine_s3_highflowheaders.lua	742	0.001	2025-10-06T19:05:11.9739571Z
bin/x64/plugins/cyber_engine_tweaks/mods/Car Mod Shop/parts/engine/part_engine_s3_portandpolishheads.lua	762	0.001	2025-10-06T19:05:11.9769580Z
bin/x64/plugins/cyber_engine_tweaks/mods/Car Mod Shop/parts/engine/part_engine_s3_racingcamshaftandcamgears.lua	796	0.001	2025-10-06T19:05:11.9789408Z
bin/x64/plugins/cyber_engine_tweaks/mods/Car Mod Shop/parts/engine/part_engine_s3_turbo.lua	911	0.001	2025-10-06T19:05:11.9809580Z
bin/x64/plugins/cyber_engine_tweaks/mods/Car Mod Shop/parts/suspension/part_suspension_s1_sportspringsandshocks.lua	1025	0.001	2025-10-06T19:05:11.9839406Z
bin/x64/plugins/cyber_engine_tweaks/mods/Car Mod Shop/parts/suspension/part_suspension_s1_struttowerbar.lua	949	0.001	2025-10-06T19:05:11.9859451Z
bin/x64/plugins/cyber_engine_tweaks/mods/Car Mod Shop/parts/suspension/part_suspension_s2_frontandrearswaybars.lua	1018	0.001	2025-10-06T19:05:11.9879653Z
bin/x64/plugins/cyber_engine_tweaks/mods/Car Mod Shop/parts/suspension/part_suspension_s2_performancespringsandshocks.lua	1057	0.001	2025-10-06T19:05:11.9899597Z
bin/x64/plugins/cyber_engine_tweaks/mods/Car Mod Shop/parts/suspension/part_suspension_s3_coiloversuspensionsystem.lua	1039	0.001	2025-10-06T19:05:11.9919582Z
bin/x64/plugins/cyber_engine_tweaks/mods/Car Mod Shop/parts/suspension/part_suspension_s3_largediameterswaybars.lua	1021	0.001	2025-10-06T19:05:11.9939406Z
bin/x64/plugins/cyber_engine_tweaks/mods/Car Mod Shop/parts/tires/part_tires_s1_tires.lua	1328	0.001	2025-10-06T19:05:11.9979415Z
bin/x64/plugins/cyber_engine_tweaks/mods/Car Mod Shop/parts/tires/part_tires_s2_tires.lua	1322	0.001	2025-10-06T19:05:11.9999411Z
bin/x64/plugins/cyber_engine_tweaks/mods/Car Mod Shop/parts/tires/part_tires_s3_tires.lua	1333	0.001	2025-10-06T19:05:12.0029614Z
bin/x64/plugins/cyber_engine_tweaks/mods/Car Mod Shop/parts/transmission/part_transmission_s1_lightweightflywheel.lua	800	0.001	2025-10-06T19:05:12.0049585Z
bin/x64/plugins/cyber_engine_tweaks/mods/Car Mod Shop/parts/transmission/part_transmission_s1_shortshiftkit.lua	958	0.001	2025-10-06T19:05:12.0069578Z
bin/x64/plugins/cyber_engine_tweaks/mods/Car Mod Shop/parts/transmission/part_transmission_s2_highperformanceclutch.lua	998	0.001	2025-10-06T19:05:12.0089427Z
bin/x64/plugins/cyber_engine_tweaks/mods/Car Mod Shop/parts/transmission/part_transmission_s3_highperformancetransmission.lua	1385	0.001	2025-10-06T19:05:12.0119421Z
bin/x64/plugins/cyber_engine_tweaks/mods/Car Mod Shop/parts/weight_reduction/part_weightreduction_s1_lightweightcarpets.lua	1020	0.001	2025-10-06T19:05:12.0149432Z
bin/x64/plugins/cyber_engine_tweaks/mods/Car Mod Shop/parts/weight_reduction/part_weightreduction_s1_lightweightinteriorpanels.lua	1057	0.001	2025-10-06T19:05:12.0169429Z
bin/x64/plugins/cyber_engine_tweaks/mods/Car Mod Shop/parts/weight_reduction/part_weightreduction_s2_lightweightseats.lua	1012	0.001	2025-10-06T19:05:12.0189435Z
bin/x64/plugins/cyber_engine_tweaks/mods/Car Mod Shop/parts/weight_reduction/part_weightreduction_s2_lightweightwindows.lua	1022	0.001	2025-10-06T19:05:12.0219430Z
bin/x64/plugins/cyber_engine_tweaks/mods/Car Mod Shop/parts/weight_reduction/part_weightreduction_s3_foamfilledinterior.lua	1024	0.001	2025-10-06T19:05:12.0239430Z
bin/x64/plugins/cyber_engine_tweaks/mods/Car Mod Shop/parts/weight_reduction/part_weightreduction_s3_lightweightdoors.lua	1011	0.001	2025-10-06T19:05:12.0259616Z
bin/x64/plugins/cyber_engine_tweaks/mods/Car Mod Shop/ReadME	252	0.000	2025-10-06T19:05:11.8378914Z
bin/x64/plugins/cyber_engine_tweaks/mods/Car Mod Shop/ui/UIButton.lua	4539	0.004	2025-10-06T19:05:12.0279622Z
bin/x64/plugins/cyber_engine_tweaks/mods/Car Mod Shop/ui/UIPopupsManager.lua	1719	0.002	2025-10-06T19:05:12.0299577Z
bin/x64/plugins/cyber_engine_tweaks/mods/Car Mod Shop/ui/UIScroller.lua	6057	0.006	2025-10-06T19:05:12.0319423Z
bin/x64/plugins/cyber_engine_tweaks/mods/CleanEffects/db.sqlite3	0	0.000	2025-07-18T08:04:34.0000000Z
bin/x64/plugins/cyber_engine_tweaks/mods/CleanEffects/init.lua	9767	0.009	2025-07-18T07:38:08.0000000Z
bin/x64/plugins/cyber_engine_tweaks/mods/CleanEffects/settings.json	437	0.000	2025-10-07T17:04:38.7600781Z
bin/x64/plugins/cyber_engine_tweaks/mods/Cyberarms_Patch/db.sqlite3	0	0.000	2025-07-18T07:40:04.0000000Z
bin/x64/plugins/cyber_engine_tweaks/mods/Cyberarms_Patch/init.lua	5116	0.005	2025-07-18T07:40:04.0000000Z
bin/x64/plugins/cyber_engine_tweaks/mods/cyberscript/assets/character/johnny.json	174	0.000	2025-07-18T07:38:32.0000000Z
bin/x64/plugins/cyber_engine_tweaks/mods/cyberscript/assets/character/placeholder	0	0.000	2025-07-18T07:38:32.0000000Z
bin/x64/plugins/cyber_engine_tweaks/mods/cyberscript/assets/character/radio.json	188	0.000	2025-07-18T07:38:32.0000000Z
bin/x64/plugins/cyber_engine_tweaks/mods/cyberscript/assets/character/workspot.json	149	0.000	2025-07-18T07:38:32.0000000Z
bin/x64/plugins/cyber_engine_tweaks/mods/cyberscript/assets/character/workspot_vehicle.json	167	0.000	2025-07-18T07:38:32.0000000Z
bin/x64/plugins/cyber_engine_tweaks/mods/cyberscript/assets/faction/faction_afterlife.json	1969	0.002	2025-07-18T07:38:32.0000000Z
bin/x64/plugins/cyber_engine_tweaks/mods/cyberscript/assets/faction/faction_aldecaldos.json	1407	0.001	2025-07-18T07:38:32.0000000Z
bin/x64/plugins/cyber_engine_tweaks/mods/cyberscript/assets/faction/faction_animals.json	2237	0.002	2025-07-18T07:38:32.0000000Z
bin/x64/plugins/cyber_engine_tweaks/mods/cyberscript/assets/faction/faction_arasaka.json	4818	0.005	2025-07-18T07:38:32.0000000Z
bin/x64/plugins/cyber_engine_tweaks/mods/cyberscript/assets/faction/faction_delamain.json	2165	0.002	2025-07-18T07:38:32.0000000Z
bin/x64/plugins/cyber_engine_tweaks/mods/cyberscript/assets/faction/faction_kangtao.json	1249	0.001	2025-07-18T07:38:32.0000000Z
bin/x64/plugins/cyber_engine_tweaks/mods/cyberscript/assets/faction/faction_maelstrom.json	4219	0.004	2025-07-18T07:38:32.0000000Z
bin/x64/plugins/cyber_engine_tweaks/mods/cyberscript/assets/faction/faction_maxtac.json	936	0.001	2025-07-18T07:38:32.0000000Z
bin/x64/plugins/cyber_engine_tweaks/mods/cyberscript/assets/faction/faction_militech.json	3249	0.003	2025-07-18T07:38:32.0000000Z
bin/x64/plugins/cyber_engine_tweaks/mods/cyberscript/assets/faction/faction_mox.json	1023	0.001	2025-07-18T07:38:32.0000000Z
bin/x64/plugins/cyber_engine_tweaks/mods/cyberscript/assets/faction/faction_ncpd.json	5806	0.006	2025-07-18T07:38:32.0000000Z
bin/x64/plugins/cyber_engine_tweaks/mods/cyberscript/assets/faction/faction_scavengers.json	6129	0.006	2025-07-18T07:38:32.0000000Z
bin/x64/plugins/cyber_engine_tweaks/mods/cyberscript/assets/faction/faction_sixthstreet.json	3814	0.004	2025-07-18T07:38:32.0000000Z
bin/x64/plugins/cyber_engine_tweaks/mods/cyberscript/assets/faction/faction_trauma.json	924	0.001	2025-07-18T07:38:32.0000000Z
bin/x64/plugins/cyber_engine_tweaks/mods/cyberscript/assets/faction/faction_tygerclaws.json	9021	0.009	2025-07-18T07:38:32.0000000Z
bin/x64/plugins/cyber_engine_tweaks/mods/cyberscript/assets/faction/faction_valentinos.json	1777	0.002	2025-07-18T07:38:32.0000000Z
bin/x64/plugins/cyber_engine_tweaks/mods/cyberscript/assets/faction/faction_voodooboys.json	1762	0.002	2025-07-18T07:38:32.0000000Z
bin/x64/plugins/cyber_engine_tweaks/mods/cyberscript/assets/faction/faction_wraiths.json	2601	0.002	2025-07-18T07:38:32.0000000Z
bin/x64/plugins/cyber_engine_tweaks/mods/cyberscript/assets/faction/placeholder	0	0.000	2025-07-18T07:38:32.0000000Z
bin/x64/plugins/cyber_engine_tweaks/mods/cyberscript/assets/fixer/fixer_captain.json	412	0.000	2025-07-18T07:38:32.0000000Z
bin/x64/plugins/cyber_engine_tweaks/mods/cyberscript/assets/fixer/fixer_CoachFred.json	384	0.000	2025-07-18T07:38:32.0000000Z
bin/x64/plugins/cyber_engine_tweaks/mods/cyberscript/assets/fixer/fixer_Dakota.json	373	0.000	2025-07-18T07:38:32.0000000Z
bin/x64/plugins/cyber_engine_tweaks/mods/cyberscript/assets/fixer/fixer_Dino.json	374	0.000	2025-07-18T07:38:32.0000000Z
bin/x64/plugins/cyber_engine_tweaks/mods/cyberscript/assets/fixer/fixer_jean.json	508	0.000	2025-07-18T07:38:32.0000000Z
bin/x64/plugins/cyber_engine_tweaks/mods/cyberscript/assets/fixer/fixer_kangtao.json	435	0.000	2025-07-18T07:38:32.0000000Z
bin/x64/plugins/cyber_engine_tweaks/mods/cyberscript/assets/fixer/fixer_maxtac.json	488	0.000	2025-07-18T07:38:32.0000000Z
bin/x64/plugins/cyber_engine_tweaks/mods/cyberscript/assets/fixer/fixer_meredith.json	390	0.000	2025-07-18T07:38:32.0000000Z
bin/x64/plugins/cyber_engine_tweaks/mods/cyberscript/assets/fixer/fixer_michiko.json	406	0.000	2025-07-18T07:38:32.0000000Z
bin/x64/plugins/cyber_engine_tweaks/mods/cyberscript/assets/fixer/fixer_Nash.json	370	0.000	2025-07-18T07:38:32.0000000Z
bin/x64/plugins/cyber_engine_tweaks/mods/cyberscript/assets/fixer/fixer_padre.json	389	0.000	2025-07-18T07:38:32.0000000Z
bin/x64/plugins/cyber_engine_tweaks/mods/cyberscript/assets/fixer/fixer_Patricia.json	376	0.000	2025-07-18T07:38:32.0000000Z
bin/x64/plugins/cyber_engine_tweaks/mods/cyberscript/assets/fixer/fixer_Regina.json	372	0.000	2025-07-18T07:38:32.0000000Z
bin/x64/plugins/cyber_engine_tweaks/mods/cyberscript/assets/fixer/fixer_Rita Mox.json	378	0.000	2025-07-18T07:38:32.0000000Z
bin/x64/plugins/cyber_engine_tweaks/mods/cyberscript/assets/fixer/fixer_rogue.json	394	0.000	2025-07-18T07:38:32.0000000Z
bin/x64/plugins/cyber_engine_tweaks/mods/cyberscript/assets/fixer/fixer_traumateam.json	408	0.000	2025-07-18T07:38:32.0000000Z
bin/x64/plugins/cyber_engine_tweaks/mods/cyberscript/assets/fixer/fixer_wakako.json	373	0.000	2025-07-18T07:38:32.0000000Z
bin/x64/plugins/cyber_engine_tweaks/mods/cyberscript/assets/fixer/placeholder	0	0.000	2025-07-18T07:38:32.0000000Z
bin/x64/plugins/cyber_engine_tweaks/mods/cyberscript/assets/hud/placeholder	0	0.000	2025-07-18T07:38:32.0000000Z
bin/x64/plugins/cyber_engine_tweaks/mods/cyberscript/assets/interact/open_datapack_group_ui.json	325	0.000	2025-07-18T07:38:32.0000000Z
bin/x64/plugins/cyber_engine_tweaks/mods/cyberscript/assets/interact/placeholder	314	0.000	2025-07-18T07:38:32.0000000Z
bin/x64/plugins/cyber_engine_tweaks/mods/cyberscript/assets/lang/default.json	24895	0.024	2025-07-18T07:38:32.0000000Z
bin/x64/plugins/cyber_engine_tweaks/mods/cyberscript/assets/place/placeholder	0	0.000	2025-07-18T07:38:32.0000000Z
bin/x64/plugins/cyber_engine_tweaks/mods/cyberscript/assets/place/vapart.json	3163	0.003	2025-07-18T07:38:32.0000000Z
bin/x64/plugins/cyber_engine_tweaks/mods/cyberscript/assets/poi/Car_chase_POis.json	228636	0.218	2025-07-18T07:38:32.0000000Z
bin/x64/plugins/cyber_engine_tweaks/mods/cyberscript/assets/poi/Car_crash_Pois.json	10078	0.010	2025-07-18T07:38:32.0000000Z
bin/x64/plugins/cyber_engine_tweaks/mods/cyberscript/assets/poi/CAR_PATROLLINGs.json	87061	0.083	2025-07-18T07:38:32.0000000Z
bin/x64/plugins/cyber_engine_tweaks/mods/cyberscript/assets/poi/Crowd_POIs.json	623646	0.595	2025-07-18T07:38:32.0000000Z
bin/x64/plugins/cyber_engine_tweaks/mods/cyberscript/assets/poi/Crowds_Service.json	294308	0.281	2025-07-18T07:38:32.0000000Z
bin/x64/plugins/cyber_engine_tweaks/mods/cyberscript/assets/poi/placeholder	0	0.000	2025-07-18T07:38:32.0000000Z
bin/x64/plugins/cyber_engine_tweaks/mods/cyberscript/datapack/Hidden Gems Locations On Map/desc.json	322	0.000	2025-07-18T07:38:17.0000000Z
bin/x64/plugins/cyber_engine_tweaks/mods/cyberscript/datapack/Hidden Gems Locations On Map/event/check__loc_ma_hey_gle_101_onscreen_01.json	4052	0.004	2025-07-18T07:38:17.0000000Z
bin/x64/plugins/cyber_engine_tweaks/mods/cyberscript/datapack/Hidden Gems Locations On Map/event/check__loc_ma_hey_gle_101_onscreen_01_taken.json	2906	0.003	2025-07-18T07:38:17.0000000Z
bin/x64/plugins/cyber_engine_tweaks/mods/cyberscript/datapack/Hidden Gems Locations On Map/event/check__loc_ma_hey_gle_102_onscreen_01.json	4086	0.004	2025-07-18T07:38:17.0000000Z
bin/x64/plugins/cyber_engine_tweaks/mods/cyberscript/datapack/Hidden Gems Locations On Map/event/check__loc_ma_hey_gle_102_onscreen_01_taken.json	2877	0.003	2025-07-18T07:38:17.0000000Z
bin/x64/plugins/cyber_engine_tweaks/mods/cyberscript/datapack/Hidden Gems Locations On Map/event/check__loc_ma_hey_gle_103_onscreen_01.json	4049	0.004	2025-07-18T07:38:17.0000000Z
bin/x64/plugins/cyber_engine_tweaks/mods/cyberscript/datapack/Hidden Gems Locations On Map/event/check__loc_ma_hey_gle_103_onscreen_01_taken.json	2906	0.003	2025-07-18T07:38:17.0000000Z
bin/x64/plugins/cyber_engine_tweaks/mods/cyberscript/datapack/Hidden Gems Locations On Map/event/check__loc_ma_hey_gle_104_onscreen_01.json	4055	0.004	2025-07-18T07:38:17.0000000Z
bin/x64/plugins/cyber_engine_tweaks/mods/cyberscript/datapack/Hidden Gems Locations On Map/event/check__loc_ma_hey_gle_104_onscreen_01_taken.json	2906	0.003	2025-07-18T07:38:17.0000000Z
bin/x64/plugins/cyber_engine_tweaks/mods/cyberscript/datapack/Hidden Gems Locations On Map/event/check__loc_ma_hey_gle_105_onscreen_01.json	4054	0.004	2025-07-18T07:38:17.0000000Z
bin/x64/plugins/cyber_engine_tweaks/mods/cyberscript/datapack/Hidden Gems Locations On Map/event/check__loc_ma_hey_gle_105_onscreen_01_taken.json	2906	0.003	2025-07-18T07:38:17.0000000Z
bin/x64/plugins/cyber_engine_tweaks/mods/cyberscript/datapack/Hidden Gems Locations On Map/event/check__loc_ma_hey_gle_106_onscreen_01.json	4048	0.004	2025-07-18T07:38:17.0000000Z
bin/x64/plugins/cyber_engine_tweaks/mods/cyberscript/datapack/Hidden Gems Locations On Map/event/check__loc_ma_hey_gle_106_onscreen_01_taken.json	2906	0.003	2025-07-18T07:38:17.0000000Z
bin/x64/plugins/cyber_engine_tweaks/mods/cyberscript/datapack/Hidden Gems Locations On Map/event/check__loc_ma_hey_gle_107_onscreen_01.json	4060	0.004	2025-07-18T07:38:17.0000000Z
bin/x64/plugins/cyber_engine_tweaks/mods/cyberscript/datapack/Hidden Gems Locations On Map/event/check__loc_ma_hey_gle_107_onscreen_01_taken.json	2906	0.003	2025-07-18T07:38:17.0000000Z
bin/x64/plugins/cyber_engine_tweaks/mods/cyberscript/datapack/Hidden Gems Locations On Map/event/check__loc_ma_hey_gle_108_onscreen_01.json	4052	0.004	2025-07-18T07:38:17.0000000Z
bin/x64/plugins/cyber_engine_tweaks/mods/cyberscript/datapack/Hidden Gems Locations On Map/event/check__loc_ma_hey_gle_108_onscreen_01_taken.json	2906	0.003	2025-07-18T07:38:17.0000000Z
bin/x64/plugins/cyber_engine_tweaks/mods/cyberscript/datapack/Hidden Gems Locations On Map/event/check__loc_ma_hey_gle_109_onscreen_01.json	4053	0.004	2025-07-18T07:38:17.0000000Z
bin/x64/plugins/cyber_engine_tweaks/mods/cyberscript/datapack/Hidden Gems Locations On Map/event/check__loc_ma_hey_gle_109_onscreen_01_taken.json	2906	0.003	2025-07-18T07:38:17.0000000Z
bin/x64/plugins/cyber_engine_tweaks/mods/cyberscript/datapack/Hidden Gems Locations On Map/event/check__loc_ma_hey_gle_110_onscreen_01.json	4054	0.004	2025-07-18T07:38:17.0000000Z
bin/x64/plugins/cyber_engine_tweaks/mods/cyberscript/datapack/Hidden Gems Locations On Map/event/check__loc_ma_hey_gle_110_onscreen_01_taken.json	2906	0.003	2025-07-18T07:38:17.0000000Z
bin/x64/plugins/cyber_engine_tweaks/mods/cyberscript/datapack/Hidden Gems Locations On Map/event/check__loc_ma_hey_rey_107_onscreen_01.json	4089	0.004	2025-07-18T07:38:17.0000000Z
bin/x64/plugins/cyber_engine_tweaks/mods/cyberscript/datapack/Hidden Gems Locations On Map/event/check__loc_ma_hey_rey_107_onscreen_01_taken.json	2906	0.003	2025-07-18T07:38:17.0000000Z
bin/x64/plugins/cyber_engine_tweaks/mods/cyberscript/datapack/Hidden Gems Locations On Map/event/check__loc_ma_hey_rey_108_onscreen_sergei_dead.json	4080	0.004	2025-07-18T07:38:17.0000000Z
bin/x64/plugins/cyber_engine_tweaks/mods/cyberscript/datapack/Hidden Gems Locations On Map/event/check__loc_ma_hey_rey_108_onscreen_sergei_dead_taken.json	2942	0.003	2025-07-18T07:38:17.0000000Z
bin/x64/plugins/cyber_engine_tweaks/mods/cyberscript/datapack/Hidden Gems Locations On Map/event/check__loc_ma_hey_rey_109_onscreen_01.json	4052	0.004	2025-07-18T07:38:17.0000000Z
bin/x64/plugins/cyber_engine_tweaks/mods/cyberscript/datapack/Hidden Gems Locations On Map/event/check__loc_ma_hey_rey_109_onscreen_01_taken.json	2906	0.003	2025-07-18T07:38:17.0000000Z
bin/x64/plugins/cyber_engine_tweaks/mods/cyberscript/datapack/Hidden Gems Locations On Map/event/check__loc_ma_hey_rey_110_onscreen_01.json	4050	0.004	2025-07-18T07:38:17.0000000Z
bin/x64/plugins/cyber_engine_tweaks/mods/cyberscript/datapack/Hidden Gems Locations On Map/event/check__loc_ma_hey_rey_110_onscreen_01_taken.json	2906	0.003	2025-07-18T07:38:17.0000000Z
bin/x64/plugins/cyber_engine_tweaks/mods/cyberscript/datapack/Hidden Gems Locations On Map/event/check__loc_ma_hey_rey_111_onscreen_01.json	4055	0.004	2025-07-18T07:38:17.0000000Z
bin/x64/plugins/cyber_engine_tweaks/mods/cyberscript/datapack/Hidden Gems Locations On Map/event/check__loc_ma_hey_rey_111_onscreen_01_taken.json	2906	0.003	2025-07-18T07:38:17.0000000Z
bin/x64/plugins/cyber_engine_tweaks/mods/cyberscript/datapack/Hidden Gems Locations On Map/event/check__loc_ma_hey_rey_112_onscreen_01.json	4056	0.004	2025-07-18T07:38:17.0000000Z
bin/x64/plugins/cyber_engine_tweaks/mods/cyberscript/datapack/Hidden Gems Locations On Map/event/check__loc_ma_hey_rey_112_onscreen_01_taken.json	2906	0.003	2025-07-18T07:38:17.0000000Z
bin/x64/plugins/cyber_engine_tweaks/mods/cyberscript/datapack/Hidden Gems Locations On Map/event/check__loc_ma_hey_rey_113_onscreen_01.json	4054	0.004	2025-07-18T07:38:17.0000000Z
bin/x64/plugins/cyber_engine_tweaks/mods/cyberscript/datapack/Hidden Gems Locations On Map/event/check__loc_ma_hey_rey_113_onscreen_01_taken.json	2906	0.003	2025-07-18T07:38:17.0000000Z
bin/x64/plugins/cyber_engine_tweaks/mods/cyberscript/datapack/Hidden Gems Locations On Map/event/check__loc_ma_hey_rey_114_onscreen_01.json	4051	0.004	2025-07-18T07:38:17.0000000Z
bin/x64/plugins/cyber_engine_tweaks/mods/cyberscript/datapack/Hidden Gems Locations On Map/event/check__loc_ma_hey_rey_114_onscreen_01_taken.json	2906	0.003	2025-07-18T07:38:17.0000000Z
bin/x64/plugins/cyber_engine_tweaks/mods/cyberscript/datapack/Hidden Gems Locations On Map/event/check__loc_ma_hey_rey_115_onscreen_01.json	4055	0.004	2025-07-18T07:38:17.0000000Z
bin/x64/plugins/cyber_engine_tweaks/mods/cyberscript/datapack/Hidden Gems Locations On Map/event/check__loc_ma_hey_rey_115_onscreen_01_taken.json	2906	0.003	2025-07-18T07:38:17.0000000Z
bin/x64/plugins/cyber_engine_tweaks/mods/cyberscript/datapack/Hidden Gems Locations On Map/event/check__loc_ma_hey_spr_101_onscreen_01.json	4052	0.004	2025-07-18T07:38:17.0000000Z
bin/x64/plugins/cyber_engine_tweaks/mods/cyberscript/datapack/Hidden Gems Locations On Map/event/check__loc_ma_hey_spr_101_onscreen_01_taken.json	2906	0.003	2025-07-18T07:38:17.0000000Z
bin/x64/plugins/cyber_engine_tweaks/mods/cyberscript/datapack/Hidden Gems Locations On Map/event/check__loc_ma_hey_spr_102_onscreen_01.json	4051	0.004	2025-07-18T07:38:17.0000000Z
bin/x64/plugins/cyber_engine_tweaks/mods/cyberscript/datapack/Hidden Gems Locations On Map/event/check__loc_ma_hey_spr_102_onscreen_01_taken.json	2906	0.003	2025-07-18T07:38:17.0000000Z
bin/x64/plugins/cyber_engine_tweaks/mods/cyberscript/datapack/Hidden Gems Locations On Map/event/check__loc_ma_hey_spr_103_onscreen_01.json	4047	0.004	2025-07-18T07:38:17.0000000Z
bin/x64/plugins/cyber_engine_tweaks/mods/cyberscript/datapack/Hidden Gems Locations On Map/event/check__loc_ma_hey_spr_103_onscreen_01_taken.json	2906	0.003	2025-07-18T07:38:17.0000000Z
bin/x64/plugins/cyber_engine_tweaks/mods/cyberscript/datapack/Hidden Gems Locations On Map/event/check__loc_ma_hey_spr_104_onscreen_01.json	4052	0.004	2025-07-18T07:38:17.0000000Z
bin/x64/plugins/cyber_engine_tweaks/mods/cyberscript/datapack/Hidden Gems Locations On Map/event/check__loc_ma_hey_spr_104_onscreen_01_taken.json	2906	0.003	2025-07-18T07:38:17.0000000Z
bin/x64/plugins/cyber_engine_tweaks/mods/cyberscript/datapack/Hidden Gems Locations On Map/event/check__loc_ma_hey_spr_105_onscreen_01.json	4053	0.004	2025-07-18T07:38:17.0000000Z
bin/x64/plugins/cyber_engine_tweaks/mods/cyberscript/datapack/Hidden Gems Locations On Map/event/check__loc_ma_hey_spr_105_onscreen_01_taken.json	2906	0.003	2025-07-18T07:38:17.0000000Z
bin/x64/plugins/cyber_engine_tweaks/mods/cyberscript/datapack/Hidden Gems Locations On Map/event/check__loc_ma_hey_spr_106_onscreen_01.json	4052	0.004	2025-07-18T07:38:17.0000000Z
bin/x64/plugins/cyber_engine_tweaks/mods/cyberscript/datapack/Hidden Gems Locations On Map/event/check__loc_ma_hey_spr_106_onscreen_01_taken.json	2906	0.003	2025-07-18T07:38:17.0000000Z
bin/x64/plugins/cyber_engine_tweaks/mods/cyberscript/datapack/Hidden Gems Locations On Map/event/check__loc_ma_hey_spr_107_onscreen_01.json	4047	0.004	2025-07-18T07:38:17.0000000Z
bin/x64/plugins/cyber_engine_tweaks/mods/cyberscript/datapack/Hidden Gems Locations On Map/event/check__loc_ma_hey_spr_107_onscreen_01_taken.json	2906	0.003	2025-07-18T07:38:17.0000000Z
bin/x64/plugins/cyber_engine_tweaks/mods/cyberscript/datapack/Hidden Gems Locations On Map/event/check__loc_ma_hey_spr_108_onscreen_01.json	4053	0.004	2025-07-18T07:38:17.0000000Z
bin/x64/plugins/cyber_engine_tweaks/mods/cyberscript/datapack/Hidden Gems Locations On Map/event/check__loc_ma_hey_spr_108_onscreen_01_taken.json	2906	0.003	2025-07-18T07:38:17.0000000Z
bin/x64/plugins/cyber_engine_tweaks/mods/cyberscript/datapack/Hidden Gems Locations On Map/event/check__ma_bls_ina_se1_10_onscreen_01.json	4044	0.004	2025-07-18T07:38:17.0000000Z
bin/x64/plugins/cyber_engine_tweaks/mods/cyberscript/datapack/Hidden Gems Locations On Map/event/check__ma_bls_ina_se1_10_onscreen_01_taken.json	2885	0.003	2025-07-18T07:38:17.0000000Z
bin/x64/plugins/cyber_engine_tweaks/mods/cyberscript/datapack/Hidden Gems Locations On Map/event/check__ma_bls_ina_se1_11_onscreen_02.json	4044	0.004	2025-07-18T07:38:17.0000000Z
bin/x64/plugins/cyber_engine_tweaks/mods/cyberscript/datapack/Hidden Gems Locations On Map/event/check__ma_bls_ina_se1_11_onscreen_02_taken.json	2885	0.003	2025-07-18T07:38:17.0000000Z
bin/x64/plugins/cyber_engine_tweaks/mods/cyberscript/datapack/Hidden Gems Locations On Map/event/check__ma_bls_ina_se1_24_onscreen_01.json	4047	0.004	2025-07-18T07:38:17.0000000Z
bin/x64/plugins/cyber_engine_tweaks/mods/cyberscript/datapack/Hidden Gems Locations On Map/event/check__ma_bls_ina_se1_24_onscreen_01_taken.json	2885	0.003	2025-07-18T07:38:17.0000000Z
bin/x64/plugins/cyber_engine_tweaks/mods/cyberscript/datapack/Hidden Gems Locations On Map/event/check__ma_bls_ina_se1_25_onscreen_01.json	4043	0.004	2025-07-18T07:38:17.0000000Z
bin/x64/plugins/cyber_engine_tweaks/mods/cyberscript/datapack/Hidden Gems Locations On Map/event/check__ma_bls_ina_se1_25_onscreen_01_taken.json	2885	0.003	2025-07-18T07:38:17.0000000Z
bin/x64/plugins/cyber_engine_tweaks/mods/cyberscript/datapack/Hidden Gems Locations On Map/event/check__ma_bls_ina_se1_26_onscreen_01.json	4044	0.004	2025-07-18T07:38:17.0000000Z
bin/x64/plugins/cyber_engine_tweaks/mods/cyberscript/datapack/Hidden Gems Locations On Map/event/check__ma_bls_ina_se1_26_onscreen_01_taken.json	2885	0.003	2025-07-18T07:38:17.0000000Z
bin/x64/plugins/cyber_engine_tweaks/mods/cyberscript/datapack/Hidden Gems Locations On Map/event/check__ma_bls_ina_se1_27_onscreen_01.json	4048	0.004	2025-07-18T07:38:17.0000000Z
bin/x64/plugins/cyber_engine_tweaks/mods/cyberscript/datapack/Hidden Gems Locations On Map/event/check__ma_bls_ina_se1_27_onscreen_01_taken.json	2885	0.003	2025-07-18T07:38:17.0000000Z
bin/x64/plugins/cyber_engine_tweaks/mods/cyberscript/datapack/Hidden Gems Locations On Map/event/check__ma_bls_ina_se1_28_onscreen_01.json	4044	0.004	2025-07-18T07:38:17.0000000Z
bin/x64/plugins/cyber_engine_tweaks/mods/cyberscript/datapack/Hidden Gems Locations On Map/event/check__ma_bls_ina_se1_28_onscreen_01_taken.json	2885	0.003	2025-07-18T07:38:17.0000000Z
bin/x64/plugins/cyber_engine_tweaks/mods/cyberscript/datapack/Hidden Gems Locations On Map/event/check__ma_bls_ina_se1_31_onscreen_01.json	4050	0.004	2025-07-18T07:38:17.0000000Z
bin/x64/plugins/cyber_engine_tweaks/mods/cyberscript/datapack/Hidden Gems Locations On Map/event/check__ma_bls_ina_se1_31_onscreen_01_taken.json	2885	0.003	2025-07-18T07:38:17.0000000Z
bin/x64/plugins/cyber_engine_tweaks/mods/cyberscript/datapack/Hidden Gems Locations On Map/event/check__ma_bls_ina_se1_32_onscreen_01.json	4047	0.004	2025-07-18T07:38:17.0000000Z
bin/x64/plugins/cyber_engine_tweaks/mods/cyberscript/datapack/Hidden Gems Locations On Map/event/check__ma_bls_ina_se1_32_onscreen_01_taken.json	2885	0.003	2025-07-18T07:38:17.0000000Z
bin/x64/plugins/cyber_engine_tweaks/mods/cyberscript/datapack/Hidden Gems Locations On Map/event/check__ma_bls_ina_se1_33_onscreen_01.json	4047	0.004	2025-07-18T07:38:17.0000000Z
bin/x64/plugins/cyber_engine_tweaks/mods/cyberscript/datapack/Hidden Gems Locations On Map/event/check__ma_bls_ina_se1_33_onscreen_01_taken.json	2885	0.003	2025-07-18T07:38:17.0000000Z
bin/x64/plugins/cyber_engine_tweaks/mods/cyberscript/datapack/Hidden Gems Locations On Map/event/check__ma_bls_ina_se1_34_onscreen_01.json	4085	0.004	2025-07-18T07:38:17.0000000Z
bin/x64/plugins/cyber_engine_tweaks/mods/cyberscript/datapack/Hidden Gems Locations On Map/event/check__ma_bls_ina_se1_34_onscreen_01_taken.json	2885	0.003	2025-07-18T07:38:17.0000000Z
bin/x64/plugins/cyber_engine_tweaks/mods/cyberscript/datapack/Hidden Gems Locations On Map/event/check__ma_bls_ina_se1_35_onscreen_01.json	4036	0.004	2025-07-18T07:38:17.0000000Z
bin/x64/plugins/cyber_engine_tweaks/mods/cyberscript/datapack/Hidden Gems Locations On Map/event/check__ma_bls_ina_se1_35_onscreen_01_taken.json	2885	0.003	2025-07-18T07:38:17.0000000Z
bin/x64/plugins/cyber_engine_tweaks/mods/cyberscript/datapack/Hidden Gems Locations On Map/event/check__ma_bls_ina_se1_36_onscreen_01.json	4047	0.004	2025-07-18T07:38:17.0000000Z
bin/x64/plugins/cyber_engine_tweaks/mods/cyberscript/datapack/Hidden Gems Locations On Map/event/check__ma_bls_ina_se1_36_onscreen_01_taken.json	2885	0.003	2025-07-18T07:38:17.0000000Z
bin/x64/plugins/cyber_engine_tweaks/mods/cyberscript/datapack/Hidden Gems Locations On Map/event/check__ma_bls_ina_se1_37_onscreen_01.json	4048	0.004	2025-07-18T07:38:17.0000000Z
bin/x64/plugins/cyber_engine_tweaks/mods/cyberscript/datapack/Hidden Gems Locations On Map/event/check__ma_bls_ina_se1_37_onscreen_01_taken.json	2885	0.003	2025-07-18T07:38:17.0000000Z
bin/x64/plugins/cyber_engine_tweaks/mods/cyberscript/datapack/Hidden Gems Locations On Map/event/check__ma_bls_ina_se1_38_onscreen_01.json	4046	0.004	2025-07-18T07:38:17.0000000Z
bin/x64/plugins/cyber_engine_tweaks/mods/cyberscript/datapack/Hidden Gems Locations On Map/event/check__ma_bls_ina_se1_38_onscreen_01_taken.json	2885	0.003	2025-07-18T07:38:17.0000000Z
bin/x64/plugins/cyber_engine_tweaks/mods/cyberscript/datapack/Hidden Gems Locations On Map/event/check__ma_bls_ina_se1_39_onscreen_01.json	4042	0.004	2025-07-18T07:38:17.0000000Z
bin/x64/plugins/cyber_engine_tweaks/mods/cyberscript/datapack/Hidden Gems Locations On Map/event/check__ma_bls_ina_se1_39_onscreen_01_taken.json	2885	0.003	2025-07-18T07:38:17.0000000Z
bin/x64/plugins/cyber_engine_tweaks/mods/cyberscript/datapack/Hidden Gems Locations On Map/event/check__ma_bls_ina_se1_41_onscreen_01.json	4046	0.004	2025-07-18T07:38:17.0000000Z
bin/x64/plugins/cyber_engine_tweaks/mods/cyberscript/datapack/Hidden Gems Locations On Map/event/check__ma_bls_ina_se1_41_onscreen_01_taken.json	2885	0.003	2025-07-18T07:38:17.0000000Z
bin/x64/plugins/cyber_engine_tweaks/mods/cyberscript/datapack/Hidden Gems Locations On Map/event/check__ma_bls_ina_se1_42_onscreen_01.json	4047	0.004	2025-07-18T07:38:17.0000000Z
bin/x64/plugins/cyber_engine_tweaks/mods/cyberscript/datapack/Hidden Gems Locations On Map/event/check__ma_bls_ina_se1_42_onscreen_01_taken.json	2885	0.003	2025-07-18T07:38:17.0000000Z
bin/x64/plugins/cyber_engine_tweaks/mods/cyberscript/datapack/Hidden Gems Locations On Map/event/check__ma_bls_ina_se1_43_onscreen_01.json	4048	0.004	2025-07-18T07:38:17.0000000Z
bin/x64/plugins/cyber_engine_tweaks/mods/cyberscript/datapack/Hidden Gems Locations On Map/event/check__ma_bls_ina_se1_43_onscreen_01_taken.json	2885	0.003	2025-07-18T07:38:17.0000000Z
bin/x64/plugins/cyber_engine_tweaks/mods/cyberscript/datapack/Hidden Gems Locations On Map/event/check__ma_bls_ina_se5_04_onscreen_01.json	4047	0.004	2025-07-18T07:38:17.0000000Z
bin/x64/plugins/cyber_engine_tweaks/mods/cyberscript/datapack/Hidden Gems Locations On Map/event/check__ma_bls_ina_se5_04_onscreen_01_taken.json	2885	0.003	2025-07-18T07:38:17.0000000Z
bin/x64/plugins/cyber_engine_tweaks/mods/cyberscript/datapack/Hidden Gems Locations On Map/event/check__ma_bls_ina_se5_08_onscreen_01.json	4041	0.004	2025-07-18T07:38:17.0000000Z
bin/x64/plugins/cyber_engine_tweaks/mods/cyberscript/datapack/Hidden Gems Locations On Map/event/check__ma_bls_ina_se5_08_onscreen_01_taken.json	2885	0.003	2025-07-18T07:38:17.0000000Z
bin/x64/plugins/cyber_engine_tweaks/mods/cyberscript/datapack/Hidden Gems Locations On Map/event/check__ma_bls_ina_se5_09_onscreen_01.json	4050	0.004	2025-07-18T07:38:17.0000000Z
bin/x64/plugins/cyber_engine_tweaks/mods/cyberscript/datapack/Hidden Gems Locations On Map/event/check__ma_bls_ina_se5_09_onscreen_01_02.json	4050	0.004	2025-07-18T07:38:17.0000000Z
bin/x64/plugins/cyber_engine_tweaks/mods/cyberscript/datapack/Hidden Gems Locations On Map/event/check__ma_bls_ina_se5_09_onscreen_01_02_taken.json	2897	0.003	2025-07-18T07:38:17.0000000Z
bin/x64/plugins/cyber_engine_tweaks/mods/cyberscript/datapack/Hidden Gems Locations On Map/event/check__ma_bls_ina_se5_09_onscreen_01_taken.json	2885	0.003	2025-07-18T07:38:17.0000000Z
bin/x64/plugins/cyber_engine_tweaks/mods/cyberscript/datapack/Hidden Gems Locations On Map/event/check__ma_bls_ina_se5_09_onscreen_03.json	4051	0.004	2025-07-18T07:38:17.0000000Z
bin/x64/plugins/cyber_engine_tweaks/mods/cyberscript/datapack/Hidden Gems Locations On Map/event/check__ma_bls_ina_se5_09_onscreen_03_taken.json	2885	0.003	2025-07-18T07:38:17.0000000Z
bin/x64/plugins/cyber_engine_tweaks/mods/cyberscript/datapack/Hidden Gems Locations On Map/event/check__ma_bls_ina_se5_10_onscreen_01.json	4052	0.004	2025-07-18T07:38:17.0000000Z
bin/x64/plugins/cyber_engine_tweaks/mods/cyberscript/datapack/Hidden Gems Locations On Map/event/check__ma_bls_ina_se5_10_onscreen_01_taken.json	2885	0.003	2025-07-18T07:38:17.0000000Z
bin/x64/plugins/cyber_engine_tweaks/mods/cyberscript/datapack/Hidden Gems Locations On Map/event/check__ma_bls_ina_se5_17_onscreen_01.json	4053	0.004	2025-07-18T07:38:17.0000000Z
bin/x64/plugins/cyber_engine_tweaks/mods/cyberscript/datapack/Hidden Gems Locations On Map/event/check__ma_bls_ina_se5_17_onscreen_01_taken.json	2885	0.003	2025-07-18T07:38:17.0000000Z
bin/x64/plugins/cyber_engine_tweaks/mods/cyberscript/datapack/Hidden Gems Locations On Map/event/check__ma_bls_ina_se5_18_onscreen_01.json	4043	0.004	2025-07-18T07:38:17.0000000Z
bin/x64/plugins/cyber_engine_tweaks/mods/cyberscript/datapack/Hidden Gems Locations On Map/event/check__ma_bls_ina_se5_18_onscreen_01_taken.json	2885	0.003	2025-07-18T07:38:17.0000000Z
bin/x64/plugins/cyber_engine_tweaks/mods/cyberscript/datapack/Hidden Gems Locations On Map/event/check__ma_bls_ina_se5_19_onscreen_01.json	4051	0.004	2025-07-18T07:38:17.0000000Z
bin/x64/plugins/cyber_engine_tweaks/mods/cyberscript/datapack/Hidden Gems Locations On Map/event/check__ma_bls_ina_se5_19_onscreen_01_taken.json	2885	0.003	2025-07-18T07:38:17.0000000Z
bin/x64/plugins/cyber_engine_tweaks/mods/cyberscript/datapack/Hidden Gems Locations On Map/event/check__ma_bls_ina_se5_20_onscreen_01.json	4049	0.004	2025-07-18T07:38:17.0000000Z
bin/x64/plugins/cyber_engine_tweaks/mods/cyberscript/datapack/Hidden Gems Locations On Map/event/check__ma_bls_ina_se5_20_onscreen_01_taken.json	2885	0.003	2025-07-18T07:38:17.0000000Z
bin/x64/plugins/cyber_engine_tweaks/mods/cyberscript/datapack/Hidden Gems Locations On Map/event/check__ma_bls_ina_se5_21_onscreen_01.json	4047	0.004	2025-07-18T07:38:17.0000000Z
bin/x64/plugins/cyber_engine_tweaks/mods/cyberscript/datapack/Hidden Gems Locations On Map/event/check__ma_bls_ina_se5_21_onscreen_01_taken.json	2885	0.003	2025-07-18T07:38:17.0000000Z
bin/x64/plugins/cyber_engine_tweaks/mods/cyberscript/datapack/Hidden Gems Locations On Map/event/check__ma_bls_ina_se5_22_onscreen_01.json	4042	0.004	2025-07-18T07:38:17.0000000Z
bin/x64/plugins/cyber_engine_tweaks/mods/cyberscript/datapack/Hidden Gems Locations On Map/event/check__ma_bls_ina_se5_22_onscreen_01_taken.json	2885	0.003	2025-07-18T07:38:17.0000000Z
bin/x64/plugins/cyber_engine_tweaks/mods/cyberscript/datapack/Hidden Gems Locations On Map/event/check__ma_bls_ina_se5_23_onscreen_01.json	4050	0.004	2025-07-18T07:38:17.0000000Z
bin/x64/plugins/cyber_engine_tweaks/mods/cyberscript/datapack/Hidden Gems Locations On Map/event/check__ma_bls_ina_se5_23_onscreen_01_taken.json	2885	0.003	2025-07-18T07:38:17.0000000Z
bin/x64/plugins/cyber_engine_tweaks/mods/cyberscript/datapack/Hidden Gems Locations On Map/event/check__ma_bls_ina_se5_24_onscreen_01.json	4047	0.004	2025-07-18T07:38:17.0000000Z
bin/x64/plugins/cyber_engine_tweaks/mods/cyberscript/datapack/Hidden Gems Locations On Map/event/check__ma_bls_ina_se5_24_onscreen_01_taken.json	2885	0.003	2025-07-18T07:38:17.0000000Z
bin/x64/plugins/cyber_engine_tweaks/mods/cyberscript/datapack/Hidden Gems Locations On Map/event/check__ma_bls_ina_se5_25_onscreen_01.json	4051	0.004	2025-07-18T07:38:17.0000000Z
bin/x64/plugins/cyber_engine_tweaks/mods/cyberscript/datapack/Hidden Gems Locations On Map/event/check__ma_bls_ina_se5_25_onscreen_01_taken.json	2885	0.003	2025-07-18T07:38:17.0000000Z
bin/x64/plugins/cyber_engine_tweaks/mods/cyberscript/datapack/Hidden Gems Locations On Map/event/check__ma_bls_ina_se5_26_onscreen_01.json	4047	0.004	2025-07-18T07:38:17.0000000Z
bin/x64/plugins/cyber_engine_tweaks/mods/cyberscript/datapack/Hidden Gems Locations On Map/event/check__ma_bls_ina_se5_26_onscreen_01_taken.json	2885	0.003	2025-07-18T07:38:17.0000000Z
bin/x64/plugins/cyber_engine_tweaks/mods/cyberscript/datapack/Hidden Gems Locations On Map/event/check__ma_bls_ina_se5_27_onscreen_01.json	4049	0.004	2025-07-18T07:38:17.0000000Z
bin/x64/plugins/cyber_engine_tweaks/mods/cyberscript/datapack/Hidden Gems Locations On Map/event/check__ma_bls_ina_se5_27_onscreen_01_taken.json	2885	0.003	2025-07-18T07:38:17.0000000Z
bin/x64/plugins/cyber_engine_tweaks/mods/cyberscript/datapack/Hidden Gems Locations On Map/event/check__ma_bls_ina_se5_28_onscreen_01.json	4049	0.004	2025-07-18T07:38:17.0000000Z
bin/x64/plugins/cyber_engine_tweaks/mods/cyberscript/datapack/Hidden Gems Locations On Map/event/check__ma_bls_ina_se5_28_onscreen_01_taken.json	2885	0.003	2025-07-18T07:38:17.0000000Z
bin/x64/plugins/cyber_engine_tweaks/mods/cyberscript/datapack/Hidden Gems Locations On Map/event/check__ma_bls_ina_se5_29_onscreen_01.json	4042	0.004	2025-07-18T07:38:17.0000000Z
bin/x64/plugins/cyber_engine_tweaks/mods/cyberscript/datapack/Hidden Gems Locations On Map/event/check__ma_bls_ina_se5_29_onscreen_01_taken.json	2885	0.003	2025-07-18T07:38:17.0000000Z
bin/x64/plugins/cyber_engine_tweaks/mods/cyberscript/datapack/Hidden Gems Locations On Map/event/check__ma_bls_ina_se5_30_onscreen_01.json	4047	0.004	2025-07-18T07:38:17.0000000Z
bin/x64/plugins/cyber_engine_tweaks/mods/cyberscript/datapack/Hidden Gems Locations On Map/event/check__ma_bls_ina_se5_30_onscreen_01_taken.json	2885	0.003	2025-07-18T07:38:17.0000000Z
bin/x64/plugins/cyber_engine_tweaks/mods/cyberscript/datapack/Hidden Gems Locations On Map/event/check__ma_bls_ina_se5_31_onscreen_01.json	4046	0.004	2025-07-18T07:38:17.0000000Z
bin/x64/plugins/cyber_engine_tweaks/mods/cyberscript/datapack/Hidden Gems Locations On Map/event/check__ma_bls_ina_se5_31_onscreen_01_taken.json	2885	0.003	2025-07-18T07:38:17.0000000Z
bin/x64/plugins/cyber_engine_tweaks/mods/cyberscript/datapack/Hidden Gems Locations On Map/event/check__ma_bls_ina_se5_32_onscreen_01.json	4049	0.004	2025-07-18T07:38:17.0000000Z
bin/x64/plugins/cyber_engine_tweaks/mods/cyberscript/datapack/Hidden Gems Locations On Map/event/check__ma_bls_ina_se5_32_onscreen_01_taken.json	2885	0.003	2025-07-18T07:38:17.0000000Z
bin/x64/plugins/cyber_engine_tweaks/mods/cyberscript/datapack/Hidden Gems Locations On Map/event/check__ma_bls_ina_se5_35_onscreen_01.json	4052	0.004	2025-07-18T07:38:17.0000000Z
bin/x64/plugins/cyber_engine_tweaks/mods/cyberscript/datapack/Hidden Gems Locations On Map/event/check__ma_bls_ina_se5_35_onscreen_01_taken.json	2885	0.003	2025-07-18T07:38:17.0000000Z
bin/x64/plugins/cyber_engine_tweaks/mods/cyberscript/datapack/Hidden Gems Locations On Map/event/check__ma_bls_ina_se5_36_onscreen_01.json	4043	0.004	2025-07-18T07:38:17.0000000Z
bin/x64/plugins/cyber_engine_tweaks/mods/cyberscript/datapack/Hidden Gems Locations On Map/event/check__ma_bls_ina_se5_36_onscreen_01_taken.json	2885	0.003	2025-07-18T07:38:17.0000000Z
bin/x64/plugins/cyber_engine_tweaks/mods/cyberscript/datapack/Hidden Gems Locations On Map/event/check__ma_cct_cpz_03_onscreen_01.json	4038	0.004	2025-07-18T07:38:17.0000000Z
bin/x64/plugins/cyber_engine_tweaks/mods/cyberscript/datapack/Hidden Gems Locations On Map/event/check__ma_cct_cpz_03_onscreen_01_taken.json	2857	0.003	2025-07-18T07:38:17.0000000Z
bin/x64/plugins/cyber_engine_tweaks/mods/cyberscript/datapack/Hidden Gems Locations On Map/event/check__ma_cct_cpz_03_onscreen_02.json	4032	0.004	2025-07-18T07:38:17.0000000Z
bin/x64/plugins/cyber_engine_tweaks/mods/cyberscript/datapack/Hidden Gems Locations On Map/event/check__ma_cct_cpz_03_onscreen_02_taken.json	2857	0.003	2025-07-18T07:38:17.0000000Z
bin/x64/plugins/cyber_engine_tweaks/mods/cyberscript/datapack/Hidden Gems Locations On Map/event/check__ma_cct_cpz_101_onscreen_01.json	4037	0.004	2025-07-18T07:38:17.0000000Z
bin/x64/plugins/cyber_engine_tweaks/mods/cyberscript/datapack/Hidden Gems Locations On Map/event/check__ma_cct_cpz_101_onscreen_01_taken.json	2861	0.003	2025-07-18T07:38:17.0000000Z
bin/x64/plugins/cyber_engine_tweaks/mods/cyberscript/datapack/Hidden Gems Locations On Map/event/check__ma_cct_cpz_102_onscreen_01.json	4034	0.004	2025-07-18T07:38:17.0000000Z
bin/x64/plugins/cyber_engine_tweaks/mods/cyberscript/datapack/Hidden Gems Locations On Map/event/check__ma_cct_cpz_102_onscreen_01_taken.json	2861	0.003	2025-07-18T07:38:17.0000000Z
bin/x64/plugins/cyber_engine_tweaks/mods/cyberscript/datapack/Hidden Gems Locations On Map/event/check__ma_cct_cpz_103_onscreen_01.json	4567	0.004	2025-07-18T07:38:17.0000000Z
bin/x64/plugins/cyber_engine_tweaks/mods/cyberscript/datapack/Hidden Gems Locations On Map/event/check__ma_cct_cpz_103_onscreen_01_taken.json	2773	0.003	2025-07-18T07:38:17.0000000Z
bin/x64/plugins/cyber_engine_tweaks/mods/cyberscript/datapack/Hidden Gems Locations On Map/event/check__ma_cct_cpz_104_onscreen_01.json	4044	0.004	2025-07-18T07:38:17.0000000Z
bin/x64/plugins/cyber_engine_tweaks/mods/cyberscript/datapack/Hidden Gems Locations On Map/event/check__ma_cct_cpz_104_onscreen_01_taken.json	2861	0.003	2025-07-18T07:38:17.0000000Z
bin/x64/plugins/cyber_engine_tweaks/mods/cyberscript/datapack/Hidden Gems Locations On Map/event/check__ma_cct_cpz_105_onscreen_01.json	4041	0.004	2025-07-18T07:38:17.0000000Z
bin/x64/plugins/cyber_engine_tweaks/mods/cyberscript/datapack/Hidden Gems Locations On Map/event/check__ma_cct_cpz_105_onscreen_01_taken.json	2861	0.003	2025-07-18T07:38:17.0000000Z
bin/x64/plugins/cyber_engine_tweaks/mods/cyberscript/datapack/Hidden Gems Locations On Map/event/check__ma_cct_cpz_18_onscreen_01.json	4037	0.004	2025-07-18T07:38:17.0000000Z
bin/x64/plugins/cyber_engine_tweaks/mods/cyberscript/datapack/Hidden Gems Locations On Map/event/check__ma_cct_cpz_18_onscreen_01_taken.json	2857	0.003	2025-07-18T07:38:17.0000000Z
bin/x64/plugins/cyber_engine_tweaks/mods/cyberscript/datapack/Hidden Gems Locations On Map/event/check__ma_cct_dtn_101_onscreen_01.json	4045	0.004	2025-07-18T07:38:17.0000000Z
bin/x64/plugins/cyber_engine_tweaks/mods/cyberscript/datapack/Hidden Gems Locations On Map/event/check__ma_cct_dtn_101_onscreen_01_taken.json	2861	0.003	2025-07-18T07:38:17.0000000Z
bin/x64/plugins/cyber_engine_tweaks/mods/cyberscript/datapack/Hidden Gems Locations On Map/event/check__ma_cct_dtn_102_onscreen_01.json	4042	0.004	2025-07-18T07:38:17.0000000Z
bin/x64/plugins/cyber_engine_tweaks/mods/cyberscript/datapack/Hidden Gems Locations On Map/event/check__ma_cct_dtn_102_onscreen_01_taken.json	2861	0.003	2025-07-18T07:38:17.0000000Z
bin/x64/plugins/cyber_engine_tweaks/mods/cyberscript/datapack/Hidden Gems Locations On Map/event/check__ma_cct_dtn_103_onscreen_01.json	4042	0.004	2025-07-18T07:38:18.0000000Z
bin/x64/plugins/cyber_engine_tweaks/mods/cyberscript/datapack/Hidden Gems Locations On Map/event/check__ma_cct_dtn_103_onscreen_01_taken.json	2861	0.003	2025-07-18T07:38:18.0000000Z
bin/x64/plugins/cyber_engine_tweaks/mods/cyberscript/datapack/Hidden Gems Locations On Map/event/check__ma_cct_dtn_104_onscreen_01.json	4042	0.004	2025-07-18T07:38:18.0000000Z
bin/x64/plugins/cyber_engine_tweaks/mods/cyberscript/datapack/Hidden Gems Locations On Map/event/check__ma_cct_dtn_104_onscreen_01_taken.json	2861	0.003	2025-07-18T07:38:18.0000000Z
bin/x64/plugins/cyber_engine_tweaks/mods/cyberscript/datapack/Hidden Gems Locations On Map/event/check__ma_cct_dtn_106_onscreen_01.json	4042	0.004	2025-07-18T07:38:18.0000000Z
bin/x64/plugins/cyber_engine_tweaks/mods/cyberscript/datapack/Hidden Gems Locations On Map/event/check__ma_cct_dtn_106_onscreen_01_taken.json	2861	0.003	2025-07-18T07:38:18.0000000Z
bin/x64/plugins/cyber_engine_tweaks/mods/cyberscript/datapack/Hidden Gems Locations On Map/event/check__ma_cct_dtn_107_onscreen_01.json	4039	0.004	2025-07-18T07:38:18.0000000Z
bin/x64/plugins/cyber_engine_tweaks/mods/cyberscript/datapack/Hidden Gems Locations On Map/event/check__ma_cct_dtn_107_onscreen_01_taken.json	2861	0.003	2025-07-18T07:38:18.0000000Z
bin/x64/plugins/cyber_engine_tweaks/mods/cyberscript/datapack/Hidden Gems Locations On Map/event/check__ma_cct_dtn_108_onscreen_01.json	4044	0.004	2025-07-18T07:38:18.0000000Z
bin/x64/plugins/cyber_engine_tweaks/mods/cyberscript/datapack/Hidden Gems Locations On Map/event/check__ma_cct_dtn_108_onscreen_01_taken.json	2861	0.003	2025-07-18T07:38:18.0000000Z
bin/x64/plugins/cyber_engine_tweaks/mods/cyberscript/datapack/Hidden Gems Locations On Map/event/check__ma_cct_dtn_109_onscreen_01.json	4039	0.004	2025-07-18T07:38:18.0000000Z
bin/x64/plugins/cyber_engine_tweaks/mods/cyberscript/datapack/Hidden Gems Locations On Map/event/check__ma_cct_dtn_109_onscreen_01_taken.json	2861	0.003	2025-07-18T07:38:18.0000000Z
bin/x64/plugins/cyber_engine_tweaks/mods/cyberscript/datapack/Hidden Gems Locations On Map/event/check__ma_cct_dtn_110_onscreen_01.json	4042	0.004	2025-07-18T07:38:18.0000000Z
bin/x64/plugins/cyber_engine_tweaks/mods/cyberscript/datapack/Hidden Gems Locations On Map/event/check__ma_cct_dtn_110_onscreen_01_taken.json	2861	0.003	2025-07-18T07:38:18.0000000Z
bin/x64/plugins/cyber_engine_tweaks/mods/cyberscript/datapack/Hidden Gems Locations On Map/event/check__ma_hey_gle_08_onscreen_01.json	4045	0.004	2025-07-18T07:38:18.0000000Z
bin/x64/plugins/cyber_engine_tweaks/mods/cyberscript/datapack/Hidden Gems Locations On Map/event/check__ma_hey_gle_08_onscreen_01_taken.json	2886	0.003	2025-07-18T07:38:18.0000000Z
bin/x64/plugins/cyber_engine_tweaks/mods/cyberscript/datapack/Hidden Gems Locations On Map/event/check__ma_hey_spr_03_onscreen_01.json	4044	0.004	2025-07-18T07:38:18.0000000Z
bin/x64/plugins/cyber_engine_tweaks/mods/cyberscript/datapack/Hidden Gems Locations On Map/event/check__ma_hey_spr_03_onscreen_01_taken.json	2886	0.003	2025-07-18T07:38:18.0000000Z
bin/x64/plugins/cyber_engine_tweaks/mods/cyberscript/datapack/Hidden Gems Locations On Map/event/check__ma_pac_cvi_01_onscreen_01.json	4033	0.004	2025-07-18T07:38:18.0000000Z
bin/x64/plugins/cyber_engine_tweaks/mods/cyberscript/datapack/Hidden Gems Locations On Map/event/check__ma_pac_cvi_01_onscreen_01_taken.json	2897	0.003	2025-07-18T07:38:18.0000000Z
bin/x64/plugins/cyber_engine_tweaks/mods/cyberscript/datapack/Hidden Gems Locations On Map/event/check__ma_pac_cvi_03_onscreen_01.json	4036	0.004	2025-07-18T07:38:18.0000000Z
bin/x64/plugins/cyber_engine_tweaks/mods/cyberscript/datapack/Hidden Gems Locations On Map/event/check__ma_pac_cvi_03_onscreen_01_taken.json	2897	0.003	2025-07-18T07:38:18.0000000Z
bin/x64/plugins/cyber_engine_tweaks/mods/cyberscript/datapack/Hidden Gems Locations On Map/event/check__ma_pac_cvi_101_onscreen_01.json	4051	0.004	2025-07-18T07:38:18.0000000Z
bin/x64/plugins/cyber_engine_tweaks/mods/cyberscript/datapack/Hidden Gems Locations On Map/event/check__ma_pac_cvi_101_onscreen_01_taken.json	2901	0.003	2025-07-18T07:38:18.0000000Z
bin/x64/plugins/cyber_engine_tweaks/mods/cyberscript/datapack/Hidden Gems Locations On Map/event/check__ma_pac_cvi_102_onscreen_01.json	4035	0.004	2025-07-18T07:38:18.0000000Z
bin/x64/plugins/cyber_engine_tweaks/mods/cyberscript/datapack/Hidden Gems Locations On Map/event/check__ma_pac_cvi_102_onscreen_01_taken.json	2901	0.003	2025-07-18T07:38:18.0000000Z
bin/x64/plugins/cyber_engine_tweaks/mods/cyberscript/datapack/Hidden Gems Locations On Map/event/check__ma_pac_cvi_103_onscreen_01.json	4034	0.004	2025-07-18T07:38:18.0000000Z
bin/x64/plugins/cyber_engine_tweaks/mods/cyberscript/datapack/Hidden Gems Locations On Map/event/check__ma_pac_cvi_103_onscreen_01_taken.json	2901	0.003	2025-07-18T07:38:18.0000000Z
bin/x64/plugins/cyber_engine_tweaks/mods/cyberscript/datapack/Hidden Gems Locations On Map/event/check__ma_pac_cvi_104_onscreen_01.json	4049	0.004	2025-07-18T07:38:18.0000000Z
bin/x64/plugins/cyber_engine_tweaks/mods/cyberscript/datapack/Hidden Gems Locations On Map/event/check__ma_pac_cvi_104_onscreen_01_taken.json	2901	0.003	2025-07-18T07:38:18.0000000Z
bin/x64/plugins/cyber_engine_tweaks/mods/cyberscript/datapack/Hidden Gems Locations On Map/event/check__ma_pac_cvi_105_onscreen_01.json	4062	0.004	2025-07-18T07:38:18.0000000Z
bin/x64/plugins/cyber_engine_tweaks/mods/cyberscript/datapack/Hidden Gems Locations On Map/event/check__ma_pac_cvi_105_onscreen_01_taken.json	2901	0.003	2025-07-18T07:38:18.0000000Z
bin/x64/plugins/cyber_engine_tweaks/mods/cyberscript/datapack/Hidden Gems Locations On Map/event/check__ma_pac_cvi_106_onscreen_01.json	4039	0.004	2025-07-18T07:38:18.0000000Z
bin/x64/plugins/cyber_engine_tweaks/mods/cyberscript/datapack/Hidden Gems Locations On Map/event/check__ma_pac_cvi_106_onscreen_01_taken.json	2901	0.003	2025-07-18T07:38:18.0000000Z
bin/x64/plugins/cyber_engine_tweaks/mods/cyberscript/datapack/Hidden Gems Locations On Map/event/check__ma_pac_cvi_107_onscreen_01.json	4039	0.004	2025-07-18T07:38:18.0000000Z
bin/x64/plugins/cyber_engine_tweaks/mods/cyberscript/datapack/Hidden Gems Locations On Map/event/check__ma_pac_cvi_107_onscreen_01_taken.json	2901	0.003	2025-07-18T07:38:18.0000000Z
bin/x64/plugins/cyber_engine_tweaks/mods/cyberscript/datapack/Hidden Gems Locations On Map/event/check__ma_pac_cvi_14_onscreen_01.json	4038	0.004	2025-07-18T07:38:18.0000000Z
bin/x64/plugins/cyber_engine_tweaks/mods/cyberscript/datapack/Hidden Gems Locations On Map/event/check__ma_pac_cvi_14_onscreen_01_taken.json	2896	0.003	2025-07-18T07:38:18.0000000Z
bin/x64/plugins/cyber_engine_tweaks/mods/cyberscript/datapack/Hidden Gems Locations On Map/event/check__ma_pac_wwd_03_onscreen_01.json	4079	0.004	2025-07-18T07:38:18.0000000Z
bin/x64/plugins/cyber_engine_tweaks/mods/cyberscript/datapack/Hidden Gems Locations On Map/event/check__ma_pac_wwd_03_onscreen_01_taken.json	2897	0.003	2025-07-18T07:38:18.0000000Z
bin/x64/plugins/cyber_engine_tweaks/mods/cyberscript/datapack/Hidden Gems Locations On Map/event/check__ma_pac_wwd_101_onscreen_01.json	4035	0.004	2025-07-18T07:38:18.0000000Z
bin/x64/plugins/cyber_engine_tweaks/mods/cyberscript/datapack/Hidden Gems Locations On Map/event/check__ma_pac_wwd_101_onscreen_01_taken.json	2901	0.003	2025-07-18T07:38:18.0000000Z
bin/x64/plugins/cyber_engine_tweaks/mods/cyberscript/datapack/Hidden Gems Locations On Map/event/check__ma_pac_wwd_102_onscreen_01.json	4034	0.004	2025-07-18T07:38:18.0000000Z
bin/x64/plugins/cyber_engine_tweaks/mods/cyberscript/datapack/Hidden Gems Locations On Map/event/check__ma_pac_wwd_102_onscreen_01_taken.json	2901	0.003	2025-07-18T07:38:18.0000000Z
bin/x64/plugins/cyber_engine_tweaks/mods/cyberscript/datapack/Hidden Gems Locations On Map/event/check__ma_pac_wwd_103_onscreen_01.json	4033	0.004	2025-07-18T07:38:18.0000000Z
bin/x64/plugins/cyber_engine_tweaks/mods/cyberscript/datapack/Hidden Gems Locations On Map/event/check__ma_pac_wwd_103_onscreen_01_taken.json	2901	0.003	2025-07-18T07:38:18.0000000Z
bin/x64/plugins/cyber_engine_tweaks/mods/cyberscript/datapack/Hidden Gems Locations On Map/event/check__ma_pac_wwd_104_onscreen_01.json	4038	0.004	2025-07-18T07:38:18.0000000Z
bin/x64/plugins/cyber_engine_tweaks/mods/cyberscript/datapack/Hidden Gems Locations On Map/event/check__ma_pac_wwd_104_onscreen_01_taken.json	2901	0.003	2025-07-18T07:38:18.0000000Z
bin/x64/plugins/cyber_engine_tweaks/mods/cyberscript/datapack/Hidden Gems Locations On Map/event/check__ma_pac_wwd_105_onscreen_01.json	4040	0.004	2025-07-18T07:38:18.0000000Z
bin/x64/plugins/cyber_engine_tweaks/mods/cyberscript/datapack/Hidden Gems Locations On Map/event/check__ma_pac_wwd_105_onscreen_01_taken.json	2901	0.003	2025-07-18T07:38:18.0000000Z
bin/x64/plugins/cyber_engine_tweaks/mods/cyberscript/datapack/Hidden Gems Locations On Map/event/check__ma_pac_wwd_106_onscreen_01.json	4040	0.004	2025-07-18T07:38:18.0000000Z
bin/x64/plugins/cyber_engine_tweaks/mods/cyberscript/datapack/Hidden Gems Locations On Map/event/check__ma_pac_wwd_106_onscreen_01_taken.json	2901	0.003	2025-07-18T07:38:18.0000000Z
bin/x64/plugins/cyber_engine_tweaks/mods/cyberscript/datapack/Hidden Gems Locations On Map/event/check__ma_std_arr_04_onscreen_01.json	4034	0.004	2025-07-18T07:38:18.0000000Z
bin/x64/plugins/cyber_engine_tweaks/mods/cyberscript/datapack/Hidden Gems Locations On Map/event/check__ma_std_arr_04_onscreen_01_taken.json	2878	0.003	2025-07-18T07:38:18.0000000Z
bin/x64/plugins/cyber_engine_tweaks/mods/cyberscript/datapack/Hidden Gems Locations On Map/event/check__ma_std_arr_102_onscreen_01.json	4037	0.004	2025-07-18T07:38:18.0000000Z
bin/x64/plugins/cyber_engine_tweaks/mods/cyberscript/datapack/Hidden Gems Locations On Map/event/check__ma_std_arr_102_onscreen_01_taken.json	2882	0.003	2025-07-18T07:38:18.0000000Z
bin/x64/plugins/cyber_engine_tweaks/mods/cyberscript/datapack/Hidden Gems Locations On Map/event/check__ma_std_arr_103_onscreen_01.json	4042	0.004	2025-07-18T07:38:18.0000000Z
bin/x64/plugins/cyber_engine_tweaks/mods/cyberscript/datapack/Hidden Gems Locations On Map/event/check__ma_std_arr_103_onscreen_01_taken.json	2882	0.003	2025-07-18T07:38:18.0000000Z
bin/x64/plugins/cyber_engine_tweaks/mods/cyberscript/datapack/Hidden Gems Locations On Map/event/check__ma_std_arr_105_onscreen_01.json	4046	0.004	2025-07-18T07:38:18.0000000Z
bin/x64/plugins/cyber_engine_tweaks/mods/cyberscript/datapack/Hidden Gems Locations On Map/event/check__ma_std_arr_105_onscreen_01_taken.json	2882	0.003	2025-07-18T07:38:18.0000000Z
bin/x64/plugins/cyber_engine_tweaks/mods/cyberscript/datapack/Hidden Gems Locations On Map/event/check__ma_std_arr_106_onscreen_01.json	4042	0.004	2025-07-18T07:38:18.0000000Z
bin/x64/plugins/cyber_engine_tweaks/mods/cyberscript/datapack/Hidden Gems Locations On Map/event/check__ma_std_arr_106_onscreen_01_taken.json	2882	0.003	2025-07-18T07:38:18.0000000Z
bin/x64/plugins/cyber_engine_tweaks/mods/cyberscript/datapack/Hidden Gems Locations On Map/event/check__ma_std_arr_107_onscreen_01.json	4036	0.004	2025-07-18T07:38:18.0000000Z
bin/x64/plugins/cyber_engine_tweaks/mods/cyberscript/datapack/Hidden Gems Locations On Map/event/check__ma_std_arr_107_onscreen_01_taken.json	2882	0.003	2025-07-18T07:38:18.0000000Z
bin/x64/plugins/cyber_engine_tweaks/mods/cyberscript/datapack/Hidden Gems Locations On Map/event/check__ma_std_arr_108_onscreen_01.json	4035	0.004	2025-07-18T07:38:18.0000000Z
bin/x64/plugins/cyber_engine_tweaks/mods/cyberscript/datapack/Hidden Gems Locations On Map/event/check__ma_std_arr_108_onscreen_01_taken.json	2882	0.003	2025-07-18T07:38:18.0000000Z
bin/x64/plugins/cyber_engine_tweaks/mods/cyberscript/datapack/Hidden Gems Locations On Map/event/check__ma_std_arr_109_onscreen_01.json	4034	0.004	2025-07-18T07:38:18.0000000Z
bin/x64/plugins/cyber_engine_tweaks/mods/cyberscript/datapack/Hidden Gems Locations On Map/event/check__ma_std_arr_109_onscreen_01_taken.json	2882	0.003	2025-07-18T07:38:18.0000000Z
bin/x64/plugins/cyber_engine_tweaks/mods/cyberscript/datapack/Hidden Gems Locations On Map/event/check__ma_std_arr_13_onscreen_01.json	4569	0.004	2025-07-18T07:38:18.0000000Z
bin/x64/plugins/cyber_engine_tweaks/mods/cyberscript/datapack/Hidden Gems Locations On Map/event/check__ma_std_arr_13_onscreen_01_taken.json	2789	0.003	2025-07-18T07:38:18.0000000Z
bin/x64/plugins/cyber_engine_tweaks/mods/cyberscript/datapack/Hidden Gems Locations On Map/event/check__ma_std_rcr_101_onscreen_01.json	4082	0.004	2025-07-18T07:38:18.0000000Z
bin/x64/plugins/cyber_engine_tweaks/mods/cyberscript/datapack/Hidden Gems Locations On Map/event/check__ma_std_rcr_101_onscreen_01_taken.json	2882	0.003	2025-07-18T07:38:18.0000000Z
bin/x64/plugins/cyber_engine_tweaks/mods/cyberscript/datapack/Hidden Gems Locations On Map/event/check__ma_std_rcr_102_onscreen_01.json	4040	0.004	2025-07-18T07:38:18.0000000Z
bin/x64/plugins/cyber_engine_tweaks/mods/cyberscript/datapack/Hidden Gems Locations On Map/event/check__ma_std_rcr_102_onscreen_01_taken.json	2882	0.003	2025-07-18T07:38:18.0000000Z
bin/x64/plugins/cyber_engine_tweaks/mods/cyberscript/datapack/Hidden Gems Locations On Map/event/check__ma_std_rcr_103_onscreen_01.json	4040	0.004	2025-07-18T07:38:18.0000000Z
bin/x64/plugins/cyber_engine_tweaks/mods/cyberscript/datapack/Hidden Gems Locations On Map/event/check__ma_std_rcr_103_onscreen_01_taken.json	2882	0.003	2025-07-18T07:38:18.0000000Z
bin/x64/plugins/cyber_engine_tweaks/mods/cyberscript/datapack/Hidden Gems Locations On Map/event/check__ma_std_rcr_104_onscreen_01.json	4036	0.004	2025-07-18T07:38:18.0000000Z
bin/x64/plugins/cyber_engine_tweaks/mods/cyberscript/datapack/Hidden Gems Locations On Map/event/check__ma_std_rcr_104_onscreen_01_taken.json	2882	0.003	2025-07-18T07:38:18.0000000Z
bin/x64/plugins/cyber_engine_tweaks/mods/cyberscript/datapack/Hidden Gems Locations On Map/event/check__ma_std_rcr_105_onscreen_01.json	4032	0.004	2025-07-18T07:38:18.0000000Z
bin/x64/plugins/cyber_engine_tweaks/mods/cyberscript/datapack/Hidden Gems Locations On Map/event/check__ma_std_rcr_105_onscreen_01_taken.json	2882	0.003	2025-07-18T07:38:18.0000000Z
bin/x64/plugins/cyber_engine_tweaks/mods/cyberscript/datapack/Hidden Gems Locations On Map/event/check__ma_std_rcr_106_onscreen_01.json	4036	0.004	2025-07-18T07:38:18.0000000Z
bin/x64/plugins/cyber_engine_tweaks/mods/cyberscript/datapack/Hidden Gems Locations On Map/event/check__ma_std_rcr_106_onscreen_01_taken.json	2882	0.003	2025-07-18T07:38:18.0000000Z
bin/x64/plugins/cyber_engine_tweaks/mods/cyberscript/datapack/Hidden Gems Locations On Map/event/check__ma_std_rcr_107_onscreen_01.json	4042	0.004	2025-07-18T07:38:18.0000000Z
bin/x64/plugins/cyber_engine_tweaks/mods/cyberscript/datapack/Hidden Gems Locations On Map/event/check__ma_std_rcr_107_onscreen_01_taken.json	2882	0.003	2025-07-18T07:38:18.0000000Z
bin/x64/plugins/cyber_engine_tweaks/mods/cyberscript/datapack/Hidden Gems Locations On Map/event/check__ma_std_rcr_108_onscreen_01.json	4034	0.004	2025-07-18T07:38:18.0000000Z
bin/x64/plugins/cyber_engine_tweaks/mods/cyberscript/datapack/Hidden Gems Locations On Map/event/check__ma_std_rcr_108_onscreen_01_taken.json	2882	0.003	2025-07-18T07:38:18.0000000Z
bin/x64/plugins/cyber_engine_tweaks/mods/cyberscript/datapack/Hidden Gems Locations On Map/event/check__ma_std_rcr_109_onscreen_01.json	4032	0.004	2025-07-18T07:38:18.0000000Z
bin/x64/plugins/cyber_engine_tweaks/mods/cyberscript/datapack/Hidden Gems Locations On Map/event/check__ma_std_rcr_109_onscreen_01_taken.json	2882	0.003	2025-07-18T07:38:18.0000000Z
bin/x64/plugins/cyber_engine_tweaks/mods/cyberscript/datapack/Hidden Gems Locations On Map/event/check__ma_wat_kab_10_onscreen_01.json	4030	0.004	2025-07-18T07:38:18.0000000Z
bin/x64/plugins/cyber_engine_tweaks/mods/cyberscript/datapack/Hidden Gems Locations On Map/event/check__ma_wat_kab_10_onscreen_01_taken.json	2870	0.003	2025-07-18T07:38:18.0000000Z
bin/x64/plugins/cyber_engine_tweaks/mods/cyberscript/datapack/Hidden Gems Locations On Map/event/check__ma_wat_kab_101_onscreen_01.json	3958	0.004	2025-07-18T07:38:18.0000000Z
bin/x64/plugins/cyber_engine_tweaks/mods/cyberscript/datapack/Hidden Gems Locations On Map/event/check__ma_wat_kab_101_onscreen_01_taken.json	3222	0.003	2025-07-18T07:38:18.0000000Z
bin/x64/plugins/cyber_engine_tweaks/mods/cyberscript/datapack/Hidden Gems Locations On Map/event/check__ma_wat_kab_102_onscreen_01.json	4040	0.004	2025-07-18T07:38:18.0000000Z
bin/x64/plugins/cyber_engine_tweaks/mods/cyberscript/datapack/Hidden Gems Locations On Map/event/check__ma_wat_kab_102_onscreen_01_taken.json	2875	0.003	2025-07-18T07:38:18.0000000Z
bin/x64/plugins/cyber_engine_tweaks/mods/cyberscript/datapack/Hidden Gems Locations On Map/event/check__ma_wat_kab_103_onscreen_01.json	4039	0.004	2025-07-18T07:38:18.0000000Z
bin/x64/plugins/cyber_engine_tweaks/mods/cyberscript/datapack/Hidden Gems Locations On Map/event/check__ma_wat_kab_103_onscreen_01_taken.json	2875	0.003	2025-07-18T07:38:18.0000000Z
bin/x64/plugins/cyber_engine_tweaks/mods/cyberscript/datapack/Hidden Gems Locations On Map/event/check__ma_wat_kab_104_onscreen_01.json	4040	0.004	2025-07-18T07:38:18.0000000Z
bin/x64/plugins/cyber_engine_tweaks/mods/cyberscript/datapack/Hidden Gems Locations On Map/event/check__ma_wat_kab_104_onscreen_01_taken.json	2875	0.003	2025-07-18T07:38:18.0000000Z
bin/x64/plugins/cyber_engine_tweaks/mods/cyberscript/datapack/Hidden Gems Locations On Map/event/check__ma_wat_kab_105_onscreen_01.json	4037	0.004	2025-07-18T07:38:18.0000000Z
bin/x64/plugins/cyber_engine_tweaks/mods/cyberscript/datapack/Hidden Gems Locations On Map/event/check__ma_wat_kab_105_onscreen_01_taken.json	2875	0.003	2025-07-18T07:38:18.0000000Z
bin/x64/plugins/cyber_engine_tweaks/mods/cyberscript/datapack/Hidden Gems Locations On Map/event/check__ma_wat_kab_106_onscreen_01.json	4042	0.004	2025-07-18T07:38:18.0000000Z
bin/x64/plugins/cyber_engine_tweaks/mods/cyberscript/datapack/Hidden Gems Locations On Map/event/check__ma_wat_kab_106_onscreen_01_taken.json	2875	0.003	2025-07-18T07:38:18.0000000Z
bin/x64/plugins/cyber_engine_tweaks/mods/cyberscript/datapack/Hidden Gems Locations On Map/event/check__ma_wat_kab_107_onscreen_01.json	4038	0.004	2025-07-18T07:38:18.0000000Z
bin/x64/plugins/cyber_engine_tweaks/mods/cyberscript/datapack/Hidden Gems Locations On Map/event/check__ma_wat_kab_107_onscreen_01_taken.json	2875	0.003	2025-07-18T07:38:18.0000000Z
bin/x64/plugins/cyber_engine_tweaks/mods/cyberscript/datapack/Hidden Gems Locations On Map/event/check__ma_wat_kab_108_onscreen_01.json	4049	0.004	2025-07-18T07:38:18.0000000Z
bin/x64/plugins/cyber_engine_tweaks/mods/cyberscript/datapack/Hidden Gems Locations On Map/event/check__ma_wat_kab_108_onscreen_01_taken.json	2972	0.003	2025-07-18T07:38:18.0000000Z
bin/x64/plugins/cyber_engine_tweaks/mods/cyberscript/datapack/Hidden Gems Locations On Map/event/check__ma_wat_kab_109_onscreen_01.json	4077	0.004	2025-07-18T07:38:18.0000000Z
bin/x64/plugins/cyber_engine_tweaks/mods/cyberscript/datapack/Hidden Gems Locations On Map/event/check__ma_wat_kab_109_onscreen_01_taken.json	2875	0.003	2025-07-18T07:38:18.0000000Z
bin/x64/plugins/cyber_engine_tweaks/mods/cyberscript/datapack/Hidden Gems Locations On Map/event/check__ma_wat_kab_13_onscreen_01.json	4039	0.004	2025-07-18T07:38:18.0000000Z
bin/x64/plugins/cyber_engine_tweaks/mods/cyberscript/datapack/Hidden Gems Locations On Map/event/check__ma_wat_kab_13_onscreen_01_taken.json	2870	0.003	2025-07-18T07:38:18.0000000Z
bin/x64/plugins/cyber_engine_tweaks/mods/cyberscript/datapack/Hidden Gems Locations On Map/event/check__ma_wat_kab_15_onscreen_01.json	4030	0.004	2025-07-18T07:38:18.0000000Z
bin/x64/plugins/cyber_engine_tweaks/mods/cyberscript/datapack/Hidden Gems Locations On Map/event/check__ma_wat_kab_15_onscreen_01_taken.json	2870	0.003	2025-07-18T07:38:18.0000000Z
bin/x64/plugins/cyber_engine_tweaks/mods/cyberscript/datapack/Hidden Gems Locations On Map/event/check__ma_wat_lch_10_onscreen_01.json	4029	0.004	2025-07-18T07:38:18.0000000Z
bin/x64/plugins/cyber_engine_tweaks/mods/cyberscript/datapack/Hidden Gems Locations On Map/event/check__ma_wat_lch_10_onscreen_01_taken.json	2871	0.003	2025-07-18T07:38:18.0000000Z
bin/x64/plugins/cyber_engine_tweaks/mods/cyberscript/datapack/Hidden Gems Locations On Map/event/check__ma_wat_lch_101_onscreen_01.json	4033	0.004	2025-07-18T07:38:18.0000000Z
bin/x64/plugins/cyber_engine_tweaks/mods/cyberscript/datapack/Hidden Gems Locations On Map/event/check__ma_wat_lch_101_onscreen_01_taken.json	2875	0.003	2025-07-18T07:38:18.0000000Z
bin/x64/plugins/cyber_engine_tweaks/mods/cyberscript/datapack/Hidden Gems Locations On Map/event/check__ma_wat_lch_102_onscreen_01.json	4037	0.004	2025-07-18T07:38:18.0000000Z
bin/x64/plugins/cyber_engine_tweaks/mods/cyberscript/datapack/Hidden Gems Locations On Map/event/check__ma_wat_lch_102_onscreen_01_taken.json	2875	0.003	2025-07-18T07:38:18.0000000Z
bin/x64/plugins/cyber_engine_tweaks/mods/cyberscript/datapack/Hidden Gems Locations On Map/event/check__ma_wat_lch_103_onscreen_01.json	4032	0.004	2025-07-18T07:38:18.0000000Z
bin/x64/plugins/cyber_engine_tweaks/mods/cyberscript/datapack/Hidden Gems Locations On Map/event/check__ma_wat_lch_103_onscreen_01_taken.json	2875	0.003	2025-07-18T07:38:18.0000000Z
bin/x64/plugins/cyber_engine_tweaks/mods/cyberscript/datapack/Hidden Gems Locations On Map/event/check__ma_wat_lch_104_onscreen_01.json	4037	0.004	2025-07-18T07:38:18.0000000Z
bin/x64/plugins/cyber_engine_tweaks/mods/cyberscript/datapack/Hidden Gems Locations On Map/event/check__ma_wat_lch_104_onscreen_01_taken.json	2875	0.003	2025-07-18T07:38:18.0000000Z
bin/x64/plugins/cyber_engine_tweaks/mods/cyberscript/datapack/Hidden Gems Locations On Map/event/check__ma_wat_lch_105_onscreen_01.json	4035	0.004	2025-07-18T07:38:18.0000000Z
bin/x64/plugins/cyber_engine_tweaks/mods/cyberscript/datapack/Hidden Gems Locations On Map/event/check__ma_wat_lch_105_onscreen_01_taken.json	2875	0.003	2025-07-18T07:38:18.0000000Z
bin/x64/plugins/cyber_engine_tweaks/mods/cyberscript/datapack/Hidden Gems Locations On Map/event/check__ma_wat_lch_106_onscreen_01.json	4036	0.004	2025-07-18T07:38:18.0000000Z
bin/x64/plugins/cyber_engine_tweaks/mods/cyberscript/datapack/Hidden Gems Locations On Map/event/check__ma_wat_lch_106_onscreen_01_taken.json	2875	0.003	2025-07-18T07:38:18.0000000Z
bin/x64/plugins/cyber_engine_tweaks/mods/cyberscript/datapack/Hidden Gems Locations On Map/event/check__ma_wat_lch_107_onscreen_01.json	4036	0.004	2025-07-18T07:38:18.0000000Z
bin/x64/plugins/cyber_engine_tweaks/mods/cyberscript/datapack/Hidden Gems Locations On Map/event/check__ma_wat_lch_107_onscreen_01_taken.json	2875	0.003	2025-07-18T07:38:18.0000000Z
bin/x64/plugins/cyber_engine_tweaks/mods/cyberscript/datapack/Hidden Gems Locations On Map/event/check__ma_wat_lch_16_onscreen_02.json	4030	0.004	2025-07-18T07:38:18.0000000Z
bin/x64/plugins/cyber_engine_tweaks/mods/cyberscript/datapack/Hidden Gems Locations On Map/event/check__ma_wat_lch_16_onscreen_02_taken.json	2871	0.003	2025-07-18T07:38:18.0000000Z
bin/x64/plugins/cyber_engine_tweaks/mods/cyberscript/datapack/Hidden Gems Locations On Map/event/check__ma_wat_nid_11_onscreen.json	4025	0.004	2025-07-18T07:38:18.0000000Z
bin/x64/plugins/cyber_engine_tweaks/mods/cyberscript/datapack/Hidden Gems Locations On Map/event/check__ma_wat_nid_11_onscreen_taken.json	2859	0.003	2025-07-18T07:38:18.0000000Z
bin/x64/plugins/cyber_engine_tweaks/mods/cyberscript/datapack/Hidden Gems Locations On Map/event/check__ma_wat_nid_16_onscreen_02.json	4031	0.004	2025-07-18T07:38:18.0000000Z
bin/x64/plugins/cyber_engine_tweaks/mods/cyberscript/datapack/Hidden Gems Locations On Map/event/check__ma_wat_nid_16_onscreen_02_taken.json	2871	0.003	2025-07-18T07:38:18.0000000Z
bin/x64/plugins/cyber_engine_tweaks/mods/cyberscript/datapack/Hidden Gems Locations On Map/event/check__ma_wat_nid_17_onscreen.json	4025	0.004	2025-07-18T07:38:18.0000000Z
bin/x64/plugins/cyber_engine_tweaks/mods/cyberscript/datapack/Hidden Gems Locations On Map/event/check__ma_wat_nid_17_onscreen_taken.json	2859	0.003	2025-07-18T07:38:18.0000000Z
bin/x64/plugins/cyber_engine_tweaks/mods/cyberscript/datapack/Hidden Gems Locations On Map/event/check__ma_wat_nid_21_onscreen.json	4027	0.004	2025-07-18T07:38:18.0000000Z
bin/x64/plugins/cyber_engine_tweaks/mods/cyberscript/datapack/Hidden Gems Locations On Map/event/check__ma_wat_nid_21_onscreen_taken.json	2859	0.003	2025-07-18T07:38:18.0000000Z
bin/x64/plugins/cyber_engine_tweaks/mods/cyberscript/datapack/Hidden Gems Locations On Map/event/check__ma_wat_nid_30_onscreen.json	4025	0.004	2025-07-18T07:38:18.0000000Z
bin/x64/plugins/cyber_engine_tweaks/mods/cyberscript/datapack/Hidden Gems Locations On Map/event/check__ma_wat_nid_30_onscreen_taken.json	2859	0.003	2025-07-18T07:38:18.0000000Z
bin/x64/plugins/cyber_engine_tweaks/mods/cyberscript/datapack/Hidden Gems Locations On Map/event/check__ma_wat_nid_31_onscreen_01.json	4037	0.004	2025-07-18T07:38:18.0000000Z
bin/x64/plugins/cyber_engine_tweaks/mods/cyberscript/datapack/Hidden Gems Locations On Map/event/check__ma_wat_nid_31_onscreen_01_taken.json	2871	0.003	2025-07-18T07:38:18.0000000Z
bin/x64/plugins/cyber_engine_tweaks/mods/cyberscript/datapack/Hidden Gems Locations On Map/event/check__ma_wat_nid_32_onscreen_01.json	4032	0.004	2025-07-18T07:38:18.0000000Z
bin/x64/plugins/cyber_engine_tweaks/mods/cyberscript/datapack/Hidden Gems Locations On Map/event/check__ma_wat_nid_32_onscreen_01_taken.json	2871	0.003	2025-07-18T07:38:18.0000000Z
bin/x64/plugins/cyber_engine_tweaks/mods/cyberscript/datapack/Hidden Gems Locations On Map/event/check__ma_wat_nid_33_onscreen_01.json	4032	0.004	2025-07-18T07:38:18.0000000Z
bin/x64/plugins/cyber_engine_tweaks/mods/cyberscript/datapack/Hidden Gems Locations On Map/event/check__ma_wat_nid_33_onscreen_01_taken.json	2871	0.003	2025-07-18T07:38:18.0000000Z
bin/x64/plugins/cyber_engine_tweaks/mods/cyberscript/datapack/Hidden Gems Locations On Map/event/check__ma_wat_nid_34_onscreen_01.json	4570	0.004	2025-07-18T07:38:18.0000000Z
bin/x64/plugins/cyber_engine_tweaks/mods/cyberscript/datapack/Hidden Gems Locations On Map/event/check__ma_wat_nid_34_onscreen_01_taken.json	2783	0.003	2025-07-18T07:38:18.0000000Z
bin/x64/plugins/cyber_engine_tweaks/mods/cyberscript/datapack/Hidden Gems Locations On Map/event/check__ma_wat_nid_35_onscreen_01.json	4036	0.004	2025-07-18T07:38:18.0000000Z
bin/x64/plugins/cyber_engine_tweaks/mods/cyberscript/datapack/Hidden Gems Locations On Map/event/check__ma_wat_nid_35_onscreen_01_taken.json	2871	0.003	2025-07-18T07:38:18.0000000Z
bin/x64/plugins/cyber_engine_tweaks/mods/cyberscript/datapack/Hidden Gems Locations On Map/event/check__ma_wat_nid_36_onscreen_01.json	4038	0.004	2025-07-18T07:38:18.0000000Z
bin/x64/plugins/cyber_engine_tweaks/mods/cyberscript/datapack/Hidden Gems Locations On Map/event/check__ma_wat_nid_36_onscreen_01_taken.json	2871	0.003	2025-07-18T07:38:18.0000000Z
bin/x64/plugins/cyber_engine_tweaks/mods/cyberscript/datapack/Hidden Gems Locations On Map/event/check__ma_wat_nid_37_onscreen_01.json	4039	0.004	2025-07-18T07:38:18.0000000Z
bin/x64/plugins/cyber_engine_tweaks/mods/cyberscript/datapack/Hidden Gems Locations On Map/event/check__ma_wat_nid_37_onscreen_01_taken.json	2871	0.003	2025-07-18T07:38:18.0000000Z
bin/x64/plugins/cyber_engine_tweaks/mods/cyberscript/datapack/Hidden Gems Locations On Map/event/check__ma_wat_nid_38_onscreen_01.json	4040	0.004	2025-07-18T07:38:18.0000000Z
bin/x64/plugins/cyber_engine_tweaks/mods/cyberscript/datapack/Hidden Gems Locations On Map/event/check__ma_wat_nid_38_onscreen_01_taken.json	2871	0.003	2025-07-18T07:38:18.0000000Z
bin/x64/plugins/cyber_engine_tweaks/mods/cyberscript/datapack/Hidden Gems Locations On Map/event/check__ma_wat_nid_39_onscreen_01.json	4036	0.004	2025-07-18T07:38:18.0000000Z
bin/x64/plugins/cyber_engine_tweaks/mods/cyberscript/datapack/Hidden Gems Locations On Map/event/check__ma_wat_nid_39_onscreen_01_taken.json	2871	0.003	2025-07-18T07:38:18.0000000Z
bin/x64/plugins/cyber_engine_tweaks/mods/cyberscript/datapack/Hidden Gems Locations On Map/event/check__ma_wat_nid_40_onscreen_01.json	4033	0.004	2025-07-18T07:38:18.0000000Z
bin/x64/plugins/cyber_engine_tweaks/mods/cyberscript/datapack/Hidden Gems Locations On Map/event/check__ma_wat_nid_40_onscreen_01_taken.json	2871	0.003	2025-07-18T07:38:18.0000000Z
bin/x64/plugins/cyber_engine_tweaks/mods/cyberscript/datapack/Hidden Gems Locations On Map/event/check__ma_wbr_hil_101_onscreen_01.json	4047	0.004	2025-07-18T07:38:18.0000000Z
bin/x64/plugins/cyber_engine_tweaks/mods/cyberscript/datapack/Hidden Gems Locations On Map/event/check__ma_wbr_hil_101_onscreen_01_taken.json	2882	0.003	2025-07-18T07:38:18.0000000Z
bin/x64/plugins/cyber_engine_tweaks/mods/cyberscript/datapack/Hidden Gems Locations On Map/event/check__ma_wbr_hil_102_onscreen_01.json	4038	0.004	2025-07-18T07:38:18.0000000Z
bin/x64/plugins/cyber_engine_tweaks/mods/cyberscript/datapack/Hidden Gems Locations On Map/event/check__ma_wbr_hil_102_onscreen_01_taken.json	2882	0.003	2025-07-18T07:38:18.0000000Z
bin/x64/plugins/cyber_engine_tweaks/mods/cyberscript/datapack/Hidden Gems Locations On Map/event/check__ma_wbr_hil_104_onscreen_01.json	4033	0.004	2025-07-18T07:38:18.0000000Z
bin/x64/plugins/cyber_engine_tweaks/mods/cyberscript/datapack/Hidden Gems Locations On Map/event/check__ma_wbr_hil_104_onscreen_01_taken.json	2882	0.003	2025-07-18T07:38:18.0000000Z
bin/x64/plugins/cyber_engine_tweaks/mods/cyberscript/datapack/Hidden Gems Locations On Map/event/check__ma_wbr_hil_105_onscreen_01.json	4064	0.004	2025-07-18T07:38:18.0000000Z
bin/x64/plugins/cyber_engine_tweaks/mods/cyberscript/datapack/Hidden Gems Locations On Map/event/check__ma_wbr_hil_105_onscreen_01_taken.json	2882	0.003	2025-07-18T07:38:18.0000000Z
bin/x64/plugins/cyber_engine_tweaks/mods/cyberscript/datapack/Hidden Gems Locations On Map/event/check__ma_wbr_hil_106_onscreen_01.json	4038	0.004	2025-07-18T07:38:18.0000000Z
bin/x64/plugins/cyber_engine_tweaks/mods/cyberscript/datapack/Hidden Gems Locations On Map/event/check__ma_wbr_hil_106_onscreen_01_taken.json	2882	0.003	2025-07-18T07:38:18.0000000Z
bin/x64/plugins/cyber_engine_tweaks/mods/cyberscript/datapack/Hidden Gems Locations On Map/event/check__ma_wbr_hil_107_onscreen_01.json	4047	0.004	2025-07-18T07:38:18.0000000Z
bin/x64/plugins/cyber_engine_tweaks/mods/cyberscript/datapack/Hidden Gems Locations On Map/event/check__ma_wbr_hil_107_onscreen_01_taken.json	2882	0.003	2025-07-18T07:38:18.0000000Z
bin/x64/plugins/cyber_engine_tweaks/mods/cyberscript/datapack/Hidden Gems Locations On Map/event/check__ma_wbr_hil_108_onscreen_01.json	4029	0.004	2025-07-18T07:38:18.0000000Z
bin/x64/plugins/cyber_engine_tweaks/mods/cyberscript/datapack/Hidden Gems Locations On Map/event/check__ma_wbr_hil_108_onscreen_01_taken.json	2882	0.003	2025-07-18T07:38:18.0000000Z
bin/x64/plugins/cyber_engine_tweaks/mods/cyberscript/datapack/Hidden Gems Locations On Map/event/check__ma_wbr_jpn_04_onscreen_01.json	4039	0.004	2025-07-18T07:38:18.0000000Z
bin/x64/plugins/cyber_engine_tweaks/mods/cyberscript/datapack/Hidden Gems Locations On Map/event/check__ma_wbr_jpn_04_onscreen_01_taken.json	2878	0.003	2025-07-18T07:38:18.0000000Z
bin/x64/plugins/cyber_engine_tweaks/mods/cyberscript/datapack/Hidden Gems Locations On Map/event/check__ma_wbr_jpn_101_onscreen_01.json	4039	0.004	2025-07-18T07:38:18.0000000Z
bin/x64/plugins/cyber_engine_tweaks/mods/cyberscript/datapack/Hidden Gems Locations On Map/event/check__ma_wbr_jpn_101_onscreen_01_taken.json	2882	0.003	2025-07-18T07:38:18.0000000Z
bin/x64/plugins/cyber_engine_tweaks/mods/cyberscript/datapack/Hidden Gems Locations On Map/event/check__ma_wbr_jpn_102_onscreen_01.json	4052	0.004	2025-07-18T07:38:18.0000000Z
bin/x64/plugins/cyber_engine_tweaks/mods/cyberscript/datapack/Hidden Gems Locations On Map/event/check__ma_wbr_jpn_102_onscreen_01_taken.json	2882	0.003	2025-07-18T07:38:18.0000000Z
bin/x64/plugins/cyber_engine_tweaks/mods/cyberscript/datapack/Hidden Gems Locations On Map/event/check__ma_wbr_jpn_103_onscreen_01.json	4038	0.004	2025-07-18T07:38:18.0000000Z
bin/x64/plugins/cyber_engine_tweaks/mods/cyberscript/datapack/Hidden Gems Locations On Map/event/check__ma_wbr_jpn_103_onscreen_01_taken.json	2882	0.003	2025-07-18T07:38:18.0000000Z
bin/x64/plugins/cyber_engine_tweaks/mods/cyberscript/datapack/Hidden Gems Locations On Map/event/check__ma_wbr_jpn_104_onscreen_01.json	4033	0.004	2025-07-18T07:38:18.0000000Z
bin/x64/plugins/cyber_engine_tweaks/mods/cyberscript/datapack/Hidden Gems Locations On Map/event/check__ma_wbr_jpn_104_onscreen_01_taken.json	2968	0.003	2025-07-18T07:38:18.0000000Z
bin/x64/plugins/cyber_engine_tweaks/mods/cyberscript/datapack/Hidden Gems Locations On Map/event/check__ma_wbr_jpn_105_onscreen_01.json	4038	0.004	2025-07-18T07:38:18.0000000Z
bin/x64/plugins/cyber_engine_tweaks/mods/cyberscript/datapack/Hidden Gems Locations On Map/event/check__ma_wbr_jpn_105_onscreen_01_taken.json	2882	0.003	2025-07-18T07:38:18.0000000Z
bin/x64/plugins/cyber_engine_tweaks/mods/cyberscript/datapack/Hidden Gems Locations On Map/event/check__ma_wbr_jpn_106_onscreen_01.json	4036	0.004	2025-07-18T07:38:18.0000000Z
bin/x64/plugins/cyber_engine_tweaks/mods/cyberscript/datapack/Hidden Gems Locations On Map/event/check__ma_wbr_jpn_106_onscreen_01_taken.json	2882	0.003	2025-07-18T07:38:18.0000000Z
bin/x64/plugins/cyber_engine_tweaks/mods/cyberscript/datapack/Hidden Gems Locations On Map/event/check__ma_wbr_jpn_107_onscreen_01.json	4038	0.004	2025-07-18T07:38:18.0000000Z
bin/x64/plugins/cyber_engine_tweaks/mods/cyberscript/datapack/Hidden Gems Locations On Map/event/check__ma_wbr_jpn_107_onscreen_01_taken.json	2882	0.003	2025-07-18T07:38:18.0000000Z
bin/x64/plugins/cyber_engine_tweaks/mods/cyberscript/datapack/Hidden Gems Locations On Map/event/check__ma_wbr_jpn_108_onscreen_01.json	4040	0.004	2025-07-18T07:38:18.0000000Z
bin/x64/plugins/cyber_engine_tweaks/mods/cyberscript/datapack/Hidden Gems Locations On Map/event/check__ma_wbr_jpn_108_onscreen_01_taken.json	2882	0.003	2025-07-18T07:38:18.0000000Z
bin/x64/plugins/cyber_engine_tweaks/mods/cyberscript/datapack/Hidden Gems Locations On Map/event/check__ma_wbr_jpn_109_onscreen_01.json	4032	0.004	2025-07-18T07:38:18.0000000Z
bin/x64/plugins/cyber_engine_tweaks/mods/cyberscript/datapack/Hidden Gems Locations On Map/event/check__ma_wbr_jpn_109_onscreen_01_taken.json	2882	0.003	2025-07-18T07:38:18.0000000Z
bin/x64/plugins/cyber_engine_tweaks/mods/cyberscript/datapack/Hidden Gems Locations On Map/event/check__ma_wbr_jpn_110_onscreen_01.json	4042	0.004	2025-07-18T07:38:18.0000000Z
bin/x64/plugins/cyber_engine_tweaks/mods/cyberscript/datapack/Hidden Gems Locations On Map/event/check__ma_wbr_jpn_110_onscreen_01_taken.json	2882	0.003	2025-07-18T07:38:18.0000000Z
bin/x64/plugins/cyber_engine_tweaks/mods/cyberscript/datapack/Hidden Gems Locations On Map/event/check__ma_wbr_jpn_17_onscreen_01.json	4030	0.004	2025-07-18T07:38:18.0000000Z
bin/x64/plugins/cyber_engine_tweaks/mods/cyberscript/datapack/Hidden Gems Locations On Map/event/check__ma_wbr_jpn_17_onscreen_01_taken.json	2878	0.003	2025-07-18T07:38:18.0000000Z
bin/x64/plugins/cyber_engine_tweaks/mods/cyberscript/datapack/Hidden Gems Locations On Map/event/check__ma_wbr_nok_02_shard.json	4016	0.004	2025-07-18T07:38:18.0000000Z
bin/x64/plugins/cyber_engine_tweaks/mods/cyberscript/datapack/Hidden Gems Locations On Map/event/check__ma_wbr_nok_02_shard_taken.json	2853	0.003	2025-07-18T07:38:18.0000000Z
bin/x64/plugins/cyber_engine_tweaks/mods/cyberscript/datapack/Hidden Gems Locations On Map/event/check__ma_wbr_nok_101_onscreen_01.json	4041	0.004	2025-07-18T07:38:18.0000000Z
bin/x64/plugins/cyber_engine_tweaks/mods/cyberscript/datapack/Hidden Gems Locations On Map/event/check__ma_wbr_nok_101_onscreen_01_taken.json	2882	0.003	2025-07-18T07:38:18.0000000Z
bin/x64/plugins/cyber_engine_tweaks/mods/cyberscript/datapack/Hidden Gems Locations On Map/event/check__ma_wbr_nok_102_onscreen_01.json	4578	0.004	2025-07-18T07:38:18.0000000Z
bin/x64/plugins/cyber_engine_tweaks/mods/cyberscript/datapack/Hidden Gems Locations On Map/event/check__ma_wbr_nok_102_onscreen_01_taken.json	2794	0.003	2025-07-18T07:38:18.0000000Z
bin/x64/plugins/cyber_engine_tweaks/mods/cyberscript/datapack/Hidden Gems Locations On Map/event/check__ma_wbr_nok_104_onscreen_01.json	4044	0.004	2025-07-18T07:38:18.0000000Z
bin/x64/plugins/cyber_engine_tweaks/mods/cyberscript/datapack/Hidden Gems Locations On Map/event/check__ma_wbr_nok_104_onscreen_01_taken.json	2882	0.003	2025-07-18T07:38:18.0000000Z
bin/x64/plugins/cyber_engine_tweaks/mods/cyberscript/datapack/Hidden Gems Locations On Map/event/check__mq034_dead_man_shard.json	4023	0.004	2025-07-18T07:38:18.0000000Z
bin/x64/plugins/cyber_engine_tweaks/mods/cyberscript/datapack/Hidden Gems Locations On Map/event/check__mq034_dead_man_shard_taken.json	2876	0.003	2025-07-18T07:38:18.0000000Z
bin/x64/plugins/cyber_engine_tweaks/mods/cyberscript/datapack/Hidden Gems Locations On Map/event/check__mws_pac_01_shard.json	4550	0.004	2025-07-18T07:38:18.0000000Z
bin/x64/plugins/cyber_engine_tweaks/mods/cyberscript/datapack/Hidden Gems Locations On Map/event/check__mws_pac_01_shard_taken.json	2745	0.003	2025-07-18T07:38:18.0000000Z
bin/x64/plugins/cyber_engine_tweaks/mods/cyberscript/datapack/Hidden Gems Locations On Map/event/check__mws_se5_02_shard.json	4063	0.004	2025-07-18T07:38:18.0000000Z
bin/x64/plugins/cyber_engine_tweaks/mods/cyberscript/datapack/Hidden Gems Locations On Map/event/check__mws_se5_02_shard_taken.json	2842	0.003	2025-07-18T07:38:18.0000000Z
bin/x64/plugins/cyber_engine_tweaks/mods/cyberscript/datapack/Hidden Gems Locations On Map/event/check__no_item_120.json	4529	0.004	2025-07-18T07:38:18.0000000Z
bin/x64/plugins/cyber_engine_tweaks/mods/cyberscript/datapack/Hidden Gems Locations On Map/event/check__no_item_120_taken.json	2710	0.003	2025-07-18T07:38:18.0000000Z
bin/x64/plugins/cyber_engine_tweaks/mods/cyberscript/datapack/Hidden Gems Locations On Map/event/check__no_item_174.json	4530	0.004	2025-07-18T07:38:18.0000000Z
bin/x64/plugins/cyber_engine_tweaks/mods/cyberscript/datapack/Hidden Gems Locations On Map/event/check__no_item_174_taken.json	2698	0.003	2025-07-18T07:38:18.0000000Z
bin/x64/plugins/cyber_engine_tweaks/mods/cyberscript/datapack/Hidden Gems Locations On Map/event/check__no_item_180.json	4188	0.004	2025-07-18T07:38:18.0000000Z
bin/x64/plugins/cyber_engine_tweaks/mods/cyberscript/datapack/Hidden Gems Locations On Map/event/check__no_item_180_taken.json	2731	0.003	2025-07-18T07:38:18.0000000Z
bin/x64/plugins/cyber_engine_tweaks/mods/cyberscript/datapack/Hidden Gems Locations On Map/event/check__no_item_183.json	4525	0.004	2025-07-18T07:38:18.0000000Z
bin/x64/plugins/cyber_engine_tweaks/mods/cyberscript/datapack/Hidden Gems Locations On Map/event/check__no_item_183_taken.json	2698	0.003	2025-07-18T07:38:18.0000000Z
bin/x64/plugins/cyber_engine_tweaks/mods/cyberscript/datapack/Hidden Gems Locations On Map/event/check__no_item_195.json	4538	0.004	2025-07-18T07:38:18.0000000Z
bin/x64/plugins/cyber_engine_tweaks/mods/cyberscript/datapack/Hidden Gems Locations On Map/event/check__no_item_195_taken.json	2719	0.003	2025-07-18T07:38:18.0000000Z
bin/x64/plugins/cyber_engine_tweaks/mods/cyberscript/datapack/Hidden Gems Locations On Map/event/check__no_item_54.json	4530	0.004	2025-07-18T07:38:18.0000000Z
bin/x64/plugins/cyber_engine_tweaks/mods/cyberscript/datapack/Hidden Gems Locations On Map/event/check__no_item_54_taken.json	2713	0.003	2025-07-18T07:38:18.0000000Z
bin/x64/plugins/cyber_engine_tweaks/mods/cyberscript/datapack/Hidden Gems Locations On Map/event/check__no_item_68.json	4182	0.004	2025-07-18T07:38:18.0000000Z
bin/x64/plugins/cyber_engine_tweaks/mods/cyberscript/datapack/Hidden Gems Locations On Map/event/check__no_item_68_taken.json	2750	0.003	2025-07-18T07:38:18.0000000Z
bin/x64/plugins/cyber_engine_tweaks/mods/cyberscript/datapack/Hidden Gems Locations On Map/functions/func_delete_all_pins.json	44884	0.043	2025-07-18T07:38:18.0000000Z
bin/x64/plugins/cyber_engine_tweaks/mods/cyberscript/datapack/Hidden Gems Locations On Map/functions/func_init_all_pins.json	57943	0.055	2025-07-18T07:38:18.0000000Z
bin/x64/plugins/cyber_engine_tweaks/mods/cyberscript/datapack/Hidden Gems Locations On Map/functions/hack_animation.json	2778	0.003	2025-07-18T07:38:18.0000000Z
bin/x64/plugins/cyber_engine_tweaks/mods/cyberscript/datapack/Hidden Gems Locations On Map/functions/reward.json	277	0.000	2025-07-18T07:38:18.0000000Z
bin/x64/plugins/cyber_engine_tweaks/mods/cyberscript/datapack/Hidden Gems Locations On Map/interact/interact_refresh.json	1669	0.002	2025-07-18T07:38:18.0000000Z
bin/x64/plugins/cyber_engine_tweaks/mods/cyberscript/datapack/Hidden Gems Locations On Map/interact/interact_reset_vars.json	15504	0.015	2025-07-18T07:38:18.0000000Z
bin/x64/plugins/cyber_engine_tweaks/mods/cyberscript/db.sqlite3	1077248	1.027	2025-07-18T07:38:32.0000000Z
bin/x64/plugins/cyber_engine_tweaks/mods/cyberscript/desc.json	235	0.000	2025-07-18T07:38:32.0000000Z
bin/x64/plugins/cyber_engine_tweaks/mods/cyberscript/init.lua	3433	0.003	2025-07-18T07:38:32.0000000Z
bin/x64/plugins/cyber_engine_tweaks/mods/cyberscript/mod/data/actiontemplate.json	159806	0.152	2026-08-23T08:21:23.7648369Z
bin/x64/plugins/cyber_engine_tweaks/mods/cyberscript/mod/data/actiontemplate.lua	164894	0.157	2025-07-18T07:38:32.0000000Z
bin/x64/plugins/cyber_engine_tweaks/mods/cyberscript/mod/data/anims/CharacterEntryLibrary.json	2573897	2.455	2025-07-18T07:38:33.0000000Z
bin/x64/plugins/cyber_engine_tweaks/mods/cyberscript/mod/data/anims/CharacterLibrary.json	437044	0.417	2025-07-18T07:38:33.0000000Z
bin/x64/plugins/cyber_engine_tweaks/mods/cyberscript/mod/data/anims/workspot/cyberscript_workspot_base.json	2141687	2.042	2025-07-18T07:38:33.0000000Z
bin/x64/plugins/cyber_engine_tweaks/mods/cyberscript/mod/data/anims/workspot/cyberscript_workspot_custom_base.json	290339	0.277	2025-07-18T07:38:33.0000000Z
bin/x64/plugins/cyber_engine_tweaks/mods/cyberscript/mod/data/anims/workspot/cyberscript_workspot_head.json	1522851	1.452	2025-07-18T07:38:33.0000000Z
bin/x64/plugins/cyber_engine_tweaks/mods/cyberscript/mod/data/anims/workspot/cyberscript_workspot_items.json	243497	0.232	2025-07-18T07:38:33.0000000Z
bin/x64/plugins/cyber_engine_tweaks/mods/cyberscript/mod/data/anims/workspot/cyberscript_workspot_specialnpc.json	580971	0.554	2025-07-18T07:38:33.0000000Z
bin/x64/plugins/cyber_engine_tweaks/mods/cyberscript/mod/data/appearances.csv	560956	0.535	2025-07-18T07:38:32.0000000Z
bin/x64/plugins/cyber_engine_tweaks/mods/cyberscript/mod/data/attitudegroup/Group_6thStreet.json	189	0.000	2025-07-18T07:38:33.0000000Z
bin/x64/plugins/cyber_engine_tweaks/mods/cyberscript/mod/data/attitudegroup/Group_6thStreet_OW.json	197	0.000	2025-07-18T07:38:33.0000000Z
bin/x64/plugins/cyber_engine_tweaks/mods/cyberscript/mod/data/attitudegroup/Group_Aldecaldos.json	191	0.000	2025-07-18T07:38:33.0000000Z
bin/x64/plugins/cyber_engine_tweaks/mods/cyberscript/mod/data/attitudegroup/Group_Aldecaldos_OW.json	200	0.000	2025-07-18T07:38:33.0000000Z
bin/x64/plugins/cyber_engine_tweaks/mods/cyberscript/mod/data/attitudegroup/Group_Animals.json	185	0.000	2025-07-18T07:38:33.0000000Z
bin/x64/plugins/cyber_engine_tweaks/mods/cyberscript/mod/data/attitudegroup/Group_Animals_e3.json	191	0.000	2025-07-18T07:38:33.0000000Z
bin/x64/plugins/cyber_engine_tweaks/mods/cyberscript/mod/data/attitudegroup/Group_Animals_OW.json	191	0.000	2025-07-18T07:38:33.0000000Z
bin/x64/plugins/cyber_engine_tweaks/mods/cyberscript/mod/data/attitudegroup/Group_Arasaka.json	185	0.000	2025-07-18T07:38:33.0000000Z
bin/x64/plugins/cyber_engine_tweaks/mods/cyberscript/mod/data/attitudegroup/Group_Arasaka_OW.json	191	0.000	2025-07-18T07:38:33.0000000Z
bin/x64/plugins/cyber_engine_tweaks/mods/cyberscript/mod/data/attitudegroup/Group_arr_01_Drug_Producers.json	194	0.000	2025-07-18T07:38:33.0000000Z
bin/x64/plugins/cyber_engine_tweaks/mods/cyberscript/mod/data/attitudegroup/Group_arr_03_Kendachi.json	182	0.000	2025-07-18T07:38:33.0000000Z
bin/x64/plugins/cyber_engine_tweaks/mods/cyberscript/mod/data/attitudegroup/Group_arr_05_Kendachi.json	182	0.000	2025-07-18T07:38:33.0000000Z
bin/x64/plugins/cyber_engine_tweaks/mods/cyberscript/mod/data/attitudegroup/Group_arr_06_6thstreet.json	208	0.000	2025-07-18T07:38:33.0000000Z
bin/x64/plugins/cyber_engine_tweaks/mods/cyberscript/mod/data/attitudegroup/Group_arr_10_Cytech.json	178	0.000	2025-07-18T07:38:33.0000000Z
bin/x64/plugins/cyber_engine_tweaks/mods/cyberscript/mod/data/attitudegroup/Group_arr_11_6thstreet.json	208	0.000	2025-07-18T07:38:33.0000000Z
bin/x64/plugins/cyber_engine_tweaks/mods/cyberscript/mod/data/attitudegroup/Group_arr_12_Chasers.json	180	0.000	2025-07-18T07:38:33.0000000Z
bin/x64/plugins/cyber_engine_tweaks/mods/cyberscript/mod/data/attitudegroup/Group_border_guards.json	178	0.000	2025-07-18T07:38:33.0000000Z
bin/x64/plugins/cyber_engine_tweaks/mods/cyberscript/mod/data/attitudegroup/Group_Border_guards_ow.json	209	0.000	2025-07-18T07:38:33.0000000Z
bin/x64/plugins/cyber_engine_tweaks/mods/cyberscript/mod/data/attitudegroup/Group_CCL_GangA.json	171	0.000	2025-07-18T07:38:33.0000000Z
bin/x64/plugins/cyber_engine_tweaks/mods/cyberscript/mod/data/attitudegroup/Group_CCL_GangB.json	171	0.000	2025-07-18T07:38:33.0000000Z
bin/x64/plugins/cyber_engine_tweaks/mods/cyberscript/mod/data/attitudegroup/Group_Child_OW.json	188	0.000	2025-07-18T07:38:33.0000000Z
bin/x64/plugins/cyber_engine_tweaks/mods/cyberscript/mod/data/attitudegroup/Group_Civilian.json	168	0.000	2025-07-18T07:38:33.0000000Z
bin/x64/plugins/cyber_engine_tweaks/mods/cyberscript/mod/data/attitudegroup/Group_claire.json	184	0.000	2025-07-18T07:38:33.0000000Z
bin/x64/plugins/cyber_engine_tweaks/mods/cyberscript/mod/data/attitudegroup/Group_cpo_friendly_hostile_02.json	218	0.000	2025-07-18T07:38:33.0000000Z
bin/x64/plugins/cyber_engine_tweaks/mods/cyberscript/mod/data/attitudegroup/Group_cpo_hostile_01.json	199	0.000	2025-07-18T07:38:33.0000000Z
bin/x64/plugins/cyber_engine_tweaks/mods/cyberscript/mod/data/attitudegroup/Group_cpz_01_NCART.json	176	0.000	2025-07-18T07:38:33.0000000Z
bin/x64/plugins/cyber_engine_tweaks/mods/cyberscript/mod/data/attitudegroup/Group_Criminal.json	187	0.000	2025-07-18T07:38:33.0000000Z
bin/x64/plugins/cyber_engine_tweaks/mods/cyberscript/mod/data/attitudegroup/Group_Criminal_OW.json	193	0.000	2025-07-18T07:38:33.0000000Z
bin/x64/plugins/cyber_engine_tweaks/mods/cyberscript/mod/data/attitudegroup/Group_cvi_02_Animals.json	202	0.000	2025-07-18T07:38:33.0000000Z
bin/x64/plugins/cyber_engine_tweaks/mods/cyberscript/mod/data/attitudegroup/Group_Cyberninja_Oda.json	199	0.000	2025-07-18T07:38:33.0000000Z
bin/x64/plugins/cyber_engine_tweaks/mods/cyberscript/mod/data/attitudegroup/Group_Dakota.json	184	0.000	2025-07-18T07:38:33.0000000Z
bin/x64/plugins/cyber_engine_tweaks/mods/cyberscript/mod/data/attitudegroup/Group_de_hey_gle_05_police.json	192	0.000	2025-07-18T07:38:33.0000000Z
bin/x64/plugins/cyber_engine_tweaks/mods/cyberscript/mod/data/attitudegroup/Group_de_hey_gle_05_valentinos.json	200	0.000	2025-07-18T07:38:33.0000000Z
bin/x64/plugins/cyber_engine_tweaks/mods/cyberscript/mod/data/attitudegroup/Group_de_std_rcr_06_6th_street.json	200	0.000	2025-07-18T07:38:33.0000000Z
bin/x64/plugins/cyber_engine_tweaks/mods/cyberscript/mod/data/attitudegroup/Group_de_std_rcr_06_scavs.json	190	0.000	2025-07-18T07:38:33.0000000Z
bin/x64/plugins/cyber_engine_tweaks/mods/cyberscript/mod/data/attitudegroup/Group_de_wat_lch_11_police.json	209	0.000	2025-07-18T07:38:33.0000000Z
bin/x64/plugins/cyber_engine_tweaks/mods/cyberscript/mod/data/attitudegroup/Group_de_wbr_hil_06_6th_street.json	200	0.000	2025-07-18T07:38:33.0000000Z
bin/x64/plugins/cyber_engine_tweaks/mods/cyberscript/mod/data/attitudegroup/Group_de_wbr_hil_06_arasaka.json	194	0.000	2025-07-18T07:38:33.0000000Z
bin/x64/plugins/cyber_engine_tweaks/mods/cyberscript/mod/data/attitudegroup/Group_de_wbr_jpn_05_police.json	192	0.000	2025-07-18T07:38:33.0000000Z
bin/x64/plugins/cyber_engine_tweaks/mods/cyberscript/mod/data/attitudegroup/Group_de_wbr_jpn_05_tyger_claws.json	202	0.000	2025-07-18T07:38:33.0000000Z
bin/x64/plugins/cyber_engine_tweaks/mods/cyberscript/mod/data/attitudegroup/Group_DeadMaelstrom.json	178	0.000	2025-07-18T07:38:33.0000000Z
bin/x64/plugins/cyber_engine_tweaks/mods/cyberscript/mod/data/attitudegroup/Group_dtn_02_Animals.json	202	0.000	2025-07-18T07:38:33.0000000Z
bin/x64/plugins/cyber_engine_tweaks/mods/cyberscript/mod/data/attitudegroup/Group_dtn_03_animals.json	199	0.000	2025-07-18T07:38:33.0000000Z
bin/x64/plugins/cyber_engine_tweaks/mods/cyberscript/mod/data/attitudegroup/Group_dtn_04_Biotechnica.json	188	0.000	2025-07-18T07:38:33.0000000Z
bin/x64/plugins/cyber_engine_tweaks/mods/cyberscript/mod/data/attitudegroup/Group_dtn_05_Militech.json	205	0.000	2025-07-18T07:38:33.0000000Z
bin/x64/plugins/cyber_engine_tweaks/mods/cyberscript/mod/data/attitudegroup/Group_Emmerick.json	188	0.000	2025-07-18T07:38:33.0000000Z
bin/x64/plugins/cyber_engine_tweaks/mods/cyberscript/mod/data/attitudegroup/Group_EnemyHostile.json	195	0.000	2025-07-18T07:38:33.0000000Z
bin/x64/plugins/cyber_engine_tweaks/mods/cyberscript/mod/data/attitudegroup/Group_EnemyNautral.json	195	0.000	2025-07-18T07:38:33.0000000Z
bin/x64/plugins/cyber_engine_tweaks/mods/cyberscript/mod/data/attitudegroup/Group_Fingers.json	186	0.000	2025-07-18T07:38:33.0000000Z
bin/x64/plugins/cyber_engine_tweaks/mods/cyberscript/mod/data/attitudegroup/Group_Follower.json	186	0.000	2025-07-18T07:38:33.0000000Z
bin/x64/plugins/cyber_engine_tweaks/mods/cyberscript/mod/data/attitudegroup/Group_Friendly.json	168	0.000	2025-07-18T07:38:33.0000000Z
bin/x64/plugins/cyber_engine_tweaks/mods/cyberscript/mod/data/attitudegroup/Group_gle_01_Militech.json	205	0.000	2025-07-18T07:38:33.0000000Z
bin/x64/plugins/cyber_engine_tweaks/mods/cyberscript/mod/data/attitudegroup/Group_gle_01_Tucker.json	201	0.000	2025-07-18T07:38:33.0000000Z
bin/x64/plugins/cyber_engine_tweaks/mods/cyberscript/mod/data/attitudegroup/Group_gle_03_Security.json	182	0.000	2025-07-18T07:38:33.0000000Z
bin/x64/plugins/cyber_engine_tweaks/mods/cyberscript/mod/data/attitudegroup/Group_gle_04_Valentinos.json	211	0.000	2025-07-18T07:38:33.0000000Z
bin/x64/plugins/cyber_engine_tweaks/mods/cyberscript/mod/data/attitudegroup/Group_gle_05_ElGallo.json	180	0.000	2025-07-18T07:38:33.0000000Z
bin/x64/plugins/cyber_engine_tweaks/mods/cyberscript/mod/data/attitudegroup/Group_gle_06_6thStreet.json	208	0.000	2025-07-18T07:38:33.0000000Z
bin/x64/plugins/cyber_engine_tweaks/mods/cyberscript/mod/data/attitudegroup/Group_Grayson.json	185	0.000	2025-07-18T07:38:33.0000000Z
bin/x64/plugins/cyber_engine_tweaks/mods/cyberscript/mod/data/attitudegroup/Group_Guard.json	162	0.000	2025-07-18T07:38:33.0000000Z
bin/x64/plugins/cyber_engine_tweaks/mods/cyberscript/mod/data/attitudegroup/Group_GuardPissedOff.json	196	0.000	2025-07-18T07:38:33.0000000Z
bin/x64/plugins/cyber_engine_tweaks/mods/cyberscript/mod/data/attitudegroup/Group_Haru.json	160	0.000	2025-07-18T07:38:33.0000000Z
bin/x64/plugins/cyber_engine_tweaks/mods/cyberscript/mod/data/attitudegroup/Group_hil_01_Militech.json	205	0.000	2025-07-18T07:38:33.0000000Z
bin/x64/plugins/cyber_engine_tweaks/mods/cyberscript/mod/data/attitudegroup/Group_hil_06_6thstreet.json	208	0.000	2025-07-18T07:38:33.0000000Z
bin/x64/plugins/cyber_engine_tweaks/mods/cyberscript/mod/data/attitudegroup/Group_hil_07_Tyger_Claws.json	213	0.000	2025-07-18T07:38:33.0000000Z
bin/x64/plugins/cyber_engine_tweaks/mods/cyberscript/mod/data/attitudegroup/Group_hil_101_Militech.json	207	0.000	2025-07-18T07:38:33.0000000Z
bin/x64/plugins/cyber_engine_tweaks/mods/cyberscript/mod/data/attitudegroup/Group_Hostile.json	166	0.000	2025-07-18T07:38:33.0000000Z
bin/x64/plugins/cyber_engine_tweaks/mods/cyberscript/mod/data/attitudegroup/Group_ina_02_big_pete.json	182	0.000	2025-07-18T07:38:33.0000000Z
bin/x64/plugins/cyber_engine_tweaks/mods/cyberscript/mod/data/attitudegroup/Group_ina_02_Wraiths.json	202	0.000	2025-07-18T07:38:33.0000000Z
bin/x64/plugins/cyber_engine_tweaks/mods/cyberscript/mod/data/attitudegroup/Group_ina_03_Wraiths.json	202	0.000	2025-07-18T07:38:33.0000000Z
bin/x64/plugins/cyber_engine_tweaks/mods/cyberscript/mod/data/attitudegroup/Group_ina_04_Militech.json	205	0.000	2025-07-18T07:38:33.0000000Z
bin/x64/plugins/cyber_engine_tweaks/mods/cyberscript/mod/data/attitudegroup/Group_ina_05_Miltech.json	203	0.000	2025-07-18T07:38:33.0000000Z
bin/x64/plugins/cyber_engine_tweaks/mods/cyberscript/mod/data/attitudegroup/Group_ina_06_Tanner.json	178	0.000	2025-07-18T07:38:33.0000000Z
bin/x64/plugins/cyber_engine_tweaks/mods/cyberscript/mod/data/attitudegroup/Group_ina_06_Wraiths.json	202	0.000	2025-07-18T07:38:33.0000000Z
bin/x64/plugins/cyber_engine_tweaks/mods/cyberscript/mod/data/attitudegroup/Group_ina_07_Maelstrom.json	184	0.000	2025-07-18T07:38:33.0000000Z
bin/x64/plugins/cyber_engine_tweaks/mods/cyberscript/mod/data/attitudegroup/Group_ina_08_Wraiths.json	202	0.000	2025-07-18T07:38:33.0000000Z
bin/x64/plugins/cyber_engine_tweaks/mods/cyberscript/mod/data/attitudegroup/Group_ina_09_Jason.json	176	0.000	2025-07-18T07:38:33.0000000Z
bin/x64/plugins/cyber_engine_tweaks/mods/cyberscript/mod/data/attitudegroup/Group_ina_101_Miltech.json	205	0.000	2025-07-18T07:38:33.0000000Z
bin/x64/plugins/cyber_engine_tweaks/mods/cyberscript/mod/data/attitudegroup/Group_ina_11_Landfill_Guards.json	196	0.000	2025-07-18T07:38:33.0000000Z
bin/x64/plugins/cyber_engine_tweaks/mods/cyberscript/mod/data/attitudegroup/Group_ina_11_scavs.json	176	0.000	2025-07-18T07:38:33.0000000Z
bin/x64/plugins/cyber_engine_tweaks/mods/cyberscript/mod/data/attitudegroup/Group_Jackie.json	184	0.000	2025-07-18T07:38:33.0000000Z
bin/x64/plugins/cyber_engine_tweaks/mods/cyberscript/mod/data/attitudegroup/Group_jpn_01_Tyger_Claws.json	213	0.000	2025-07-18T07:38:33.0000000Z
bin/x64/plugins/cyber_engine_tweaks/mods/cyberscript/mod/data/attitudegroup/Group_jpn_02_Tyger_Claws.json	213	0.000	2025-07-18T07:38:33.0000000Z
bin/x64/plugins/cyber_engine_tweaks/mods/cyberscript/mod/data/attitudegroup/Group_jpn_03_Tyger_Claws.json	213	0.000	2025-07-18T07:38:33.0000000Z
bin/x64/plugins/cyber_engine_tweaks/mods/cyberscript/mod/data/attitudegroup/Group_jpn_05_Tyger_Claws.json	213	0.000	2025-07-18T07:38:33.0000000Z
bin/x64/plugins/cyber_engine_tweaks/mods/cyberscript/mod/data/attitudegroup/Group_jpn_09_Militech.json	205	0.000	2025-07-18T07:38:33.0000000Z
bin/x64/plugins/cyber_engine_tweaks/mods/cyberscript/mod/data/attitudegroup/Group_jpn_12_Guard.json	199	0.000	2025-07-18T07:38:33.0000000Z
bin/x64/plugins/cyber_engine_tweaks/mods/cyberscript/mod/data/attitudegroup/Group_jpn_12_technician.json	209	0.000	2025-07-18T07:38:33.0000000Z
bin/x64/plugins/cyber_engine_tweaks/mods/cyberscript/mod/data/attitudegroup/Group_jpn_12_Tyger_Claws.json	213	0.000	2025-07-18T07:38:33.0000000Z
bin/x64/plugins/cyber_engine_tweaks/mods/cyberscript/mod/data/attitudegroup/Group_Judy.json	180	0.000	2025-07-18T07:38:33.0000000Z
bin/x64/plugins/cyber_engine_tweaks/mods/cyberscript/mod/data/attitudegroup/Group_kab_01_Militech.json	205	0.000	2025-07-18T07:38:33.0000000Z
bin/x64/plugins/cyber_engine_tweaks/mods/cyberscript/mod/data/attitudegroup/Group_kab_03_Cpl_Hare.json	182	0.000	2025-07-18T07:38:33.0000000Z
bin/x64/plugins/cyber_engine_tweaks/mods/cyberscript/mod/data/attitudegroup/Group_kab_04_Akulov.json	198	0.000	2025-07-18T07:38:33.0000000Z
bin/x64/plugins/cyber_engine_tweaks/mods/cyberscript/mod/data/attitudegroup/Group_kab_04_Nadezhda.json	205	0.000	2025-07-18T07:38:33.0000000Z
bin/x64/plugins/cyber_engine_tweaks/mods/cyberscript/mod/data/attitudegroup/Group_kab_04_Receptionist.json	213	0.000	2025-07-18T07:38:33.0000000Z
bin/x64/plugins/cyber_engine_tweaks/mods/cyberscript/mod/data/attitudegroup/Group_kab_05_Scavengers.json	210	0.000	2025-07-18T07:38:33.0000000Z
bin/x64/plugins/cyber_engine_tweaks/mods/cyberscript/mod/data/attitudegroup/Group_kab_06_Animals.json	202	0.000	2025-07-18T07:38:33.0000000Z
bin/x64/plugins/cyber_engine_tweaks/mods/cyberscript/mod/data/attitudegroup/Group_kab_07_Tyger_Claws.json	213	0.000	2025-07-18T07:38:33.0000000Z
bin/x64/plugins/cyber_engine_tweaks/mods/cyberscript/mod/data/attitudegroup/Group_kab_08_DaveHamill.json	186	0.000	2025-07-18T07:38:33.0000000Z
bin/x64/plugins/cyber_engine_tweaks/mods/cyberscript/mod/data/attitudegroup/Group_kab_08_TygerClaws.json	211	0.000	2025-07-18T07:38:33.0000000Z
bin/x64/plugins/cyber_engine_tweaks/mods/cyberscript/mod/data/attitudegroup/Group_kab_102_Cargo.json	178	0.000	2025-07-18T07:38:33.0000000Z
bin/x64/plugins/cyber_engine_tweaks/mods/cyberscript/mod/data/attitudegroup/Group_kab_103_Tyger_Claws.json	215	0.000	2025-07-18T07:38:33.0000000Z
bin/x64/plugins/cyber_engine_tweaks/mods/cyberscript/mod/data/attitudegroup/Group_kab_104_Tyger_Claws.json	215	0.000	2025-07-18T07:38:33.0000000Z
bin/x64/plugins/cyber_engine_tweaks/mods/cyberscript/mod/data/attitudegroup/Group_kab_106_Tyger_Claws.json	215	0.000	2025-07-18T07:38:33.0000000Z
bin/x64/plugins/cyber_engine_tweaks/mods/cyberscript/mod/data/attitudegroup/Group_kab_107_Tyger_Claws.json	215	0.000	2025-07-18T07:38:33.0000000Z
bin/x64/plugins/cyber_engine_tweaks/mods/cyberscript/mod/data/attitudegroup/Group_Kangtao.json	185	0.000	2025-07-18T07:38:33.0000000Z
bin/x64/plugins/cyber_engine_tweaks/mods/cyberscript/mod/data/attitudegroup/Group_Kangtao_OW.json	191	0.000	2025-07-18T07:38:33.0000000Z
bin/x64/plugins/cyber_engine_tweaks/mods/cyberscript/mod/data/attitudegroup/Group_lch_01_Tyger_Claws.json	213	0.000	2025-07-18T07:38:33.0000000Z
bin/x64/plugins/cyber_engine_tweaks/mods/cyberscript/mod/data/attitudegroup/Group_lch_03_roh.json	172	0.000	2025-07-18T07:38:33.0000000Z
bin/x64/plugins/cyber_engine_tweaks/mods/cyberscript/mod/data/attitudegroup/Group_lch_03_Tyger_Claws.json	213	0.000	2025-07-18T07:38:33.0000000Z
bin/x64/plugins/cyber_engine_tweaks/mods/cyberscript/mod/data/attitudegroup/Group_lch_06_Tyger_Claws.json	213	0.000	2025-07-18T07:38:33.0000000Z
bin/x64/plugins/cyber_engine_tweaks/mods/cyberscript/mod/data/attitudegroup/Group_ma_pac_cvi_08_psycho.json	211	0.000	2025-07-18T07:38:33.0000000Z
bin/x64/plugins/cyber_engine_tweaks/mods/cyberscript/mod/data/attitudegroup/Group_ma_wat_lch_07_maelstrom.json	198	0.000	2025-07-18T07:38:33.0000000Z
bin/x64/plugins/cyber_engine_tweaks/mods/cyberscript/mod/data/attitudegroup/Group_ma_wat_lch_07_police.json	192	0.000	2025-07-18T07:38:33.0000000Z
bin/x64/plugins/cyber_engine_tweaks/mods/cyberscript/mod/data/attitudegroup/Group_Maelstrom.json	189	0.000	2025-07-18T07:38:33.0000000Z
bin/x64/plugins/cyber_engine_tweaks/mods/cyberscript/mod/data/attitudegroup/Group_Maelstrom_OW.json	197	0.000	2025-07-18T07:38:33.0000000Z
bin/x64/plugins/cyber_engine_tweaks/mods/cyberscript/mod/data/attitudegroup/Group_Maiko.json	182	0.000	2025-07-18T07:38:33.0000000Z
bin/x64/plugins/cyber_engine_tweaks/mods/cyberscript/mod/data/attitudegroup/Group_Max_Border_guards.json	211	0.000	2025-07-18T07:38:33.0000000Z
bin/x64/plugins/cyber_engine_tweaks/mods/cyberscript/mod/data/attitudegroup/Group_Militech.json	187	0.000	2025-07-18T07:38:33.0000000Z
bin/x64/plugins/cyber_engine_tweaks/mods/cyberscript/mod/data/attitudegroup/Group_Militech_OW.json	194	0.000	2025-07-18T07:38:33.0000000Z
bin/x64/plugins/cyber_engine_tweaks/mods/cyberscript/mod/data/attitudegroup/Group_mq005_police.json	195	0.000	2025-07-18T07:38:33.0000000Z
bin/x64/plugins/cyber_engine_tweaks/mods/cyberscript/mod/data/attitudegroup/Group_mq009_homeless.json	180	0.000	2025-07-18T07:38:33.0000000Z
bin/x64/plugins/cyber_engine_tweaks/mods/cyberscript/mod/data/attitudegroup/Group_MQ010_Barry.json	194	0.000	2025-07-18T07:38:33.0000000Z
bin/x64/plugins/cyber_engine_tweaks/mods/cyberscript/mod/data/attitudegroup/Group_mq026_animals.json	197	0.000	2025-07-18T07:38:33.0000000Z
bin/x64/plugins/cyber_engine_tweaks/mods/cyberscript/mod/data/attitudegroup/Group_mq026_greencloud.json	203	0.000	2025-07-18T07:38:33.0000000Z
bin/x64/plugins/cyber_engine_tweaks/mods/cyberscript/mod/data/attitudegroup/Group_mq026_jogger.json	195	0.000	2025-07-18T07:38:33.0000000Z
bin/x64/plugins/cyber_engine_tweaks/mods/cyberscript/mod/data/attitudegroup/Group_mq026_nomads.json	196	0.000	2025-07-18T07:38:33.0000000Z
bin/x64/plugins/cyber_engine_tweaks/mods/cyberscript/mod/data/attitudegroup/Group_mq026_paparazzi.json	201	0.000	2025-07-18T07:38:33.0000000Z
bin/x64/plugins/cyber_engine_tweaks/mods/cyberscript/mod/data/attitudegroup/Group_mq026_prophet.json	198	0.000	2025-07-18T07:38:33.0000000Z
bin/x64/plugins/cyber_engine_tweaks/mods/cyberscript/mod/data/attitudegroup/Group_mq026_smuggler.json	199	0.000	2025-07-18T07:38:33.0000000Z
bin/x64/plugins/cyber_engine_tweaks/mods/cyberscript/mod/data/attitudegroup/Group_mq029_james.json	194	0.000	2025-07-18T07:38:33.0000000Z
bin/x64/plugins/cyber_engine_tweaks/mods/cyberscript/mod/data/attitudegroup/Group_mq030_cyberpsycho.json	186	0.000	2025-07-18T07:38:33.0000000Z
bin/x64/plugins/cyber_engine_tweaks/mods/cyberscript/mod/data/attitudegroup/Group_mq030_jinguji_bodyguard.json	198	0.000	2025-07-18T07:38:33.0000000Z
bin/x64/plugins/cyber_engine_tweaks/mods/cyberscript/mod/data/attitudegroup/Group_mq030_max_tac.json	178	0.000	2025-07-18T07:38:33.0000000Z
bin/x64/plugins/cyber_engine_tweaks/mods/cyberscript/mod/data/attitudegroup/Group_mq031_6th.json	194	0.000	2025-07-18T07:38:33.0000000Z
bin/x64/plugins/cyber_engine_tweaks/mods/cyberscript/mod/data/attitudegroup/Group_mq031_civilians.json	202	0.000	2025-07-18T07:38:33.0000000Z
bin/x64/plugins/cyber_engine_tweaks/mods/cyberscript/mod/data/attitudegroup/Group_mq031_combat_drone.json	212	0.000	2025-07-18T07:38:33.0000000Z
bin/x64/plugins/cyber_engine_tweaks/mods/cyberscript/mod/data/attitudegroup/Group_mq035_tyger_claws.json	186	0.000	2025-07-18T07:38:33.0000000Z
bin/x64/plugins/cyber_engine_tweaks/mods/cyberscript/mod/data/attitudegroup/Group_Neutral.json	166	0.000	2025-07-18T07:38:33.0000000Z
bin/x64/plugins/cyber_engine_tweaks/mods/cyberscript/mod/data/attitudegroup/Group_nid_01_Psycho.json	178	0.000	2025-07-18T07:38:33.0000000Z
bin/x64/plugins/cyber_engine_tweaks/mods/cyberscript/mod/data/attitudegroup/Group_nid_02_Tyger_Claws.json	213	0.000	2025-07-18T07:38:33.0000000Z
bin/x64/plugins/cyber_engine_tweaks/mods/cyberscript/mod/data/attitudegroup/Group_nid_03_Turrets.json	184	0.000	2025-07-18T07:38:33.0000000Z
bin/x64/plugins/cyber_engine_tweaks/mods/cyberscript/mod/data/attitudegroup/Group_nid_03_Tyger_Claws.json	213	0.000	2025-07-18T07:38:33.0000000Z
bin/x64/plugins/cyber_engine_tweaks/mods/cyberscript/mod/data/attitudegroup/Group_nid_04_Maelstrom.json	208	0.000	2025-07-18T07:38:33.0000000Z
bin/x64/plugins/cyber_engine_tweaks/mods/cyberscript/mod/data/attitudegroup/Group_nid_05_Maelstrom.json	208	0.000	2025-07-18T07:38:33.0000000Z
bin/x64/plugins/cyber_engine_tweaks/mods/cyberscript/mod/data/attitudegroup/Group_nid_07_AaronMcCarlson.json	194	0.000	2025-07-18T07:38:33.0000000Z
bin/x64/plugins/cyber_engine_tweaks/mods/cyberscript/mod/data/attitudegroup/Group_nid_07_maelstrom.json	184	0.000	2025-07-18T07:38:33.0000000Z
bin/x64/plugins/cyber_engine_tweaks/mods/cyberscript/mod/data/attitudegroup/Group_nid_101_Maelstrom.json	210	0.000	2025-07-18T07:38:33.0000000Z
bin/x64/plugins/cyber_engine_tweaks/mods/cyberscript/mod/data/attitudegroup/Group_nid_102_Tyger_Claws.json	215	0.000	2025-07-18T07:38:33.0000000Z
bin/x64/plugins/cyber_engine_tweaks/mods/cyberscript/mod/data/attitudegroup/Group_nid_12_Mercenaries.json	188	0.000	2025-07-18T07:38:33.0000000Z
bin/x64/plugins/cyber_engine_tweaks/mods/cyberscript/mod/data/attitudegroup/Group_Panam.json	182	0.000	2025-07-18T07:38:33.0000000Z
bin/x64/plugins/cyber_engine_tweaks/mods/cyberscript/mod/data/attitudegroup/Group_Placide.json	186	0.000	2025-07-18T07:38:33.0000000Z
bin/x64/plugins/cyber_engine_tweaks/mods/cyberscript/mod/data/attitudegroup/Group_Player.json	164	0.000	2025-07-18T07:38:33.0000000Z
bin/x64/plugins/cyber_engine_tweaks/mods/cyberscript/mod/data/attitudegroup/Group_Police.json	164	0.000	2025-07-18T07:38:33.0000000Z
bin/x64/plugins/cyber_engine_tweaks/mods/cyberscript/mod/data/attitudegroup/Group_PoliceHostile.json	195	0.000	2025-07-18T07:38:33.0000000Z
bin/x64/plugins/cyber_engine_tweaks/mods/cyberscript/mod/data/attitudegroup/Group_PreventionGlobal.json	184	0.000	2025-07-18T07:38:33.0000000Z
bin/x64/plugins/cyber_engine_tweaks/mods/cyberscript/mod/data/attitudegroup/Group_PreventionKabuki.json	184	0.000	2025-07-18T07:38:33.0000000Z
bin/x64/plugins/cyber_engine_tweaks/mods/cyberscript/mod/data/attitudegroup/Group_q000_arasaka_agents.json	209	0.000	2025-07-18T07:38:33.0000000Z
bin/x64/plugins/cyber_engine_tweaks/mods/cyberscript/mod/data/attitudegroup/Group_q000_border_patrol.json	207	0.000	2025-07-18T07:38:33.0000000Z
bin/x64/plugins/cyber_engine_tweaks/mods/cyberscript/mod/data/attitudegroup/Group_q000_roadhouse_town_defenders.json	229	0.000	2025-07-18T07:38:33.0000000Z
bin/x64/plugins/cyber_engine_tweaks/mods/cyberscript/mod/data/attitudegroup/Group_Q001_scavengers.json	203	0.000	2025-07-18T07:38:33.0000000Z
bin/x64/plugins/cyber_engine_tweaks/mods/cyberscript/mod/data/attitudegroup/Group_Q003_Dexter.json	194	0.000	2025-07-18T07:38:33.0000000Z
bin/x64/plugins/cyber_engine_tweaks/mods/cyberscript/mod/data/attitudegroup/Group_q003_maelstrom.json	180	0.000	2025-07-18T07:38:33.0000000Z
bin/x64/plugins/cyber_engine_tweaks/mods/cyberscript/mod/data/attitudegroup/Group_q003_militech.json	178	0.000	2025-07-18T07:38:33.0000000Z
bin/x64/plugins/cyber_engine_tweaks/mods/cyberscript/mod/data/attitudegroup/Group_Q005_arasaka_hotel.json	207	0.000	2025-07-18T07:38:33.0000000Z
bin/x64/plugins/cyber_engine_tweaks/mods/cyberscript/mod/data/attitudegroup/Group_Q101_Arasakas.json	197	0.000	2025-07-18T07:38:33.0000000Z
bin/x64/plugins/cyber_engine_tweaks/mods/cyberscript/mod/data/attitudegroup/Group_Q103_6th_Street.json	182	0.000	2025-07-18T07:38:33.0000000Z
bin/x64/plugins/cyber_engine_tweaks/mods/cyberscript/mod/data/attitudegroup/Group_Q103_Raffen_Shiv.json	184	0.000	2025-07-18T07:38:33.0000000Z
bin/x64/plugins/cyber_engine_tweaks/mods/cyberscript/mod/data/attitudegroup/Group_Q104_Neutral_Petrochem.json	197	0.000	2025-07-18T07:38:33.0000000Z
bin/x64/plugins/cyber_engine_tweaks/mods/cyberscript/mod/data/attitudegroup/Group_Q104_Petrochem_Operators.json	200	0.000	2025-07-18T07:38:33.0000000Z
bin/x64/plugins/cyber_engine_tweaks/mods/cyberscript/mod/data/attitudegroup/Group_q105_04d_gang_m_01.json	207	0.000	2025-07-18T07:38:33.0000000Z
bin/x64/plugins/cyber_engine_tweaks/mods/cyberscript/mod/data/attitudegroup/Group_q105_04d_gang_m_02t.json	208	0.000	2025-07-18T07:38:33.0000000Z
bin/x64/plugins/cyber_engine_tweaks/mods/cyberscript/mod/data/attitudegroup/Group_q105_receptionist.json	206	0.000	2025-07-18T07:38:33.0000000Z
bin/x64/plugins/cyber_engine_tweaks/mods/cyberscript/mod/data/attitudegroup/Group_q105_scavengers.json	206	0.000	2025-07-18T07:38:33.0000000Z
bin/x64/plugins/cyber_engine_tweaks/mods/cyberscript/mod/data/attitudegroup/Group_q105_tyger_claws.json	208	0.000	2025-07-18T07:38:33.0000000Z
bin/x64/plugins/cyber_engine_tweaks/mods/cyberscript/mod/data/attitudegroup/Group_q105_tyger_goons.json	208	0.000	2025-07-18T07:38:33.0000000Z
bin/x64/plugins/cyber_engine_tweaks/mods/cyberscript/mod/data/attitudegroup/Group_q108_arasaka.json	195	0.000	2025-07-18T07:38:33.0000000Z
bin/x64/plugins/cyber_engine_tweaks/mods/cyberscript/mod/data/attitudegroup/Group_q108_arasaka_lift.json	205	0.000	2025-07-18T07:38:33.0000000Z
bin/x64/plugins/cyber_engine_tweaks/mods/cyberscript/mod/data/attitudegroup/Group_q108_backalley_thugs.json	211	0.000	2025-07-18T07:38:33.0000000Z
bin/x64/plugins/cyber_engine_tweaks/mods/cyberscript/mod/data/attitudegroup/Group_Q110_mall_animals.json	205	0.000	2025-07-18T07:38:33.0000000Z
bin/x64/plugins/cyber_engine_tweaks/mods/cyberscript/mod/data/attitudegroup/Group_Q110_netwatch_agent.json	190	0.000	2025-07-18T07:38:33.0000000Z
bin/x64/plugins/cyber_engine_tweaks/mods/cyberscript/mod/data/attitudegroup/Group_Q110_voodoo_boys.json	184	0.000	2025-07-18T07:38:33.0000000Z
bin/x64/plugins/cyber_engine_tweaks/mods/cyberscript/mod/data/attitudegroup/Group_Q112_TroysGoons.json	203	0.000	2025-07-18T07:38:33.0000000Z
bin/x64/plugins/cyber_engine_tweaks/mods/cyberscript/mod/data/attitudegroup/Group_q203_arasaka.json	195	0.000	2025-07-18T07:38:33.0000000Z
bin/x64/plugins/cyber_engine_tweaks/mods/cyberscript/mod/data/attitudegroup/Group_rcr_01_Community.json	184	0.000	2025-07-18T07:38:33.0000000Z
bin/x64/plugins/cyber_engine_tweaks/mods/cyberscript/mod/data/attitudegroup/Group_rcr_02_Security.json	182	0.000	2025-07-18T07:38:33.0000000Z
bin/x64/plugins/cyber_engine_tweaks/mods/cyberscript/mod/data/attitudegroup/Group_rcr_03_6thstreet.json	208	0.000	2025-07-18T07:38:33.0000000Z
bin/x64/plugins/cyber_engine_tweaks/mods/cyberscript/mod/data/attitudegroup/Group_rcr_03_turrets.json	180	0.000	2025-07-18T07:38:33.0000000Z
bin/x64/plugins/cyber_engine_tweaks/mods/cyberscript/mod/data/attitudegroup/Group_rcr_04_Gangers.json	186	0.000	2025-07-18T07:38:33.0000000Z
bin/x64/plugins/cyber_engine_tweaks/mods/cyberscript/mod/data/attitudegroup/Group_rcr_05_Cyberpsycho.json	188	0.000	2025-07-18T07:38:33.0000000Z
bin/x64/plugins/cyber_engine_tweaks/mods/cyberscript/mod/data/attitudegroup/Group_rey_01_Valentinos.json	211	0.000	2025-07-18T07:38:33.0000000Z
bin/x64/plugins/cyber_engine_tweaks/mods/cyberscript/mod/data/attitudegroup/Group_rey_01_Valentinos_ground_floor.json	237	0.000	2025-07-18T07:38:33.0000000Z
bin/x64/plugins/cyber_engine_tweaks/mods/cyberscript/mod/data/attitudegroup/Group_rey_02_Valentinos.json	211	0.000	2025-07-18T07:38:33.0000000Z
bin/x64/plugins/cyber_engine_tweaks/mods/cyberscript/mod/data/attitudegroup/Group_rey_06_Valentinos.json	211	0.000	2025-07-18T07:38:33.0000000Z
bin/x64/plugins/cyber_engine_tweaks/mods/cyberscript/mod/data/attitudegroup/Group_rey_08_Valentinos.json	211	0.000	2025-07-18T07:38:33.0000000Z
bin/x64/plugins/cyber_engine_tweaks/mods/cyberscript/mod/data/attitudegroup/Group_rey_09_Tyger_Claws.json	213	0.000	2025-07-18T07:38:33.0000000Z
bin/x64/plugins/cyber_engine_tweaks/mods/cyberscript/mod/data/attitudegroup/Group_roadblocks_prolog_Arasaka.json	202	0.000	2025-07-18T07:38:33.0000000Z
bin/x64/plugins/cyber_engine_tweaks/mods/cyberscript/mod/data/attitudegroup/Group_Rogue.json	182	0.000	2025-07-18T07:38:33.0000000Z
bin/x64/plugins/cyber_engine_tweaks/mods/cyberscript/mod/data/attitudegroup/Group_Roxanne.json	186	0.000	2025-07-18T07:38:33.0000000Z
bin/x64/plugins/cyber_engine_tweaks/mods/cyberscript/mod/data/attitudegroup/Group_Royce.json	162	0.000	2025-07-18T07:38:33.0000000Z
bin/x64/plugins/cyber_engine_tweaks/mods/cyberscript/mod/data/attitudegroup/Group_Santiago.json	188	0.000	2025-07-18T07:38:33.0000000Z
bin/x64/plugins/cyber_engine_tweaks/mods/cyberscript/mod/data/attitudegroup/Group_Scavenger.json	189	0.000	2025-07-18T07:38:33.0000000Z
bin/x64/plugins/cyber_engine_tweaks/mods/cyberscript/mod/data/attitudegroup/Group_Scavenger_OW.json	197	0.000	2025-07-18T07:38:33.0000000Z
bin/x64/plugins/cyber_engine_tweaks/mods/cyberscript/mod/data/attitudegroup/Group_Security_OW.json	191	0.000	2025-07-18T07:38:33.0000000Z
bin/x64/plugins/cyber_engine_tweaks/mods/cyberscript/mod/data/attitudegroup/Group_SecurityHostile.json	201	0.000	2025-07-18T07:38:33.0000000Z
bin/x64/plugins/cyber_engine_tweaks/mods/cyberscript/mod/data/attitudegroup/Group_Sobchak.json	186	0.000	2025-07-18T07:38:33.0000000Z
bin/x64/plugins/cyber_engine_tweaks/mods/cyberscript/mod/data/attitudegroup/Group_spr_01_Valentinos.json	211	0.000	2025-07-18T07:38:33.0000000Z
bin/x64/plugins/cyber_engine_tweaks/mods/cyberscript/mod/data/attitudegroup/Group_spr_03_Valentinos.json	211	0.000	2025-07-18T07:38:33.0000000Z
bin/x64/plugins/cyber_engine_tweaks/mods/cyberscript/mod/data/attitudegroup/Group_spr_06_Animals.json	202	0.000	2025-07-18T07:38:33.0000000Z
bin/x64/plugins/cyber_engine_tweaks/mods/cyberscript/mod/data/attitudegroup/Group_spr_08_Militech.json	205	0.000	2025-07-18T07:38:33.0000000Z
bin/x64/plugins/cyber_engine_tweaks/mods/cyberscript/mod/data/attitudegroup/Group_spr_08_NonCombat.json	204	0.000	2025-07-18T07:38:33.0000000Z
bin/x64/plugins/cyber_engine_tweaks/mods/cyberscript/mod/data/attitudegroup/Group_sq004_Raffen_Shiv.json	205	0.000	2025-07-18T07:38:33.0000000Z
bin/x64/plugins/cyber_engine_tweaks/mods/cyberscript/mod/data/attitudegroup/Group_sq006_tyger_claws.json	205	0.000	2025-07-18T07:38:33.0000000Z
bin/x64/plugins/cyber_engine_tweaks/mods/cyberscript/mod/data/attitudegroup/Group_sq011_animals.json	178	0.000	2025-07-18T07:38:33.0000000Z
bin/x64/plugins/cyber_engine_tweaks/mods/cyberscript/mod/data/attitudegroup/Group_sq011_kerry_bots.json	203	0.000	2025-07-18T07:38:33.0000000Z
bin/x64/plugins/cyber_engine_tweaks/mods/cyberscript/mod/data/attitudegroup/Group_sq011_maelstrom.json	201	0.000	2025-07-18T07:38:33.0000000Z
bin/x64/plugins/cyber_engine_tweaks/mods/cyberscript/mod/data/attitudegroup/Group_sq011_maelstrom_doors.json	213	0.000	2025-07-18T07:38:33.0000000Z
bin/x64/plugins/cyber_engine_tweaks/mods/cyberscript/mod/data/attitudegroup/Group_sq011_nancy.json	194	0.000	2025-07-18T07:38:33.0000000Z
bin/x64/plugins/cyber_engine_tweaks/mods/cyberscript/mod/data/attitudegroup/Group_sq011_patricia.json	199	0.000	2025-07-18T07:38:33.0000000Z
bin/x64/plugins/cyber_engine_tweaks/mods/cyberscript/mod/data/attitudegroup/Group_sq012_6th_street.json	203	0.000	2025-07-18T07:38:33.0000000Z
bin/x64/plugins/cyber_engine_tweaks/mods/cyberscript/mod/data/attitudegroup/Group_sq012_tyger_claws.json	205	0.000	2025-07-18T07:38:33.0000000Z
bin/x64/plugins/cyber_engine_tweaks/mods/cyberscript/mod/data/attitudegroup/Group_SQ017_Nightclub_Guards.json	196	0.000	2025-07-18T07:38:33.0000000Z
bin/x64/plugins/cyber_engine_tweaks/mods/cyberscript/mod/data/attitudegroup/Group_SQ018_6thStreet.json	182	0.000	2025-07-18T07:38:33.0000000Z
bin/x64/plugins/cyber_engine_tweaks/mods/cyberscript/mod/data/attitudegroup/Group_SQ018_Bernie.json	176	0.000	2025-07-18T07:38:33.0000000Z
bin/x64/plugins/cyber_engine_tweaks/mods/cyberscript/mod/data/attitudegroup/Group_SQ018_MaxTac.json	176	0.000	2025-07-18T07:38:33.0000000Z
bin/x64/plugins/cyber_engine_tweaks/mods/cyberscript/mod/data/attitudegroup/Group_SQ018_Melissa.json	178	0.000	2025-07-18T07:38:33.0000000Z
bin/x64/plugins/cyber_engine_tweaks/mods/cyberscript/mod/data/attitudegroup/Group_SQ018_Valentinos.json	184	0.000	2025-07-18T07:38:33.0000000Z
bin/x64/plugins/cyber_engine_tweaks/mods/cyberscript/mod/data/attitudegroup/Group_SQ022_Megablock_Gangers.json	217	0.000	2025-07-18T07:38:33.0000000Z
bin/x64/plugins/cyber_engine_tweaks/mods/cyberscript/mod/data/attitudegroup/Group_sq023_joshua.json	176	0.000	2025-07-18T07:38:33.0000000Z
bin/x64/plugins/cyber_engine_tweaks/mods/cyberscript/mod/data/attitudegroup/Group_sq023_vasquez.json	178	0.000	2025-07-18T07:38:33.0000000Z
bin/x64/plugins/cyber_engine_tweaks/mods/cyberscript/mod/data/attitudegroup/Group_sq024_race_team_1.json	186	0.000	2025-07-18T07:38:33.0000000Z
bin/x64/plugins/cyber_engine_tweaks/mods/cyberscript/mod/data/attitudegroup/Group_sq024_race_team_2.json	186	0.000	2025-07-18T07:38:33.0000000Z
bin/x64/plugins/cyber_engine_tweaks/mods/cyberscript/mod/data/attitudegroup/Group_sq024_race_team_3.json	186	0.000	2025-07-18T07:38:33.0000000Z
bin/x64/plugins/cyber_engine_tweaks/mods/cyberscript/mod/data/attitudegroup/Group_sq024_race_team_4.json	186	0.000	2025-07-18T07:38:33.0000000Z
bin/x64/plugins/cyber_engine_tweaks/mods/cyberscript/mod/data/attitudegroup/Group_sq024_race_team_5.json	186	0.000	2025-07-18T07:38:33.0000000Z
bin/x64/plugins/cyber_engine_tweaks/mods/cyberscript/mod/data/attitudegroup/Group_sq025_delamain_drones.json	213	0.000	2025-07-18T07:38:33.0000000Z
bin/x64/plugins/cyber_engine_tweaks/mods/cyberscript/mod/data/attitudegroup/Group_sq025_delamain_drones_divergent.json	233	0.000	2025-07-18T07:38:33.0000000Z
bin/x64/plugins/cyber_engine_tweaks/mods/cyberscript/mod/data/attitudegroup/Group_sq025_netwatch_fake.json	190	0.000	2025-07-18T07:38:33.0000000Z
bin/x64/plugins/cyber_engine_tweaks/mods/cyberscript/mod/data/attitudegroup/Group_sq025_netwatch_real.json	190	0.000	2025-07-18T07:38:33.0000000Z
bin/x64/plugins/cyber_engine_tweaks/mods/cyberscript/mod/data/attitudegroup/Group_sq026_dollhouse_security.json	224	0.000	2025-07-18T07:38:33.0000000Z
bin/x64/plugins/cyber_engine_tweaks/mods/cyberscript/mod/data/attitudegroup/Group_sq026_hiromi.json	196	0.000	2025-07-18T07:38:33.0000000Z
bin/x64/plugins/cyber_engine_tweaks/mods/cyberscript/mod/data/attitudegroup/Group_sq026_hiromi_security.json	218	0.000	2025-07-18T07:38:33.0000000Z
bin/x64/plugins/cyber_engine_tweaks/mods/cyberscript/mod/data/attitudegroup/Group_sq026_maintenance_worker.json	224	0.000	2025-07-18T07:38:33.0000000Z
bin/x64/plugins/cyber_engine_tweaks/mods/cyberscript/mod/data/attitudegroup/Group_sq031_maelstrom.json	201	0.000	2025-07-18T07:38:33.0000000Z
bin/x64/plugins/cyber_engine_tweaks/mods/cyberscript/mod/data/attitudegroup/Group_sts_nid_06_enemy.json	208	0.000	2025-07-18T07:38:33.0000000Z
bin/x64/plugins/cyber_engine_tweaks/mods/cyberscript/mod/data/attitudegroup/Group_Takemura.json	188	0.000	2025-07-18T07:38:33.0000000Z
bin/x64/plugins/cyber_engine_tweaks/mods/cyberscript/mod/data/attitudegroup/Group_Tom.json	178	0.000	2025-07-18T07:38:33.0000000Z
bin/x64/plugins/cyber_engine_tweaks/mods/cyberscript/mod/data/attitudegroup/Group_TraumaTeam.json	191	0.000	2025-07-18T07:38:34.0000000Z
bin/x64/plugins/cyber_engine_tweaks/mods/cyberscript/mod/data/attitudegroup/Group_TygerClaws.json	191	0.000	2025-07-18T07:38:34.0000000Z
bin/x64/plugins/cyber_engine_tweaks/mods/cyberscript/mod/data/attitudegroup/Group_TygerClaws_OW.json	200	0.000	2025-07-18T07:38:34.0000000Z
bin/x64/plugins/cyber_engine_tweaks/mods/cyberscript/mod/data/attitudegroup/Group_Valentinos.json	191	0.000	2025-07-18T07:38:34.0000000Z
bin/x64/plugins/cyber_engine_tweaks/mods/cyberscript/mod/data/attitudegroup/Group_Valentinos_OW.json	200	0.000	2025-07-18T07:38:34.0000000Z
bin/x64/plugins/cyber_engine_tweaks/mods/cyberscript/mod/data/attitudegroup/Group_Vendor_OW.json	190	0.000	2025-07-18T07:38:34.0000000Z
bin/x64/plugins/cyber_engine_tweaks/mods/cyberscript/mod/data/attitudegroup/Group_VoodooBoys.json	191	0.000	2025-07-18T07:38:34.0000000Z
bin/x64/plugins/cyber_engine_tweaks/mods/cyberscript/mod/data/attitudegroup/Group_VoodooBoys_OW.json	200	0.000	2025-07-18T07:38:34.0000000Z
bin/x64/plugins/cyber_engine_tweaks/mods/cyberscript/mod/data/attitudegroup/Group_Weyland.json	186	0.000	2025-07-18T07:38:34.0000000Z
bin/x64/plugins/cyber_engine_tweaks/mods/cyberscript/mod/data/attitudegroup/Group_Wraiths.json	185	0.000	2025-07-18T07:38:34.0000000Z
bin/x64/plugins/cyber_engine_tweaks/mods/cyberscript/mod/data/attitudegroup/Group_Wraiths_OW.json	191	0.000	2025-07-18T07:38:34.0000000Z
bin/x64/plugins/cyber_engine_tweaks/mods/cyberscript/mod/data/attitudegroup/Group_wwd_05_Animals.json	202	0.000	2025-07-18T07:38:34.0000000Z
bin/x64/plugins/cyber_engine_tweaks/mods/cyberscript/mod/data/attitudegroup/Group_Yorinobu_Guards.json	182	0.000	2025-07-18T07:38:34.0000000Z
bin/x64/plugins/cyber_engine_tweaks/mods/cyberscript/mod/data/attitudegroup/QuickHack_Madness.json	180	0.000	2025-07-18T07:38:34.0000000Z
bin/x64/plugins/cyber_engine_tweaks/mods/cyberscript/mod/data/bounty_transgression.json	1317	0.001	2025-07-18T07:38:32.0000000Z
bin/x64/plugins/cyber_engine_tweaks/mods/cyberscript/mod/data/CharacterTable.xlsx	151125	0.144	2025-07-18T07:38:32.0000000Z
bin/x64/plugins/cyber_engine_tweaks/mods/cyberscript/mod/data/ChoiceIcons.json	1873	0.002	2025-07-18T07:38:32.0000000Z
bin/x64/plugins/cyber_engine_tweaks/mods/cyberscript/mod/data/codex.json	7480	0.007	2025-07-18T07:38:32.0000000Z
bin/x64/plugins/cyber_engine_tweaks/mods/cyberscript/mod/data/codex_raw.txt	7325	0.007	2025-07-18T07:38:32.0000000Z
bin/x64/plugins/cyber_engine_tweaks/mods/cyberscript/mod/data/contexttemplate.json	3366	0.003	2025-07-18T07:38:32.0000000Z
bin/x64/plugins/cyber_engine_tweaks/mods/cyberscript/mod/data/corpolist.json	8994	0.009	2025-07-18T07:38:32.0000000Z
bin/x64/plugins/cyber_engine_tweaks/mods/cyberscript/mod/data/districts.json	4185	0.004	2025-07-18T07:38:32.0000000Z
bin/x64/plugins/cyber_engine_tweaks/mods/cyberscript/mod/data/effects.json	5768163	5.501	2025-07-18T07:38:32.0000000Z
bin/x64/plugins/cyber_engine_tweaks/mods/cyberscript/mod/data/entities.lua	2663028	2.540	2025-07-18T07:38:32.0000000Z
bin/x64/plugins/cyber_engine_tweaks/mods/cyberscript/mod/data/entitieshash.lua	2777508	2.649	2025-07-18T07:38:32.0000000Z
bin/x64/plugins/cyber_engine_tweaks/mods/cyberscript/mod/data/facial.json	1279	0.001	2025-07-18T07:38:32.0000000Z
bin/x64/plugins/cyber_engine_tweaks/mods/cyberscript/mod/data/fact.lua	725534	0.692	2025-07-18T07:38:32.0000000Z
bin/x64/plugins/cyber_engine_tweaks/mods/cyberscript/mod/data/factdump.lua	298540	0.285	2025-07-18T07:38:32.0000000Z
bin/x64/plugins/cyber_engine_tweaks/mods/cyberscript/mod/data/factdump.txt	257913	0.246	2025-07-18T07:38:32.0000000Z
bin/x64/plugins/cyber_engine_tweaks/mods/cyberscript/mod/data/fasttravelmarkref.json	22935	0.022	2025-07-18T07:38:32.0000000Z
bin/x64/plugins/cyber_engine_tweaks/mods/cyberscript/mod/data/gameaffinity.json	7778	0.007	2025-07-18T07:38:32.0000000Z
bin/x64/plugins/cyber_engine_tweaks/mods/cyberscript/mod/data/gamesounds.json	664539	0.634	2025-07-18T07:38:32.0000000Z
bin/x64/plugins/cyber_engine_tweaks/mods/cyberscript/mod/data/getItems.json	7451324	7.106	2025-07-18T07:38:33.0000000Z
bin/x64/plugins/cyber_engine_tweaks/mods/cyberscript/mod/data/imageGlossary.json	2437	0.002	2025-07-18T07:38:33.0000000Z
bin/x64/plugins/cyber_engine_tweaks/mods/cyberscript/mod/data/inputUserMappings.xml	55606	0.053	2025-07-18T07:38:33.0000000Z
bin/x64/plugins/cyber_engine_tweaks/mods/cyberscript/mod/data/nouveau 1.txt	413	0.000	2025-07-18T07:38:33.0000000Z
bin/x64/plugins/cyber_engine_tweaks/mods/cyberscript/mod/data/npcstar.json	7053	0.007	2025-07-18T07:38:33.0000000Z
bin/x64/plugins/cyber_engine_tweaks/mods/cyberscript/mod/data/settings.lua	13420	0.013	2025-07-18T07:38:33.0000000Z
bin/x64/plugins/cyber_engine_tweaks/mods/cyberscript/mod/data/startaffinity.json	2386	0.002	2025-07-18T07:38:33.0000000Z
bin/x64/plugins/cyber_engine_tweaks/mods/cyberscript/mod/data/statuteffect.json	83743	0.080	2025-07-18T07:38:33.0000000Z
bin/x64/plugins/cyber_engine_tweaks/mods/cyberscript/mod/data/theme.json	1954	0.002	2025-07-18T07:38:33.0000000Z
bin/x64/plugins/cyber_engine_tweaks/mods/cyberscript/mod/data/triggertemplate.json	37516	0.036	2026-08-23T08:21:23.7698368Z
bin/x64/plugins/cyber_engine_tweaks/mods/cyberscript/mod/data/triggertemplate.lua	38583	0.037	2025-07-18T07:38:33.0000000Z
bin/x64/plugins/cyber_engine_tweaks/mods/cyberscript/mod/data/vehicles.json	26374	0.025	2025-07-18T07:38:33.0000000Z
bin/x64/plugins/cyber_engine_tweaks/mods/cyberscript/mod/data/workspot.lua	4656511	4.441	2025-07-18T07:38:33.0000000Z
bin/x64/plugins/cyber_engine_tweaks/mods/cyberscript/mod/external/AIControl.lua	10678	0.010	2025-07-18T07:38:34.0000000Z
bin/x64/plugins/cyber_engine_tweaks/mods/cyberscript/mod/external/amm_component.json	88552	0.084	2025-07-18T07:38:34.0000000Z
bin/x64/plugins/cyber_engine_tweaks/mods/cyberscript/mod/external/amm_entities.json	1209662	1.154	2025-07-18T07:38:34.0000000Z
bin/x64/plugins/cyber_engine_tweaks/mods/cyberscript/mod/external/attachment-slots.lua	8639	0.008	2025-07-18T07:38:34.0000000Z
bin/x64/plugins/cyber_engine_tweaks/mods/cyberscript/mod/external/attributes.lua	572	0.001	2025-07-18T07:38:34.0000000Z
bin/x64/plugins/cyber_engine_tweaks/mods/cyberscript/mod/external/CorruptNCPDLang.lua	13754	0.013	2025-07-18T07:38:34.0000000Z
bin/x64/plugins/cyber_engine_tweaks/mods/cyberscript/mod/external/cpstyling.lua	29481	0.028	2025-07-18T07:38:34.0000000Z
bin/x64/plugins/cyber_engine_tweaks/mods/cyberscript/mod/external/cpstyling_default.lua	10448	0.010	2025-07-18T07:38:34.0000000Z
bin/x64/plugins/cyber_engine_tweaks/mods/cyberscript/mod/external/crafting-components.lua	1383	0.001	2025-07-18T07:38:34.0000000Z
bin/x64/plugins/cyber_engine_tweaks/mods/cyberscript/mod/external/Cron.lua	3021	0.003	2025-07-18T07:38:34.0000000Z
bin/x64/plugins/cyber_engine_tweaks/mods/cyberscript/mod/external/equipment-areas.lua	2419	0.002	2025-07-18T07:38:34.0000000Z
bin/x64/plugins/cyber_engine_tweaks/mods/cyberscript/mod/external/EventProxy.lua	7285	0.007	2025-07-18T07:38:34.0000000Z
bin/x64/plugins/cyber_engine_tweaks/mods/cyberscript/mod/external/GameHUD.lua	843	0.001	2025-07-18T07:38:34.0000000Z
bin/x64/plugins/cyber_engine_tweaks/mods/cyberscript/mod/external/GameSession.lua	28422	0.027	2025-07-18T07:38:34.0000000Z
bin/x64/plugins/cyber_engine_tweaks/mods/cyberscript/mod/external/GameSettings.lua	8047	0.008	2025-07-18T07:38:34.0000000Z
bin/x64/plugins/cyber_engine_tweaks/mods/cyberscript/mod/external/GameUI.lua	39537	0.038	2025-07-18T07:38:34.0000000Z
bin/x64/plugins/cyber_engine_tweaks/mods/cyberscript/mod/external/ImGuiExtension.lua	1550	0.001	2025-07-18T07:38:34.0000000Z
bin/x64/plugins/cyber_engine_tweaks/mods/cyberscript/mod/external/json.lua	70971	0.068	2025-07-18T07:38:34.0000000Z
bin/x64/plugins/cyber_engine_tweaks/mods/cyberscript/mod/external/perks.lua	52780	0.050	2025-07-18T07:38:34.0000000Z
bin/x64/plugins/cyber_engine_tweaks/mods/cyberscript/mod/external/perks-by-alias.lua	134	0.000	2025-07-18T07:38:34.0000000Z
bin/x64/plugins/cyber_engine_tweaks/mods/cyberscript/mod/external/Ref.lua	1357	0.001	2025-07-18T07:38:34.0000000Z
bin/x64/plugins/cyber_engine_tweaks/mods/cyberscript/mod/external/skills.lua	2118	0.002	2025-07-18T07:38:34.0000000Z
bin/x64/plugins/cyber_engine_tweaks/mods/cyberscript/mod/external/styles.lua	10263	0.010	2025-07-18T07:38:34.0000000Z
bin/x64/plugins/cyber_engine_tweaks/mods/cyberscript/mod/external/TargetingHelper.lua	7083	0.007	2025-07-18T07:38:34.0000000Z
bin/x64/plugins/cyber_engine_tweaks/mods/cyberscript/mod/external/tweakdb-ids.lua	413580	0.394	2025-07-18T07:38:34.0000000Z
bin/x64/plugins/cyber_engine_tweaks/mods/cyberscript/mod/external/tweakdb-meta.lua	725534	0.692	2025-07-18T07:38:34.0000000Z
bin/x64/plugins/cyber_engine_tweaks/mods/cyberscript/mod/external/UIButton.lua	4990	0.005	2025-07-18T07:38:34.0000000Z
bin/x64/plugins/cyber_engine_tweaks/mods/cyberscript/mod/external/UIPopupsManager.lua	1765	0.002	2025-07-18T07:38:34.0000000Z
bin/x64/plugins/cyber_engine_tweaks/mods/cyberscript/mod/external/UIScroller.lua	6490	0.006	2025-07-18T07:38:34.0000000Z
bin/x64/plugins/cyber_engine_tweaks/mods/cyberscript/mod/external/Vector2.lua	6567	0.006	2025-07-18T07:38:34.0000000Z
bin/x64/plugins/cyber_engine_tweaks/mods/cyberscript/mod/modules/api.lua	1587	0.002	2025-07-18T07:38:34.0000000Z
bin/x64/plugins/cyber_engine_tweaks/mods/cyberscript/mod/modules/av.lua	19739	0.019	2025-07-18T07:38:34.0000000Z
bin/x64/plugins/cyber_engine_tweaks/mods/cyberscript/mod/modules/core.lua	20150	0.019	2025-07-18T07:38:34.0000000Z
bin/x64/plugins/cyber_engine_tweaks/mods/cyberscript/mod/modules/db.lua	1077	0.001	2025-07-18T07:38:34.0000000Z
bin/x64/plugins/cyber_engine_tweaks/mods/cyberscript/mod/modules/gang.lua	16064	0.015	2025-07-18T07:38:34.0000000Z
bin/x64/plugins/cyber_engine_tweaks/mods/cyberscript/mod/modules/housing.lua	21558	0.021	2025-07-18T07:38:34.0000000Z
bin/x64/plugins/cyber_engine_tweaks/mods/cyberscript/mod/modules/inputManager.lua	10148	0.010	2025-07-18T07:38:34.0000000Z
bin/x64/plugins/cyber_engine_tweaks/mods/cyberscript/mod/modules/interactionUI.lua	8668	0.008	2025-07-18T07:38:34.0000000Z
bin/x64/plugins/cyber_engine_tweaks/mods/cyberscript/mod/modules/inventory.lua	95	0.000	2025-07-18T07:38:34.0000000Z
bin/x64/plugins/cyber_engine_tweaks/mods/cyberscript/mod/modules/loader.lua	4404	0.004	2025-07-18T07:38:34.0000000Z
bin/x64/plugins/cyber_engine_tweaks/mods/cyberscript/mod/modules/location.lua	4856	0.005	2025-07-18T07:38:34.0000000Z
bin/x64/plugins/cyber_engine_tweaks/mods/cyberscript/mod/modules/modpack.lua	41345	0.039	2025-07-18T07:38:34.0000000Z
bin/x64/plugins/cyber_engine_tweaks/mods/cyberscript/mod/modules/npc.lua	103107	0.098	2025-07-18T07:38:34.0000000Z
bin/x64/plugins/cyber_engine_tweaks/mods/cyberscript/mod/modules/observer_call.lua	25113	0.024	2025-07-18T07:38:34.0000000Z
bin/x64/plugins/cyber_engine_tweaks/mods/cyberscript/mod/modules/observer_function.lua	11564	0.011	2025-07-18T07:38:34.0000000Z
bin/x64/plugins/cyber_engine_tweaks/mods/cyberscript/mod/modules/observers/browser.lua	160097	0.153	2025-07-18T07:38:34.0000000Z
bin/x64/plugins/cyber_engine_tweaks/mods/cyberscript/mod/modules/observers/codex.lua	11993	0.011	2025-07-18T07:38:34.0000000Z
bin/x64/plugins/cyber_engine_tweaks/mods/cyberscript/mod/modules/observers/gamecontroller.lua	9272	0.009	2025-07-18T07:38:34.0000000Z
bin/x64/plugins/cyber_engine_tweaks/mods/cyberscript/mod/modules/observers/important.lua	1569	0.001	2025-07-18T07:38:34.0000000Z
bin/x64/plugins/cyber_engine_tweaks/mods/cyberscript/mod/modules/observers/mappin.lua	2456	0.002	2025-07-18T07:38:34.0000000Z
bin/x64/plugins/cyber_engine_tweaks/mods/cyberscript/mod/modules/observers/npcpuppet.lua	7903	0.008	2025-07-18T07:38:34.0000000Z
bin/x64/plugins/cyber_engine_tweaks/mods/cyberscript/mod/modules/observers/phone.lua	30213	0.029	2025-07-18T07:38:34.0000000Z
bin/x64/plugins/cyber_engine_tweaks/mods/cyberscript/mod/modules/observers/player.lua	2426	0.002	2025-07-18T07:38:34.0000000Z
bin/x64/plugins/cyber_engine_tweaks/mods/cyberscript/mod/modules/observers/quest.lua	27012	0.026	2025-07-18T07:38:34.0000000Z
bin/x64/plugins/cyber_engine_tweaks/mods/cyberscript/mod/modules/observers/scanner.lua	18168	0.017	2025-07-18T07:38:34.0000000Z
bin/x64/plugins/cyber_engine_tweaks/mods/cyberscript/mod/modules/observers/subtitle.lua	4410	0.004	2025-07-18T07:38:34.0000000Z
bin/x64/plugins/cyber_engine_tweaks/mods/cyberscript/mod/modules/observers/worldmap.lua	10486	0.010	2025-07-18T07:38:34.0000000Z
bin/x64/plugins/cyber_engine_tweaks/mods/cyberscript/mod/modules/place.lua	4316	0.004	2025-07-18T07:38:34.0000000Z
bin/x64/plugins/cyber_engine_tweaks/mods/cyberscript/mod/modules/quest.lua	21059	0.020	2025-07-18T07:38:34.0000000Z
bin/x64/plugins/cyber_engine_tweaks/mods/cyberscript/mod/modules/quest_manager.lua	18356	0.018	2025-07-18T07:38:34.0000000Z
bin/x64/plugins/cyber_engine_tweaks/mods/cyberscript/mod/modules/relation.lua	12191	0.012	2025-07-18T07:38:34.0000000Z
bin/x64/plugins/cyber_engine_tweaks/mods/cyberscript/mod/modules/saves.lua	11345	0.011	2025-07-18T07:38:34.0000000Z
bin/x64/plugins/cyber_engine_tweaks/mods/cyberscript/mod/modules/scripting.lua	127688	0.122	2025-07-18T07:38:34.0000000Z
bin/x64/plugins/cyber_engine_tweaks/mods/cyberscript/mod/modules/see.lua	467311	0.446	2025-07-18T07:38:34.0000000Z
bin/x64/plugins/cyber_engine_tweaks/mods/cyberscript/mod/modules/shop.lua	90	0.000	2025-07-18T07:38:34.0000000Z
bin/x64/plugins/cyber_engine_tweaks/mods/cyberscript/mod/modules/sound.lua	3773	0.004	2025-07-18T07:38:34.0000000Z
bin/x64/plugins/cyber_engine_tweaks/mods/cyberscript/mod/modules/ui.lua	102102	0.097	2025-07-18T07:38:34.0000000Z
bin/x64/plugins/cyber_engine_tweaks/mods/cyberscript/mod/modules/utils.lua	52191	0.050	2025-07-18T07:38:34.0000000Z
bin/x64/plugins/cyber_engine_tweaks/mods/cyberscript/mod/modules/var.lua	164070	0.156	2025-07-18T07:38:34.0000000Z
bin/x64/plugins/cyber_engine_tweaks/mods/cyberscript/user/editor_output/placeholder	0	0.000	2025-07-18T07:38:34.0000000Z
bin/x64/plugins/cyber_engine_tweaks/mods/cyberscript/user/settings/cyberscript.json	536	0.001	2026-07-12T07:36:45.0848293Z
bin/x64/plugins/cyber_engine_tweaks/mods/cyberscript/user/settings/placeholder	0	0.000	2025-07-18T07:38:34.0000000Z
bin/x64/plugins/cyber_engine_tweaks/mods/cyberscript/user/settings/userinput.json	1008	0.001	2026-07-12T07:36:45.0868555Z
bin/x64/plugins/cyber_engine_tweaks/mods/Cyberware Improved - Bioconductor and Iconic/db.sqlite3	0	0.000	2025-10-10T10:15:05.0016098Z
bin/x64/plugins/cyber_engine_tweaks/mods/Cyberware Improved - Bioconductor and Iconic/init.lua	6549	0.006	2026-07-07T00:48:22.1810240Z
bin/x64/plugins/cyber_engine_tweaks/mods/Cyberware Improved - Biomonitor/db.sqlite3	0	0.000	2025-10-10T10:15:05.0026097Z
bin/x64/plugins/cyber_engine_tweaks/mods/Cyberware Improved - Biomonitor/init.lua	4781	0.005	2026-07-06T22:52:03.5499314Z
bin/x64/plugins/cyber_engine_tweaks/mods/Cyberware Improved - Black Mamba/db.sqlite3	0	0.000	2025-10-10T10:15:05.0056801Z
bin/x64/plugins/cyber_engine_tweaks/mods/Cyberware Improved - Black Mamba/init.lua	2101	0.002	2026-07-06T22:52:12.1403609Z
bin/x64/plugins/cyber_engine_tweaks/mods/Cyberware Improved - Blood Pump/db.sqlite3	0	0.000	2026-01-22T18:16:20.0040614Z
bin/x64/plugins/cyber_engine_tweaks/mods/Cyberware Improved - Blood Pump/init.lua	3384	0.003	2026-07-06T22:52:29.2454014Z
bin/x64/plugins/cyber_engine_tweaks/mods/Cyberware Improved - Camillo RAM Manager and Iconic/db.sqlite3	0	0.000	2025-10-10T10:15:05.0066856Z
bin/x64/plugins/cyber_engine_tweaks/mods/Cyberware Improved - Camillo RAM Manager and Iconic/init.lua	5775	0.006	2026-07-07T01:06:41.2159036Z
bin/x64/plugins/cyber_engine_tweaks/mods/Cyberware Improved - Carapace/db.sqlite3	0	0.000	2026-01-22T18:16:20.0203337Z
bin/x64/plugins/cyber_engine_tweaks/mods/Cyberware Improved - Carapace/init.lua	1342	0.001	2026-07-06T22:52:48.8123539Z
bin/x64/plugins/cyber_engine_tweaks/mods/Cyberware Improved - Cellular Adapter/db.sqlite3	0	0.000	2026-01-22T18:16:20.0293578Z
bin/x64/plugins/cyber_engine_tweaks/mods/Cyberware Improved - Cellular Adapter/init.lua	398	0.000	2026-07-06T22:52:57.3665005Z
bin/x64/plugins/cyber_engine_tweaks/mods/Cyberware Improved - Chitin/db.sqlite3	0	0.000	2026-01-22T18:16:20.0377250Z
bin/x64/plugins/cyber_engine_tweaks/mods/Cyberware Improved - Chitin/init.lua	387	0.000	2026-07-06T22:53:05.9425091Z
bin/x64/plugins/cyber_engine_tweaks/mods/Cyberware Improved - Clutch Padding/db.sqlite3	0	0.000	2025-10-10T10:15:05.0086837Z
bin/x64/plugins/cyber_engine_tweaks/mods/Cyberware Improved - Clutch Padding/init.lua	12754	0.012	2026-07-06T22:53:25.7790295Z
bin/x64/plugins/cyber_engine_tweaks/mods/Cyberware Improved - Cogito Lattice/db.sqlite3	0	0.000	2026-01-22T18:16:20.0537600Z
bin/x64/plugins/cyber_engine_tweaks/mods/Cyberware Improved - Cogito Lattice/init.lua	4649	0.004	2026-07-06T22:53:33.7568506Z
bin/x64/plugins/cyber_engine_tweaks/mods/Cyberware Improved - Countershell/db.sqlite3	0	0.000	2026-01-22T18:16:20.0612943Z
bin/x64/plugins/cyber_engine_tweaks/mods/Cyberware Improved - Countershell/init.lua	3814	0.004	2026-07-06T22:56:04.5441751Z
bin/x64/plugins/cyber_engine_tweaks/mods/Cyberware Improved - Defenzikov/db.sqlite3	0	0.000	2026-01-22T18:16:20.0692996Z
bin/x64/plugins/cyber_engine_tweaks/mods/Cyberware Improved - Defenzikov/init.lua	1480	0.001	2026-07-06T22:56:17.4845627Z
bin/x64/plugins/cyber_engine_tweaks/mods/Cyberware Improved - Epimorphic Skeleton/db.sqlite3	0	0.000	2025-10-10T10:15:05.0116868Z
bin/x64/plugins/cyber_engine_tweaks/mods/Cyberware Improved - Epimorphic Skeleton/init.lua	1379	0.001	2026-07-06T22:56:35.0715635Z
bin/x64/plugins/cyber_engine_tweaks/mods/Cyberware Improved - ExDisk/db.sqlite3	0	0.000	2026-01-22T18:16:20.0910101Z
bin/x64/plugins/cyber_engine_tweaks/mods/Cyberware Improved - ExDisk/init.lua	2917	0.003	2026-07-06T22:56:49.6583664Z
bin/x64/plugins/cyber_engine_tweaks/mods/Cyberware Improved - Handle Wrap/db.sqlite3	0	0.000	2026-01-22T18:16:20.0980333Z
bin/x64/plugins/cyber_engine_tweaks/mods/Cyberware Improved - Handle Wrap/init.lua	1875	0.002	2026-07-06T22:57:08.1058501Z
bin/x64/plugins/cyber_engine_tweaks/mods/Cyberware Improved - Heal-On-Kill/db.sqlite3	0	0.000	2025-10-10T10:15:05.0136855Z
bin/x64/plugins/cyber_engine_tweaks/mods/Cyberware Improved - Heal-On-Kill/init.lua	2522	0.002	2026-07-06T22:57:37.1188898Z
bin/x64/plugins/cyber_engine_tweaks/mods/Cyberware Improved - Kerenzikov/db.sqlite3	0	0.000	2026-01-22T18:16:20.1175502Z
bin/x64/plugins/cyber_engine_tweaks/mods/Cyberware Improved - Kerenzikov/init.lua	5399	0.005	2026-07-06T22:57:59.6500060Z
bin/x64/plugins/cyber_engine_tweaks/mods/Cyberware Improved - Kinetic Frame/db.sqlite3	0	0.000	2025-10-10T10:15:05.0151889Z
bin/x64/plugins/cyber_engine_tweaks/mods/Cyberware Improved - Kinetic Frame/init.lua	4428	0.004	2026-07-06T22:58:16.9504349Z
bin/x64/plugins/cyber_engine_tweaks/mods/Cyberware Improved - Kiroshi Optics - Basic/db.sqlite3	0	0.000	2026-01-22T18:16:20.1356453Z
bin/x64/plugins/cyber_engine_tweaks/mods/Cyberware Improved - Kiroshi Optics - Basic/init.lua	2962	0.003	2026-07-06T22:58:38.4220970Z
bin/x64/plugins/cyber_engine_tweaks/mods/Cyberware Improved - Kiroshi Optics - Clairvoyant/db.sqlite3	0	0.000	2026-01-22T18:16:20.1442192Z
bin/x64/plugins/cyber_engine_tweaks/mods/Cyberware Improved - Kiroshi Optics - Clairvoyant/init.lua	1985	0.002	2026-07-06T22:58:52.2768780Z
bin/x64/plugins/cyber_engine_tweaks/mods/Cyberware Improved - Kiroshi Optics - Cockatrice/db.sqlite3	0	0.000	2026-01-22T18:16:20.1547644Z
bin/x64/plugins/cyber_engine_tweaks/mods/Cyberware Improved - Kiroshi Optics - Cockatrice/init.lua	1272	0.001	2026-07-06T22:59:25.7069396Z
bin/x64/plugins/cyber_engine_tweaks/mods/Cyberware Improved - Kiroshi Optics - Doomsayer/db.sqlite3	0	0.000	2026-01-22T18:16:20.1633513Z
bin/x64/plugins/cyber_engine_tweaks/mods/Cyberware Improved - Kiroshi Optics - Doomsayer/init.lua	3145	0.003	2026-07-06T23:00:02.5404526Z
bin/x64/plugins/cyber_engine_tweaks/mods/Cyberware Improved - Kiroshi Optics - Sentry/db.sqlite3	0	0.000	2026-01-22T18:16:20.1738999Z
bin/x64/plugins/cyber_engine_tweaks/mods/Cyberware Improved - Kiroshi Optics - Sentry/init.lua	3169	0.003	2026-07-06T23:00:18.9074758Z
bin/x64/plugins/cyber_engine_tweaks/mods/Cyberware Improved - Kiroshi Optics - Stalker/db.sqlite3	0	0.000	2026-01-22T18:16:20.1825252Z
bin/x64/plugins/cyber_engine_tweaks/mods/Cyberware Improved - Kiroshi Optics - Stalker/init.lua	4288	0.004	2026-07-06T23:00:32.9797683Z
bin/x64/plugins/cyber_engine_tweaks/mods/Cyberware Improved - Kiroshi Optics - The Oracle/db.sqlite3	0	0.000	2026-01-22T18:16:20.1920636Z
bin/x64/plugins/cyber_engine_tweaks/mods/Cyberware Improved - Kiroshi Optics - The Oracle/init.lua	2959	0.003	2026-07-06T23:00:46.6159420Z
bin/x64/plugins/cyber_engine_tweaks/mods/Cyberware Improved - Mechatronic Core/db.sqlite3	0	0.000	2026-01-22T18:16:20.2000862Z
bin/x64/plugins/cyber_engine_tweaks/mods/Cyberware Improved - Mechatronic Core/init.lua	5528	0.005	2026-07-06T23:01:07.2698552Z
bin/x64/plugins/cyber_engine_tweaks/mods/Cyberware Improved - Memory Boost/db.sqlite3	0	0.000	2025-10-10T10:15:05.0182643Z
bin/x64/plugins/cyber_engine_tweaks/mods/Cyberware Improved - Memory Boost/init.lua	4176	0.004	2026-07-06T23:02:00.4145802Z
bin/x64/plugins/cyber_engine_tweaks/mods/Cyberware Improved - Nano-Plating/db.sqlite3	0	0.000	2026-01-22T18:16:20.2166459Z
bin/x64/plugins/cyber_engine_tweaks/mods/Cyberware Improved - Nano-Plating/init.lua	3313	0.003	2026-07-06T23:02:36.6776100Z
bin/x64/plugins/cyber_engine_tweaks/mods/Cyberware Improved - NeoFiber/db.sqlite3	0	0.000	2026-01-22T18:16:20.2241519Z
bin/x64/plugins/cyber_engine_tweaks/mods/Cyberware Improved - NeoFiber/init.lua	2531	0.002	2026-07-06T23:03:06.1038005Z
bin/x64/plugins/cyber_engine_tweaks/mods/Cyberware Improved - Newton Module and Iconic/db.sqlite3	0	0.000	2026-01-22T18:16:20.2447322Z
bin/x64/plugins/cyber_engine_tweaks/mods/Cyberware Improved - Newton Module and Iconic/init.lua	15509	0.015	2026-07-06T23:03:49.4899106Z
bin/x64/plugins/cyber_engine_tweaks/mods/Cyberware Improved - Newton Module/db.sqlite3	0	0.000	2025-10-10T10:15:05.0202515Z
bin/x64/plugins/cyber_engine_tweaks/mods/Cyberware Improved - Newton Module/init.lua	7854	0.007	2025-04-07T11:32:57.1207411Z
bin/x64/plugins/cyber_engine_tweaks/mods/Cyberware Improved - Optical Camo/db.sqlite3	0	0.000	2026-01-22T18:16:20.2545751Z
bin/x64/plugins/cyber_engine_tweaks/mods/Cyberware Improved - Optical Camo/init.lua	5785	0.006	2026-07-06T23:04:18.5622684Z
bin/x64/plugins/cyber_engine_tweaks/mods/Cyberware Improved - Pain Editor/db.sqlite3	0	0.000	2026-01-22T18:16:20.2633068Z
bin/x64/plugins/cyber_engine_tweaks/mods/Cyberware Improved - Pain Editor/init.lua	831	0.001	2026-07-06T23:04:40.9992009Z
bin/x64/plugins/cyber_engine_tweaks/mods/Cyberware Improved - Painducer/db.sqlite3	0	0.000	2026-01-22T18:16:20.2709288Z
bin/x64/plugins/cyber_engine_tweaks/mods/Cyberware Improved - Painducer/init.lua	1362	0.001	2026-07-06T22:51:27.3539723Z
bin/x64/plugins/cyber_engine_tweaks/mods/Cyberware Improved - Para Bellum and Iconic/db.sqlite3	0	0.000	2025-10-10T10:15:05.0222484Z
bin/x64/plugins/cyber_engine_tweaks/mods/Cyberware Improved - Para Bellum and Iconic/init.lua	5129	0.005	2026-07-06T23:05:28.5692308Z
bin/x64/plugins/cyber_engine_tweaks/mods/Cyberware Improved - ProxiShield and Iconic/db.sqlite3	0	0.000	2026-01-22T18:16:20.2885192Z
bin/x64/plugins/cyber_engine_tweaks/mods/Cyberware Improved - ProxiShield and Iconic/init.lua	6531	0.006	2026-07-06T23:05:45.0029857Z
bin/x64/plugins/cyber_engine_tweaks/mods/Cyberware Improved - Quantum Tuner/db.sqlite3	0	0.000	2026-01-22T18:16:20.3000542Z
bin/x64/plugins/cyber_engine_tweaks/mods/Cyberware Improved - Quantum Tuner/init.lua	1313	0.001	2026-07-06T23:06:09.3556112Z
bin/x64/plugins/cyber_engine_tweaks/mods/Cyberware Improved - RAM Reallocator/db.sqlite3	0	0.000	2025-10-10T10:15:05.0232752Z
bin/x64/plugins/cyber_engine_tweaks/mods/Cyberware Improved - RAM Reallocator/init.lua	1844	0.002	2025-04-07T11:14:30.7061731Z
bin/x64/plugins/cyber_engine_tweaks/mods/Cyberware Improved - RAM Upgrade/db.sqlite3	0	0.000	2026-01-22T18:16:20.3179137Z
bin/x64/plugins/cyber_engine_tweaks/mods/Cyberware Improved - RAM Upgrade/init.lua	4681	0.004	2026-07-06T23:06:31.1346763Z
bin/x64/plugins/cyber_engine_tweaks/mods/Cyberware Improved - RangeGuard/db.sqlite3	0	0.000	2026-01-22T18:16:20.3284285Z
bin/x64/plugins/cyber_engine_tweaks/mods/Cyberware Improved - RangeGuard/init.lua	2115	0.002	2026-07-06T23:06:46.0152935Z
bin/x64/plugins/cyber_engine_tweaks/mods/Cyberware Improved - Reflex Tuner and Iconic/db.sqlite3	0	0.000	2025-10-10T10:15:05.0269038Z
bin/x64/plugins/cyber_engine_tweaks/mods/Cyberware Improved - Reflex Tuner and Iconic/init.lua	17318	0.017	2026-07-06T23:08:08.9291227Z
bin/x64/plugins/cyber_engine_tweaks/mods/Cyberware Improved - Scar Coalescer/db.sqlite3	0	0.000	2026-01-22T18:16:20.3482412Z
bin/x64/plugins/cyber_engine_tweaks/mods/Cyberware Improved - Scar Coalescer/init.lua	4159	0.004	2026-07-06T23:09:23.9795632Z
bin/x64/plugins/cyber_engine_tweaks/mods/Cyberware Improved - Scarab/db.sqlite3	0	0.000	2026-01-22T18:16:20.3577585Z
bin/x64/plugins/cyber_engine_tweaks/mods/Cyberware Improved - Scarab/init.lua	4469	0.004	2026-07-06T23:09:44.1674909Z
bin/x64/plugins/cyber_engine_tweaks/mods/Cyberware Improved - Second Heart/db.sqlite3	0	0.000	2026-01-22T18:16:20.3654444Z
bin/x64/plugins/cyber_engine_tweaks/mods/Cyberware Improved - Second Heart/init.lua	1242	0.001	2026-07-06T23:12:13.2646059Z
bin/x64/plugins/cyber_engine_tweaks/mods/Cyberware Improved - Self-Ice/db.sqlite3	0	0.000	2026-01-22T18:16:20.3739074Z
bin/x64/plugins/cyber_engine_tweaks/mods/Cyberware Improved - Self-Ice/init.lua	3446	0.003	2026-07-06T23:12:28.2178267Z
bin/x64/plugins/cyber_engine_tweaks/mods/Cyberware Improved - Shock Absorber and Iconic/db.sqlite3	0	0.000	2025-10-10T10:15:05.0289030Z
bin/x64/plugins/cyber_engine_tweaks/mods/Cyberware Improved - Shock Absorber and Iconic/init.lua	12980	0.012	2026-07-06T23:12:44.0298660Z
bin/x64/plugins/cyber_engine_tweaks/mods/Cyberware Improved - Shock-n-Awe/db.sqlite3	0	0.000	2026-01-22T18:16:20.4063645Z
bin/x64/plugins/cyber_engine_tweaks/mods/Cyberware Improved - Shock-n-Awe/init.lua	2238	0.002	2026-07-06T23:13:26.0474578Z
bin/x64/plugins/cyber_engine_tweaks/mods/Cyberware Improved - Spring Joints/db.sqlite3	0	0.000	2026-01-22T18:16:20.4148699Z
bin/x64/plugins/cyber_engine_tweaks/mods/Cyberware Improved - Spring Joints/init.lua	2880	0.003	2026-07-06T23:13:40.7409080Z
bin/x64/plugins/cyber_engine_tweaks/mods/Cyberware Improved - Stabber/db.sqlite3	0	0.000	2025-10-10T10:15:05.0309214Z
bin/x64/plugins/cyber_engine_tweaks/mods/Cyberware Improved - Stabber/init.lua	2077	0.002	2026-07-06T23:13:55.0040014Z
bin/x64/plugins/cyber_engine_tweaks/mods/Cyberware Improved - Subdermal Armor/db.sqlite3	0	0.000	2026-01-22T18:16:20.4335357Z
bin/x64/plugins/cyber_engine_tweaks/mods/Cyberware Improved - Subdermal Armor/init.lua	384	0.000	2026-07-06T23:14:09.6947491Z
bin/x64/plugins/cyber_engine_tweaks/mods/Cyberware Improved - Synaptic Accelerator/db.sqlite3	0	0.000	2025-10-10T10:15:05.0329041Z
bin/x64/plugins/cyber_engine_tweaks/mods/Cyberware Improved - Synaptic Accelerator/init.lua	9028	0.009	2026-07-06T23:14:27.5578673Z
bin/x64/plugins/cyber_engine_tweaks/mods/Cyberware Improved - ThreatEvac/db.sqlite3	0	0.000	2026-07-19T09:20:24.1596714Z
bin/x64/plugins/cyber_engine_tweaks/mods/Cyberware Improved - ThreatEvac/init.lua	8383	0.008	2026-07-06T22:43:15.1903777Z
bin/x64/plugins/cyber_engine_tweaks/mods/Cyberware Improved - Titanium Bones/db.sqlite3	0	0.000	2025-10-10T10:15:05.0355162Z
bin/x64/plugins/cyber_engine_tweaks/mods/Cyberware Improved - Titanium Bones/init.lua	2982	0.003	2026-07-06T23:15:36.5962061Z
bin/x64/plugins/cyber_engine_tweaks/mods/Cyberware Improved - Universal Booster/db.sqlite3	0	0.000	2025-10-10T10:15:05.0365201Z
bin/x64/plugins/cyber_engine_tweaks/mods/Cyberware Improved - Universal Booster/init.lua	21982	0.021	2026-07-06T23:17:15.1792368Z
bin/x64/plugins/cyber_engine_tweaks/mods/DeceptiousQuestCore/db.sqlite3	0	0.000	2025-10-08T19:00:05.7751287Z
bin/x64/plugins/cyber_engine_tweaks/mods/DeceptiousQuestCore/GameUI.lua	38261	0.036	2026-07-12T07:37:46.5227778Z
bin/x64/plugins/cyber_engine_tweaks/mods/DeceptiousQuestCore/init.lua	27388	0.026	2026-07-12T07:37:46.5267782Z
bin/x64/plugins/cyber_engine_tweaks/mods/DeceptiousQuestCore/loc.lua	1946	0.002	2026-07-12T07:37:46.5307778Z
bin/x64/plugins/cyber_engine_tweaks/mods/Dedrajudygoonadate/db.sqlite3	0	0.000	2026-07-10T06:45:46.7888302Z
bin/x64/plugins/cyber_engine_tweaks/mods/Dedrajudygoonadate/init.lua	78657	0.075	2026-07-10T07:38:14.0000000Z
bin/x64/plugins/cyber_engine_tweaks/mods/Dedrajudygoonadate/modules/Cron.lua	1053	0.001	2026-07-10T06:28:32.0000000Z
bin/x64/plugins/cyber_engine_tweaks/mods/Dedrajudygoonadate/modules/GameHUD.lua	2418	0.002	2026-07-10T06:28:32.0000000Z
bin/x64/plugins/cyber_engine_tweaks/mods/Dedrajudygoonadate/modules/GameSession.lua	31973	0.030	2026-07-10T06:28:32.0000000Z
bin/x64/plugins/cyber_engine_tweaks/mods/Dedrajudygoonadate/modules/GameUI.lua	39473	0.038	2026-07-10T06:28:32.0000000Z
bin/x64/plugins/cyber_engine_tweaks/mods/Dedrajudygoonadate/modules/interactionUI.lua	15825	0.015	2026-07-10T06:28:32.0000000Z
bin/x64/plugins/cyber_engine_tweaks/mods/Dedrajudygoonadate/modules/lang.lua	287527	0.274	2026-07-10T06:51:07.0000000Z
bin/x64/plugins/cyber_engine_tweaks/mods/Dedrajudygoonadate/modules/messenger.lua	11867	0.011	2026-07-10T06:30:56.0000000Z
bin/x64/plugins/cyber_engine_tweaks/mods/Dedrajudygoonadate/modules/utils.lua	443	0.000	2026-07-10T06:28:32.0000000Z
bin/x64/plugins/cyber_engine_tweaks/mods/Dedrajudygoonadate/ra/dedera22535431.json	23	0.000	2026-07-10T06:28:32.0000000Z
bin/x64/plugins/cyber_engine_tweaks/mods/E3_Nameplates/config.lua	961	0.001	2025-07-18T07:27:40.0000000Z
bin/x64/plugins/cyber_engine_tweaks/mods/E3_Nameplates/data/.keep	0	0.000	2025-07-18T07:27:40.0000000Z
bin/x64/plugins/cyber_engine_tweaks/mods/E3_Nameplates/data/config.json	91	0.000	2025-10-07T17:04:50.6478596Z
bin/x64/plugins/cyber_engine_tweaks/mods/E3_Nameplates/db.sqlite3	0	0.000	2025-07-18T07:27:40.0000000Z
bin/x64/plugins/cyber_engine_tweaks/mods/E3_Nameplates/init.lua	4345	0.004	2025-07-18T07:27:40.0000000Z
bin/x64/plugins/cyber_engine_tweaks/mods/entSpawner/data/favorite/NIF_1745403152.json	62400	0.060	2026-01-22T18:01:58.2309417Z
bin/x64/plugins/cyber_engine_tweaks/mods/f80h_bodyoptions_ui/db.sqlite3	0	0.000	2025-07-18T08:04:34.0000000Z
bin/x64/plugins/cyber_engine_tweaks/mods/f80h_bodyoptions_ui/init.lua	8826	0.008	2026-01-22T18:08:15.7708361Z
bin/x64/plugins/cyber_engine_tweaks/mods/f80h_bodyoptions_ui/settings.json	91	0.000	2026-01-24T20:25:28.5888815Z
bin/x64/plugins/cyber_engine_tweaks/mods/f80h_cycle_app/db.sqlite3	0	0.000	2025-10-10T10:15:05.0479407Z
bin/x64/plugins/cyber_engine_tweaks/mods/f80h_cycle_app/init.lua	636	0.001	2025-10-09T17:57:36.1404787Z
bin/x64/plugins/cyber_engine_tweaks/mods/f80h_dyn_evelyn/Cron.lua	3798	0.004	2026-01-22T18:12:15.6042012Z
bin/x64/plugins/cyber_engine_tweaks/mods/f80h_dyn_evelyn/db.sqlite3	0	0.000	2026-01-22T18:16:20.5313520Z
bin/x64/plugins/cyber_engine_tweaks/mods/f80h_dyn_evelyn/DynamicEvelyn.json	16	0.000	2026-01-22T18:16:44.7132897Z
bin/x64/plugins/cyber_engine_tweaks/mods/f80h_dyn_evelyn/GameSession.lua	31973	0.030	2026-01-22T18:12:15.6061900Z
bin/x64/plugins/cyber_engine_tweaks/mods/f80h_dyn_evelyn/GameUI.lua	44157	0.042	2026-01-22T18:12:15.6081721Z
bin/x64/plugins/cyber_engine_tweaks/mods/f80h_dyn_evelyn/init.lua	8265	0.008	2026-01-22T18:12:15.6011782Z
bin/x64/plugins/cyber_engine_tweaks/mods/FilterSaves/db.sqlite3	0	0.000	2025-07-18T08:04:34.0000000Z
bin/x64/plugins/cyber_engine_tweaks/mods/FilterSaves/GameUI.lua	39537	0.038	2025-11-12T18:31:09.9589267Z
bin/x64/plugins/cyber_engine_tweaks/mods/FilterSaves/init.lua	3034	0.003	2025-11-12T18:31:09.9623310Z
bin/x64/plugins/cyber_engine_tweaks/mods/FilterSaves/settings.json	95	0.000	2026-07-12T07:36:45.0457493Z
bin/x64/plugins/cyber_engine_tweaks/mods/flashlight/config.json	148	0.000	2026-08-23T08:19:24.0309269Z
bin/x64/plugins/cyber_engine_tweaks/mods/flashlight/db.sqlite3	0	0.000	2025-07-18T08:04:34.0000000Z
bin/x64/plugins/cyber_engine_tweaks/mods/flashlight/init.lua	5379	0.005	2025-07-18T07:46:45.0000000Z
bin/x64/plugins/cyber_engine_tweaks/mods/flashlight/modules/external/Cron.lua	2851	0.003	2025-07-18T07:46:45.0000000Z
bin/x64/plugins/cyber_engine_tweaks/mods/flashlight/modules/external/GameUI.lua	39334	0.038	2025-07-18T07:46:45.0000000Z
bin/x64/plugins/cyber_engine_tweaks/mods/flashlight/modules/logic.lua	5658	0.005	2025-07-18T07:46:45.0000000Z
bin/x64/plugins/cyber_engine_tweaks/mods/flashlight/modules/settingsUI.lua	7299	0.007	2025-07-18T07:46:45.0000000Z
bin/x64/plugins/cyber_engine_tweaks/mods/flashlight/modules/utils/color.lua	7914	0.008	2025-07-18T07:46:45.0000000Z
bin/x64/plugins/cyber_engine_tweaks/mods/flashlight/modules/utils/config.lua	961	0.001	2025-07-18T07:46:45.0000000Z
bin/x64/plugins/cyber_engine_tweaks/mods/flashlight/modules/utils/utils.lua	3435	0.003	2025-07-18T07:46:45.0000000Z
bin/x64/plugins/cyber_engine_tweaks/mods/FlyingTank/Data/default_model.json	1266	0.001	2025-11-12T18:29:30.2376629Z
bin/x64/plugins/cyber_engine_tweaks/mods/FlyingTank/Data/exception_in_veh_input.json	85	0.000	2025-11-12T18:29:30.2396463Z
bin/x64/plugins/cyber_engine_tweaks/mods/FlyingTank/Data/exception_radio_input.json	43	0.000	2025-11-12T18:29:30.2431681Z
bin/x64/plugins/cyber_engine_tweaks/mods/FlyingTank/Data/sound.json	512	0.000	2025-11-12T18:29:30.2451685Z
bin/x64/plugins/cyber_engine_tweaks/mods/FlyingTank/Data/tank_input.json	1061	0.001	2025-11-12T18:29:30.2471685Z
bin/x64/plugins/cyber_engine_tweaks/mods/FlyingTank/Data/user_setting.json	575	0.001	2025-11-13T17:59:34.0337923Z
bin/x64/plugins/cyber_engine_tweaks/mods/FlyingTank/db.sqlite3	0	0.000	2025-07-18T07:47:25.0000000Z
bin/x64/plugins/cyber_engine_tweaks/mods/FlyingTank/Debug/debug.lua	8932	0.009	2025-11-12T18:29:30.2501671Z
bin/x64/plugins/cyber_engine_tweaks/mods/FlyingTank/Etc/def.lua	862	0.001	2025-11-12T18:29:30.2521695Z
bin/x64/plugins/cyber_engine_tweaks/mods/FlyingTank/Etc/log.lua	2169	0.002	2025-11-12T18:29:30.2551673Z
bin/x64/plugins/cyber_engine_tweaks/mods/FlyingTank/Etc/queue.lua	1180	0.001	2025-11-12T18:29:30.2571735Z
bin/x64/plugins/cyber_engine_tweaks/mods/FlyingTank/Etc/utils.lua	2225	0.002	2025-11-12T18:29:30.2591690Z
bin/x64/plugins/cyber_engine_tweaks/mods/FlyingTank/External/Cron.lua	3988	0.004	2025-11-12T18:29:30.2611713Z
bin/x64/plugins/cyber_engine_tweaks/mods/FlyingTank/External/GameUI.lua	39537	0.038	2025-11-12T18:29:30.2641682Z
bin/x64/plugins/cyber_engine_tweaks/mods/FlyingTank/init.lua	12457	0.012	2025-11-12T18:29:30.2356623Z
bin/x64/plugins/cyber_engine_tweaks/mods/FlyingTank/Language/default.json	3211	0.003	2025-11-12T18:29:30.2661686Z
bin/x64/plugins/cyber_engine_tweaks/mods/FlyingTank/Language/jp-jp.json	3245	0.003	2025-11-12T18:29:30.2681745Z
bin/x64/plugins/cyber_engine_tweaks/mods/FlyingTank/Modules/core.lua	30805	0.029	2025-11-12T18:29:30.2711541Z
bin/x64/plugins/cyber_engine_tweaks/mods/FlyingTank/Modules/engine.lua	14703	0.014	2025-11-12T18:29:30.2741522Z
bin/x64/plugins/cyber_engine_tweaks/mods/FlyingTank/Modules/event.lua	10296	0.010	2025-11-12T18:29:30.2761521Z
bin/x64/plugins/cyber_engine_tweaks/mods/FlyingTank/Modules/hud.lua	15923	0.015	2025-11-12T18:29:30.2791524Z
bin/x64/plugins/cyber_engine_tweaks/mods/FlyingTank/Modules/position.lua	12042	0.011	2025-07-18T07:47:25.0000000Z
bin/x64/plugins/cyber_engine_tweaks/mods/FlyingTank/Modules/radio.lua	8066	0.008	2025-11-12T18:29:30.2811522Z
bin/x64/plugins/cyber_engine_tweaks/mods/FlyingTank/Modules/sound.lua	2211	0.002	2025-11-12T18:29:30.2841904Z
bin/x64/plugins/cyber_engine_tweaks/mods/FlyingTank/Modules/ui.lua	9303	0.009	2025-11-12T18:29:30.2861675Z
bin/x64/plugins/cyber_engine_tweaks/mods/FlyingTank/Modules/vehicle.lua	13067	0.012	2025-11-12T18:29:30.2881512Z
bin/x64/plugins/cyber_engine_tweaks/mods/FlyingTank/Tools/def.lua	693	0.001	2025-07-18T07:47:25.0000000Z
bin/x64/plugins/cyber_engine_tweaks/mods/FlyingTank/Tools/log.lua	2169	0.002	2025-07-18T07:47:25.0000000Z
bin/x64/plugins/cyber_engine_tweaks/mods/FlyingTank/Tools/queue.lua	1180	0.001	2025-07-18T07:47:25.0000000Z
bin/x64/plugins/cyber_engine_tweaks/mods/FlyingTank/Tools/utils.lua	4798	0.005	2025-07-18T07:47:25.0000000Z
bin/x64/plugins/cyber_engine_tweaks/mods/fps_counter_toggle/db.sqlite3	0	0.000	2025-07-18T08:04:34.0000000Z
bin/x64/plugins/cyber_engine_tweaks/mods/fps_counter_toggle/init.lua	532	0.001	2025-07-18T07:23:55.0000000Z
bin/x64/plugins/cyber_engine_tweaks/mods/full-auto widow maker/db.sqlite3	0	0.000	2023-04-15T07:54:13.0000000Z
bin/x64/plugins/cyber_engine_tweaks/mods/full-auto widow maker/init.lua	5571	0.005	2023-10-05T09:00:23.0000000Z
bin/x64/plugins/cyber_engine_tweaks/mods/Gambling System - Roulette/addons/null.txt	0	0.000	2026-07-12T07:37:30.1305276Z
bin/x64/plugins/cyber_engine_tweaks/mods/Gambling System - Roulette/chipBetPiles.lua	20116	0.019	2026-07-12T07:37:30.0729135Z
bin/x64/plugins/cyber_engine_tweaks/mods/Gambling System - Roulette/chipPlayerPile.lua	12052	0.011	2026-07-12T07:37:30.0769124Z
bin/x64/plugins/cyber_engine_tweaks/mods/Gambling System - Roulette/chipUtils.lua	47434	0.045	2026-07-12T07:37:30.0809130Z
bin/x64/plugins/cyber_engine_tweaks/mods/Gambling System - Roulette/db.sqlite3	0	0.000	2025-07-18T08:04:34.0000000Z
bin/x64/plugins/cyber_engine_tweaks/mods/Gambling System - Roulette/EntityManager.lua	11365	0.011	2026-07-12T07:37:30.0855272Z
bin/x64/plugins/cyber_engine_tweaks/mods/Gambling System - Roulette/External/Cron.lua	2851	0.003	2026-07-12T07:37:30.1345281Z
bin/x64/plugins/cyber_engine_tweaks/mods/Gambling System - Roulette/External/GameLocale.lua	4086	0.004	2026-07-12T07:37:30.1385291Z
bin/x64/plugins/cyber_engine_tweaks/mods/Gambling System - Roulette/External/GameSession.lua	31973	0.030	2026-07-12T07:37:30.1425285Z
bin/x64/plugins/cyber_engine_tweaks/mods/Gambling System - Roulette/External/GameUI.lua	39324	0.038	2026-07-12T07:37:30.1465282Z
bin/x64/plugins/cyber_engine_tweaks/mods/Gambling System - Roulette/External/interactionUI.lua	16042	0.015	2026-07-12T07:37:30.1505287Z
bin/x64/plugins/cyber_engine_tweaks/mods/Gambling System - Roulette/External/workspotUtils.lua	1499	0.001	2025-07-18T07:35:09.0000000Z
bin/x64/plugins/cyber_engine_tweaks/mods/Gambling System - Roulette/External/worldInteraction.lua	4247	0.004	2025-07-18T07:35:09.0000000Z
bin/x64/plugins/cyber_engine_tweaks/mods/Gambling System - Roulette/HolographicValueDisplay.lua	8927	0.009	2026-07-12T07:37:30.0895288Z
bin/x64/plugins/cyber_engine_tweaks/mods/Gambling System - Roulette/init.lua	59341	0.057	2026-07-12T07:37:30.0935290Z
bin/x64/plugins/cyber_engine_tweaks/mods/Gambling System - Roulette/JsonData.lua	1364	0.001	2026-07-12T07:37:30.0965295Z
bin/x64/plugins/cyber_engine_tweaks/mods/Gambling System - Roulette/lang/en-us.lua	1807	0.002	2026-07-12T07:37:30.1545288Z
bin/x64/plugins/cyber_engine_tweaks/mods/Gambling System - Roulette/README.md	403	0.000	2026-07-12T07:37:28.9318942Z
bin/x64/plugins/cyber_engine_tweaks/mods/Gambling System - Roulette/RelativeCoordinateCalulator.lua	9927	0.009	2026-07-12T07:37:30.1005284Z
bin/x64/plugins/cyber_engine_tweaks/mods/Gambling System - Roulette/RouletteAnimations.lua	13292	0.013	2026-07-12T07:37:30.1095290Z
bin/x64/plugins/cyber_engine_tweaks/mods/Gambling System - Roulette/RouletteCoordinates.lua	8671	0.008	2026-07-12T07:37:30.1125300Z
bin/x64/plugins/cyber_engine_tweaks/mods/Gambling System - Roulette/RouletteMainMenu.lua	75459	0.072	2026-07-12T07:37:30.1165278Z
bin/x64/plugins/cyber_engine_tweaks/mods/Gambling System - Roulette/SimpleCasinoChip.lua	2785	0.003	2025-07-18T07:35:09.0000000Z
bin/x64/plugins/cyber_engine_tweaks/mods/Gambling System - Roulette/SpotManager.lua	29567	0.028	2026-07-12T07:37:30.1206843Z
bin/x64/plugins/cyber_engine_tweaks/mods/Gambling System - Roulette/TableManager.lua	25230	0.024	2026-07-12T07:37:30.1255293Z
bin/x64/plugins/cyber_engine_tweaks/mods/gambling-system-blackjack/addons/null.txt	0	0.000	2026-01-22T18:05:08.6412676Z
bin/x64/plugins/cyber_engine_tweaks/mods/gambling-system-blackjack/BlackjackCoordinates.lua	6476	0.006	2026-01-22T18:05:08.5273694Z
bin/x64/plugins/cyber_engine_tweaks/mods/gambling-system-blackjack/BlackjackMainMenu.lua	16383	0.016	2026-01-22T18:05:09.5950070Z
bin/x64/plugins/cyber_engine_tweaks/mods/gambling-system-blackjack/CardEngine.lua	15524	0.015	2026-01-22T18:05:09.5993974Z
bin/x64/plugins/cyber_engine_tweaks/mods/gambling-system-blackjack/db.sqlite3	0	0.000	2025-11-13T17:58:39.0914733Z
bin/x64/plugins/cyber_engine_tweaks/mods/gambling-system-blackjack/External/Cron.lua	2851	0.003	2026-01-22T18:05:09.6177417Z
bin/x64/plugins/cyber_engine_tweaks/mods/gambling-system-blackjack/External/GameLocale.lua	4086	0.004	2026-01-22T18:05:09.6207561Z
bin/x64/plugins/cyber_engine_tweaks/mods/gambling-system-blackjack/External/GameSession.lua	33037	0.032	2026-01-22T18:05:09.6237402Z
bin/x64/plugins/cyber_engine_tweaks/mods/gambling-system-blackjack/External/GameUI.lua	39334	0.038	2026-01-22T18:05:09.6277417Z
bin/x64/plugins/cyber_engine_tweaks/mods/gambling-system-blackjack/External/interactionUI.lua	16208	0.015	2026-01-22T18:05:09.6317414Z
bin/x64/plugins/cyber_engine_tweaks/mods/gambling-system-blackjack/HandCountDisplay.lua	13745	0.013	2026-01-22T18:05:09.6023975Z
bin/x64/plugins/cyber_engine_tweaks/mods/gambling-system-blackjack/HolographicValueDisplay.lua	8927	0.009	2026-01-22T18:05:09.6043975Z
bin/x64/plugins/cyber_engine_tweaks/mods/gambling-system-blackjack/init.lua	20284	0.019	2026-01-22T18:05:09.6083973Z
bin/x64/plugins/cyber_engine_tweaks/mods/gambling-system-blackjack/JsonData.lua	1364	0.001	2026-01-22T18:05:08.5949415Z
bin/x64/plugins/cyber_engine_tweaks/mods/gambling-system-blackjack/lang/en-us.lua	1316	0.001	2026-01-22T18:05:09.6357402Z
bin/x64/plugins/cyber_engine_tweaks/mods/gambling-system-blackjack/RelativeCoordinateCalulator.lua	9927	0.009	2026-01-22T18:05:08.5972675Z
bin/x64/plugins/cyber_engine_tweaks/mods/gambling-system-blackjack/SimpleCasinoChip.lua	2831	0.003	2026-01-22T18:05:09.6103978Z
bin/x64/plugins/cyber_engine_tweaks/mods/gambling-system-blackjack/singleRoundLogic.lua	51347	0.049	2026-01-22T18:05:09.6124212Z
bin/x64/plugins/cyber_engine_tweaks/mods/gambling-system-blackjack/SpotManager.lua	29084	0.028	2026-01-22T18:05:09.6157419Z
bin/x64/plugins/cyber_engine_tweaks/mods/gambling-system-blackjack/TableManager.lua	27180	0.026	2026-01-22T18:05:08.6372936Z
bin/x64/plugins/cyber_engine_tweaks/mods/gtaTravel/config/.keep	0	0.000	2025-07-18T07:47:35.0000000Z
bin/x64/plugins/cyber_engine_tweaks/mods/gtaTravel/config/slot1.json	378	0.000	2026-08-23T08:19:39.1127125Z
bin/x64/plugins/cyber_engine_tweaks/mods/gtaTravel/config/slot2.json	378	0.000	2025-07-18T08:04:57.0000000Z
bin/x64/plugins/cyber_engine_tweaks/mods/gtaTravel/config/slot3.json	378	0.000	2025-07-18T08:04:57.0000000Z
bin/x64/plugins/cyber_engine_tweaks/mods/gtaTravel/config/startup.json	114	0.000	2026-08-23T08:19:39.1102035Z
bin/x64/plugins/cyber_engine_tweaks/mods/gtaTravel/CPStyling/init.lua	18318	0.017	2025-07-18T07:47:35.0000000Z
bin/x64/plugins/cyber_engine_tweaks/mods/gtaTravel/CPStyling/styles.lua	9455	0.009	2025-07-18T07:47:35.0000000Z
bin/x64/plugins/cyber_engine_tweaks/mods/gtaTravel/CPStyling/theme.lua	9413	0.009	2025-07-18T07:47:35.0000000Z
bin/x64/plugins/cyber_engine_tweaks/mods/gtaTravel/db.sqlite3	0	0.000	2025-07-18T08:04:34.0000000Z
bin/x64/plugins/cyber_engine_tweaks/mods/gtaTravel/init.lua	7291	0.007	2025-07-18T07:47:35.0000000Z
bin/x64/plugins/cyber_engine_tweaks/mods/gtaTravel/modules/api.lua	462	0.000	2025-07-18T07:47:35.0000000Z
bin/x64/plugins/cyber_engine_tweaks/mods/gtaTravel/modules/config.lua	2939	0.003	2025-07-18T07:47:35.0000000Z
bin/x64/plugins/cyber_engine_tweaks/mods/gtaTravel/modules/GameSettings.lua	7893	0.008	2025-07-18T07:47:35.0000000Z
bin/x64/plugins/cyber_engine_tweaks/mods/gtaTravel/modules/mapObserver.lua	3270	0.003	2025-07-18T07:47:35.0000000Z
bin/x64/plugins/cyber_engine_tweaks/mods/gtaTravel/modules/pathing.lua	9455	0.009	2025-07-18T07:47:35.0000000Z
bin/x64/plugins/cyber_engine_tweaks/mods/gtaTravel/modules/ui/fileUI.lua	2253	0.002	2025-07-18T07:47:35.0000000Z
bin/x64/plugins/cyber_engine_tweaks/mods/gtaTravel/modules/ui/helpUI.lua	2164	0.002	2025-07-18T07:47:35.0000000Z
bin/x64/plugins/cyber_engine_tweaks/mods/gtaTravel/modules/ui/miscUI.lua	3720	0.004	2025-07-18T07:47:35.0000000Z
bin/x64/plugins/cyber_engine_tweaks/mods/gtaTravel/modules/ui/speedUI.lua	3671	0.004	2025-07-18T07:47:35.0000000Z
bin/x64/plugins/cyber_engine_tweaks/mods/gtaTravel/modules/ui/tooltips.lua	2943	0.003	2025-07-18T07:47:35.0000000Z
bin/x64/plugins/cyber_engine_tweaks/mods/gtaTravel/modules/ui/ui.lua	1221	0.001	2025-07-18T07:47:35.0000000Z
bin/x64/plugins/cyber_engine_tweaks/mods/gtaTravel/modules/util.lua	2466	0.002	2025-07-18T07:47:35.0000000Z
bin/x64/plugins/cyber_engine_tweaks/mods/hotscenes/cet_version_blowup_preventer.lua	3341	0.003	2026-07-12T07:39:09.8090435Z
bin/x64/plugins/cyber_engine_tweaks/mods/hotscenes/db.sqlite3	0	0.000	2025-07-18T08:04:35.0000000Z
bin/x64/plugins/cyber_engine_tweaks/mods/hotscenes/hotscenes.lua	31853	0.030	2026-07-12T07:39:09.8130435Z
bin/x64/plugins/cyber_engine_tweaks/mods/hotscenes/hotscenes_adhoc_interactionUI.lua	21811	0.021	2026-07-12T07:39:09.8170428Z
bin/x64/plugins/cyber_engine_tweaks/mods/hotscenes/hotscenes_mq055_interaction.lua	35086	0.033	2026-07-12T07:39:09.8200433Z
bin/x64/plugins/cyber_engine_tweaks/mods/hotscenes/hotscenes_native_ui.lua	247807	0.236	2026-07-12T07:39:09.8250433Z
bin/x64/plugins/cyber_engine_tweaks/mods/hotscenes/hotscenes_nc_delights.lua	316983	0.302	2026-07-12T07:39:09.8300435Z
bin/x64/plugins/cyber_engine_tweaks/mods/hotscenes/init.lua	411637	0.393	2026-07-12T07:39:09.8350439Z
bin/x64/plugins/cyber_engine_tweaks/mods/hotscenes/knownConflictingOtherModsWarnings.lua	18327	0.017	2026-07-12T07:39:09.8390430Z
bin/x64/plugins/cyber_engine_tweaks/mods/hotscenes/language/ar-ar/.placeholder	0	0.000	2026-07-12T07:39:09.8590425Z
bin/x64/plugins/cyber_engine_tweaks/mods/hotscenes/language/cz-cz/.placeholder	0	0.000	2026-07-12T07:39:09.8630429Z
bin/x64/plugins/cyber_engine_tweaks/mods/hotscenes/language/de-de/.placeholder	0	0.000	2026-07-12T07:39:09.8670431Z
bin/x64/plugins/cyber_engine_tweaks/mods/hotscenes/language/en-us/.placeholder	0	0.000	2026-07-12T07:39:09.8710435Z
bin/x64/plugins/cyber_engine_tweaks/mods/hotscenes/language/en-us_template/.placeholder	0	0.000	2026-07-12T07:39:09.8750435Z
bin/x64/plugins/cyber_engine_tweaks/mods/hotscenes/language/en-us_template/cetUiStrings.json	13308	0.013	2026-08-23T08:18:30.9730029Z
bin/x64/plugins/cyber_engine_tweaks/mods/hotscenes/language/en-us_template/destinationStrings.json	1430	0.001	2026-08-23T08:19:38.0745660Z
bin/x64/plugins/cyber_engine_tweaks/mods/hotscenes/language/en-us_template/nuiUiStrings.json	10456	0.010	2026-08-23T08:19:38.0710444Z
bin/x64/plugins/cyber_engine_tweaks/mods/hotscenes/language/en-us_template/performerStrings.json	8996	0.009	2026-08-23T08:19:38.0725550Z
bin/x64/plugins/cyber_engine_tweaks/mods/hotscenes/language/es-es/.placeholder	0	0.000	2026-07-12T07:39:09.8790437Z
bin/x64/plugins/cyber_engine_tweaks/mods/hotscenes/language/es-mx/.placeholder	0	0.000	2026-07-12T07:39:09.8830420Z
bin/x64/plugins/cyber_engine_tweaks/mods/hotscenes/language/fr-fr/.placeholder	0	0.000	2026-07-12T07:39:09.8870437Z
bin/x64/plugins/cyber_engine_tweaks/mods/hotscenes/language/hu-hu/.placeholder	0	0.000	2026-07-12T07:39:09.8910437Z
bin/x64/plugins/cyber_engine_tweaks/mods/hotscenes/language/it-it/.placeholder	0	0.000	2026-07-12T07:39:09.8940442Z
bin/x64/plugins/cyber_engine_tweaks/mods/hotscenes/language/jp-jp/.placeholder	0	0.000	2026-07-12T07:39:09.8980440Z
bin/x64/plugins/cyber_engine_tweaks/mods/hotscenes/language/kr-kr/.placeholder	0	0.000	2026-07-12T07:39:09.9020431Z
bin/x64/plugins/cyber_engine_tweaks/mods/hotscenes/language/pl-pl/.placeholder	0	0.000	2026-07-12T07:39:09.9070440Z
bin/x64/plugins/cyber_engine_tweaks/mods/hotscenes/language/pt-br/.placeholder	0	0.000	2026-07-12T07:39:09.9110423Z
bin/x64/plugins/cyber_engine_tweaks/mods/hotscenes/language/Readme.txt	3978	0.004	2026-07-12T07:39:09.8550423Z
bin/x64/plugins/cyber_engine_tweaks/mods/hotscenes/language/ru-ru/.placeholder	0	0.000	2026-07-12T07:39:09.9150442Z
bin/x64/plugins/cyber_engine_tweaks/mods/hotscenes/language/th-th/.placeholder	0	0.000	2026-07-12T07:39:09.9190437Z
bin/x64/plugins/cyber_engine_tweaks/mods/hotscenes/language/tr-tr/.placeholder	0	0.000	2026-07-12T07:39:09.9240436Z
bin/x64/plugins/cyber_engine_tweaks/mods/hotscenes/language/ua-ua/.placeholder	0	0.000	2026-07-12T07:39:09.9280432Z
bin/x64/plugins/cyber_engine_tweaks/mods/hotscenes/language/zh-cn/.placeholder	0	0.000	2026-07-12T07:39:09.9330433Z
bin/x64/plugins/cyber_engine_tweaks/mods/hotscenes/language/zh-tw/.placeholder	0	0.000	2026-07-12T07:39:09.9370416Z
bin/x64/plugins/cyber_engine_tweaks/mods/hotscenes/LICENSE	1069	0.001	2026-07-12T07:39:09.8420431Z
bin/x64/plugins/cyber_engine_tweaks/mods/hotscenes/mod_user_settings.json	1881	0.002	2026-01-25T18:06:39.6949101Z
bin/x64/plugins/cyber_engine_tweaks/mods/hotscenes/modules/drone.lua	51079	0.049	2026-07-12T07:39:09.9410429Z
bin/x64/plugins/cyber_engine_tweaks/mods/hotscenes/modules/input.lua	10258	0.010	2026-07-12T07:39:09.9450432Z
bin/x64/plugins/cyber_engine_tweaks/mods/hotscenes/plugins/.placeholder	0	0.000	2025-10-10T17:57:34.3836259Z
bin/x64/plugins/cyber_engine_tweaks/mods/hotscenes/plugins/anygoodname_mods/characters/little_china_tourists.json	6967	0.007	2026-07-12T07:39:09.9760437Z
bin/x64/plugins/cyber_engine_tweaks/mods/hotscenes/plugins/anygoodname_mods/characters/more_characters.json	73203	0.070	2026-07-12T07:39:09.9800440Z
bin/x64/plugins/cyber_engine_tweaks/mods/hotscenes/plugins/anygoodname_mods/moxes_and_nid_clothing_vendor.json	5330	0.005	2026-07-12T07:39:09.9720437Z
bin/x64/plugins/cyber_engine_tweaks/mods/hotscenes/plugins/character_plugin_template.json	3436	0.003	2026-07-12T07:39:09.9500424Z
bin/x64/plugins/cyber_engine_tweaks/mods/hotscenes/plugins/character_plugin_template_de-de_translation_example.json	2355	0.002	2026-07-12T07:39:09.9530443Z
bin/x64/plugins/cyber_engine_tweaks/mods/hotscenes/plugins/Readme - Character Plugins translations.txt	6281	0.006	2026-07-12T07:39:09.9580435Z
bin/x64/plugins/cyber_engine_tweaks/mods/hotscenes/plugins/Readme - Character Plugins.txt	7614	0.007	2026-07-12T07:39:09.9630426Z
bin/x64/plugins/cyber_engine_tweaks/mods/hotscenes/plugins/Readme - Plugins.txt	284	0.000	2026-07-12T07:39:09.9680435Z
bin/x64/plugins/cyber_engine_tweaks/mods/hotscenes/Ref.lua	1278	0.001	2026-07-12T07:39:09.8460430Z
bin/x64/plugins/cyber_engine_tweaks/mods/hotscenes/spycam.lua	5937	0.006	2026-07-12T07:39:09.8500439Z
bin/x64/plugins/cyber_engine_tweaks/mods/ImprovedAldecaldosCamp/.vscode/settings.json	224	0.000	2026-06-08T07:28:12.6588173Z
bin/x64/plugins/cyber_engine_tweaks/mods/ImprovedAldecaldosCamp/config.json	457	0.000	2026-08-23T08:19:38.4300697Z
bin/x64/plugins/cyber_engine_tweaks/mods/ImprovedAldecaldosCamp/db.sqlite3	0	0.000	2025-07-18T08:04:35.0000000Z
bin/x64/plugins/cyber_engine_tweaks/mods/ImprovedAldecaldosCamp/iac_interactions.json	720	0.001	2025-10-07T16:57:00.3006510Z
bin/x64/plugins/cyber_engine_tweaks/mods/ImprovedAldecaldosCamp/init.lua	3294	0.003	2026-06-08T07:28:12.6528176Z
bin/x64/plugins/cyber_engine_tweaks/mods/ImprovedAldecaldosCamp/modules/classes/baseInteraction.lua	2733	0.003	2026-06-08T07:28:12.7248844Z
bin/x64/plugins/cyber_engine_tweaks/mods/ImprovedAldecaldosCamp/modules/classes/couchInteraction.lua	2367	0.002	2026-06-08T07:28:12.7378855Z
bin/x64/plugins/cyber_engine_tweaks/mods/ImprovedAldecaldosCamp/modules/classes/deviceInteraction.lua	1517	0.001	2026-06-08T07:28:12.7548846Z
bin/x64/plugins/cyber_engine_tweaks/mods/ImprovedAldecaldosCamp/modules/classes/tentDoorInteraction.lua	1852	0.002	2026-06-08T07:28:12.7730552Z
bin/x64/plugins/cyber_engine_tweaks/mods/ImprovedAldecaldosCamp/modules/classes/workspotInteraction.lua	1521	0.001	2026-06-08T07:28:12.7925706Z
bin/x64/plugins/cyber_engine_tweaks/mods/ImprovedAldecaldosCamp/modules/devices/appearanceDevice.lua	2877	0.003	2026-06-08T07:28:12.8085713Z
bin/x64/plugins/cyber_engine_tweaks/mods/ImprovedAldecaldosCamp/modules/devices/template/meshSwapDevice.lua	3465	0.003	2026-06-08T07:28:12.8545712Z
bin/x64/plugins/cyber_engine_tweaks/mods/ImprovedAldecaldosCamp/modules/devices/tentDoorDevice.lua	2316	0.002	2026-06-08T07:28:12.8185954Z
bin/x64/plugins/cyber_engine_tweaks/mods/ImprovedAldecaldosCamp/modules/devices/wardrobeDevice.lua	1671	0.002	2026-06-08T07:28:12.8325701Z
bin/x64/plugins/cyber_engine_tweaks/mods/ImprovedAldecaldosCamp/modules/external/Cron.lua	3798	0.004	2026-06-08T07:28:12.8800795Z
bin/x64/plugins/cyber_engine_tweaks/mods/ImprovedAldecaldosCamp/modules/external/GameUI.lua	45433	0.043	2026-06-08T07:28:12.8910838Z
bin/x64/plugins/cyber_engine_tweaks/mods/ImprovedAldecaldosCamp/modules/interactionManager.lua	4984	0.005	2026-06-08T07:28:12.6748229Z
bin/x64/plugins/cyber_engine_tweaks/mods/ImprovedAldecaldosCamp/modules/interactions.lua	2373	0.002	2026-06-08T07:28:12.6840578Z
bin/x64/plugins/cyber_engine_tweaks/mods/ImprovedAldecaldosCamp/modules/utils/config.lua	1294	0.001	2026-06-08T07:28:12.9080839Z
bin/x64/plugins/cyber_engine_tweaks/mods/ImprovedAldecaldosCamp/modules/utils/interactionUI.lua	15595	0.015	2026-06-08T07:28:12.9210838Z
bin/x64/plugins/cyber_engine_tweaks/mods/ImprovedAldecaldosCamp/modules/utils/lang.lua	5877	0.006	2026-06-08T07:28:12.9350848Z
bin/x64/plugins/cyber_engine_tweaks/mods/ImprovedAldecaldosCamp/modules/utils/localizedText.lua	830	0.001	2026-06-08T07:28:12.9470852Z
bin/x64/plugins/cyber_engine_tweaks/mods/ImprovedAldecaldosCamp/modules/utils/utils.lua	4280	0.004	2026-06-08T07:28:12.9690877Z
bin/x64/plugins/cyber_engine_tweaks/mods/ImprovedAldecaldosCamp/modules/utils/variantUtils.lua	1731	0.002	2026-06-08T07:28:12.9867085Z
bin/x64/plugins/cyber_engine_tweaks/mods/ImprovedAldecaldosCamp/modules/utils/workspotUtils.lua	2150	0.002	2026-06-08T07:28:12.9958486Z
bin/x64/plugins/cyber_engine_tweaks/mods/ImprovedAldecaldosCamp/modules/utils/worldInteraction.lua	5924	0.006	2026-06-08T07:28:13.0095120Z
bin/x64/plugins/cyber_engine_tweaks/mods/ImprovedAldecaldosCamp/modules/variants.lua	13197	0.013	2026-06-08T07:28:12.6985899Z
bin/x64/plugins/cyber_engine_tweaks/mods/ImprovedAldecaldosCamp/modules/variantSettings.lua	4604	0.004	2026-06-08T07:28:12.7098857Z
bin/x64/plugins/cyber_engine_tweaks/mods/ImprovedAldecaldosCamp/modules/workspots/benchWorkspot.lua	3081	0.003	2026-06-08T07:28:13.0275130Z
bin/x64/plugins/cyber_engine_tweaks/mods/ImprovedAldecaldosCamp/modules/workspots/coffeeWorkspot.lua	9525	0.009	2026-06-08T07:28:13.0492005Z
bin/x64/plugins/cyber_engine_tweaks/mods/ImprovedAldecaldosCamp/modules/workspots/couchWorkspot.lua	2687	0.003	2026-06-08T07:28:13.0622004Z
bin/x64/plugins/cyber_engine_tweaks/mods/ImprovedAldecaldosCamp/modules/workspots/drinkWorkspot.lua	13336	0.013	2026-06-08T07:28:13.0742052Z
bin/x64/plugins/cyber_engine_tweaks/mods/ImprovedAldecaldosCamp/modules/workspots/railWorkspot.lua	2702	0.003	2026-06-08T07:28:13.0847128Z
bin/x64/plugins/cyber_engine_tweaks/mods/ImprovedAldecaldosCamp/modules/workspots/showerWorkspot.lua	12638	0.012	2026-06-08T07:28:13.0947148Z
bin/x64/plugins/cyber_engine_tweaks/mods/ImprovedAldecaldosCamp/modules/workspots/sitGroundWorkspot.lua	2741	0.003	2026-06-08T07:28:13.1057124Z
bin/x64/plugins/cyber_engine_tweaks/mods/ImprovedAldecaldosCamp/modules/workspots/sleepWorkspot.lua	12382	0.012	2026-06-08T07:28:13.1187126Z
bin/x64/plugins/cyber_engine_tweaks/mods/ImprovedAldecaldosCamp/modules/workspots/template/sitWorkspot.lua	10609	0.010	2026-06-08T07:28:13.1307126Z
bin/x64/plugins/cyber_engine_tweaks/mods/ImprovedAldecaldosCamp/tween/LICENSE.txt	4704	0.004	2026-06-08T07:28:13.1447133Z
bin/x64/plugins/cyber_engine_tweaks/mods/ImprovedAldecaldosCamp/tween/tween.lua	12579	0.012	2026-06-08T07:28:13.1627130Z
bin/x64/plugins/cyber_engine_tweaks/mods/increase_cyberware_cap/db.sqlite3	0	0.000	2025-07-18T08:04:35.0000000Z
bin/x64/plugins/cyber_engine_tweaks/mods/increase_cyberware_cap/init.lua	93	0.000	2025-07-18T07:44:17.0000000Z
bin/x64/plugins/cyber_engine_tweaks/mods/JackiesGarage/config.json	2	0.000	2026-08-23T08:19:38.5739339Z
bin/x64/plugins/cyber_engine_tweaks/mods/JackiesGarage/db.sqlite3	0	0.000	2025-07-18T08:04:35.0000000Z
bin/x64/plugins/cyber_engine_tweaks/mods/JackiesGarage/init.lua	3043	0.003	2025-03-20T17:55:39.0000000Z
bin/x64/plugins/cyber_engine_tweaks/mods/JackiesGarage/modules/devices/appearanceDevice.lua	2877	0.003	2025-02-02T20:55:45.0000000Z
bin/x64/plugins/cyber_engine_tweaks/mods/JackiesGarage/modules/devices/customDoorDevice.lua	2870	0.003	2025-02-23T14:01:24.0000000Z
bin/x64/plugins/cyber_engine_tweaks/mods/JackiesGarage/modules/devices/template/meshSwapDevice.lua	3688	0.004	2025-02-23T13:48:52.0000000Z
bin/x64/plugins/cyber_engine_tweaks/mods/JackiesGarage/modules/devices/wardrobeDevice.lua	1671	0.002	2025-02-12T12:18:30.0000000Z
bin/x64/plugins/cyber_engine_tweaks/mods/JackiesGarage/modules/external/Cron.lua	3798	0.004	2025-02-07T17:27:09.0000000Z
bin/x64/plugins/cyber_engine_tweaks/mods/JackiesGarage/modules/external/GameUI.lua	45433	0.043	2025-02-12T11:32:01.0000000Z
bin/x64/plugins/cyber_engine_tweaks/mods/JackiesGarage/modules/interactions.lua	968	0.001	2025-03-20T17:48:37.0000000Z
bin/x64/plugins/cyber_engine_tweaks/mods/JackiesGarage/modules/utils/config.lua	1001	0.001	2025-02-12T12:33:08.0000000Z
bin/x64/plugins/cyber_engine_tweaks/mods/JackiesGarage/modules/utils/interactionUI.lua	5356	0.005	2022-10-01T10:16:06.0000000Z
bin/x64/plugins/cyber_engine_tweaks/mods/JackiesGarage/modules/utils/lang.lua	3146	0.003	2022-10-01T23:43:46.0000000Z
bin/x64/plugins/cyber_engine_tweaks/mods/JackiesGarage/modules/utils/localizedText.lua	1273	0.001	2025-02-23T13:47:13.0000000Z
bin/x64/plugins/cyber_engine_tweaks/mods/JackiesGarage/modules/utils/utils.lua	4280	0.004	2025-02-08T11:55:10.0000000Z
bin/x64/plugins/cyber_engine_tweaks/mods/JackiesGarage/modules/utils/variantUtils.lua	1584	0.002	2025-02-23T13:46:25.0000000Z
bin/x64/plugins/cyber_engine_tweaks/mods/JackiesGarage/modules/utils/workspotUtils.lua	2150	0.002	2025-02-08T11:55:15.0000000Z
bin/x64/plugins/cyber_engine_tweaks/mods/JackiesGarage/modules/utils/worldInteraction.lua	3782	0.004	2022-09-29T14:25:00.0000000Z
bin/x64/plugins/cyber_engine_tweaks/mods/JackiesGarage/modules/variants.lua	9294	0.009	2025-02-23T13:52:27.0000000Z
bin/x64/plugins/cyber_engine_tweaks/mods/JackiesGarage/modules/variantSettings.lua	3226	0.003	2025-02-23T13:43:38.0000000Z
bin/x64/plugins/cyber_engine_tweaks/mods/JackiesGarage/modules/workspots/benchWorkspot.lua	3081	0.003	2025-02-19T18:16:40.0000000Z
bin/x64/plugins/cyber_engine_tweaks/mods/JackiesGarage/modules/workspots/coffeeWorkspot.lua	9525	0.009	2023-10-11T22:16:02.0000000Z
bin/x64/plugins/cyber_engine_tweaks/mods/JackiesGarage/modules/workspots/couchWorkspot.lua	2687	0.003	2025-02-19T18:16:38.0000000Z
bin/x64/plugins/cyber_engine_tweaks/mods/JackiesGarage/modules/workspots/drinkWorkspot.lua	13336	0.013	2023-10-11T22:12:52.0000000Z
bin/x64/plugins/cyber_engine_tweaks/mods/JackiesGarage/modules/workspots/railWorkspot.lua	2702	0.003	2025-02-19T18:16:57.0000000Z
bin/x64/plugins/cyber_engine_tweaks/mods/JackiesGarage/modules/workspots/showerWorkspot.lua	12638	0.012	2023-10-11T21:07:24.0000000Z
bin/x64/plugins/cyber_engine_tweaks/mods/JackiesGarage/modules/workspots/sleepWorkspot.lua	12382	0.012	2025-02-03T12:28:03.0000000Z
bin/x64/plugins/cyber_engine_tweaks/mods/JackiesGarage/modules/workspots/template/sitWorkspot.lua	10609	0.010	2025-02-03T18:28:30.0000000Z
bin/x64/plugins/cyber_engine_tweaks/mods/JackiesGarage/tween/LICENSE.txt	4704	0.004	2023-02-16T11:11:48.0000000Z
bin/x64/plugins/cyber_engine_tweaks/mods/JackiesGarage/tween/tween.lua	12579	0.012	2021-12-26T11:20:32.0000000Z
bin/x64/plugins/cyber_engine_tweaks/mods/KillsCounterDisplay/db.sqlite3	0	0.000	2025-07-18T08:04:35.0000000Z
bin/x64/plugins/cyber_engine_tweaks/mods/KillsCounterDisplay/init.lua	6921	0.007	2025-07-18T07:34:11.0000000Z
bin/x64/plugins/cyber_engine_tweaks/mods/KnockOutChildren/db.sqlite3	0	0.000	2025-07-18T08:04:35.0000000Z
bin/x64/plugins/cyber_engine_tweaks/mods/KnockOutChildren/External/Cron.lua	3021	0.003	2025-07-18T07:41:27.0000000Z
bin/x64/plugins/cyber_engine_tweaks/mods/KnockOutChildren/init.lua	3676	0.004	2025-07-18T07:41:27.0000000Z
bin/x64/plugins/cyber_engine_tweaks/mods/leanAnywhere/config/.keep	0	0.000	2025-11-12T18:33:05.3461320Z
bin/x64/plugins/cyber_engine_tweaks/mods/leanAnywhere/config/config.json	37	0.000	2026-08-23T08:19:21.6511082Z
bin/x64/plugins/cyber_engine_tweaks/mods/leanAnywhere/db.sqlite3	0	0.000	2025-07-18T08:04:35.0000000Z
bin/x64/plugins/cyber_engine_tweaks/mods/leanAnywhere/init.lua	6356	0.006	2025-11-12T18:33:05.3431338Z
bin/x64/plugins/cyber_engine_tweaks/mods/leanAnywhere/modules/config.lua	919	0.001	2025-11-12T18:33:05.3591293Z
bin/x64/plugins/cyber_engine_tweaks/mods/leanAnywhere/modules/external/Cron.lua	2851	0.003	2025-11-12T18:33:05.3905894Z
bin/x64/plugins/cyber_engine_tweaks/mods/leanAnywhere/modules/external/GameUI.lua	39334	0.038	2025-11-12T18:33:05.3925901Z
bin/x64/plugins/cyber_engine_tweaks/mods/leanAnywhere/modules/interactionUI.lua	15596	0.015	2025-11-12T18:33:05.3641292Z
bin/x64/plugins/cyber_engine_tweaks/mods/leanAnywhere/modules/lang.lua	3080	0.003	2025-11-12T18:33:05.3661298Z
bin/x64/plugins/cyber_engine_tweaks/mods/leanAnywhere/modules/logger.lua	555	0.001	2025-11-12T18:33:05.3701593Z
bin/x64/plugins/cyber_engine_tweaks/mods/leanAnywhere/modules/logic.lua	12025	0.011	2025-11-12T18:33:05.3741336Z
bin/x64/plugins/cyber_engine_tweaks/mods/leanAnywhere/modules/settingsUI.lua	1413	0.001	2025-11-12T18:33:05.3781457Z
bin/x64/plugins/cyber_engine_tweaks/mods/leanAnywhere/modules/utils.lua	1846	0.002	2025-11-12T18:33:05.3825794Z
bin/x64/plugins/cyber_engine_tweaks/mods/leanAnywhere/modules/workspots/railWorkspot.lua	2721	0.003	2025-11-12T18:33:05.3965891Z
bin/x64/plugins/cyber_engine_tweaks/mods/leanAnywhere/modules/workspots/sitWorkspot.lua	10259	0.010	2025-11-12T18:33:05.3995895Z
bin/x64/plugins/cyber_engine_tweaks/mods/leanAnywhere/modules/workspotUtils.lua	1427	0.001	2025-11-12T18:33:05.3855879Z
bin/x64/plugins/cyber_engine_tweaks/mods/leanAnywhere/modules/worldInteraction.lua	3749	0.004	2025-11-12T18:33:05.3875881Z
bin/x64/plugins/cyber_engine_tweaks/mods/leanAnywhere/tween/LICENSE.txt	4704	0.004	2025-11-12T18:33:05.4025896Z
bin/x64/plugins/cyber_engine_tweaks/mods/leanAnywhere/tween/tween.lua	12579	0.012	2025-11-12T18:33:05.4045902Z
bin/x64/plugins/cyber_engine_tweaks/mods/LoveOverride/db.sqlite3	0	0.000	2026-07-19T09:20:26.1014080Z
bin/x64/plugins/cyber_engine_tweaks/mods/LoveOverride/init.lua	13921	0.013	2026-07-12T07:38:33.2648886Z
bin/x64/plugins/cyber_engine_tweaks/mods/mansionDLC/db.sqlite3	0	0.000	2025-07-18T08:04:35.0000000Z
bin/x64/plugins/cyber_engine_tweaks/mods/mansionDLC/init.lua	3010	0.003	2025-07-18T07:47:39.0000000Z
bin/x64/plugins/cyber_engine_tweaks/mods/mansionDLC/modules/external/Cron.lua	2851	0.003	2025-07-18T07:47:39.0000000Z
bin/x64/plugins/cyber_engine_tweaks/mods/mansionDLC/modules/external/GameUI.lua	39334	0.038	2025-07-18T07:47:39.0000000Z
bin/x64/plugins/cyber_engine_tweaks/mods/mansionDLC/modules/fastTravelTerminal.lua	2338	0.002	2025-07-18T07:47:39.0000000Z
bin/x64/plugins/cyber_engine_tweaks/mods/mansionDLC/modules/logic.lua	29707	0.028	2025-07-18T07:47:39.0000000Z
bin/x64/plugins/cyber_engine_tweaks/mods/mansionDLC/modules/utils/config.lua	961	0.001	2025-07-18T07:47:39.0000000Z
bin/x64/plugins/cyber_engine_tweaks/mods/mansionDLC/modules/utils/interactionUI.lua	5356	0.005	2025-07-18T07:47:39.0000000Z
bin/x64/plugins/cyber_engine_tweaks/mods/mansionDLC/modules/utils/lang.lua	3146	0.003	2025-07-18T07:47:39.0000000Z
bin/x64/plugins/cyber_engine_tweaks/mods/mansionDLC/modules/utils/utils.lua	3842	0.004	2025-07-18T07:47:39.0000000Z
bin/x64/plugins/cyber_engine_tweaks/mods/mansionDLC/modules/utils/workspotUtils.lua	1436	0.001	2025-07-18T07:47:39.0000000Z
bin/x64/plugins/cyber_engine_tweaks/mods/mansionDLC/modules/utils/worldInteraction.lua	3782	0.004	2025-07-18T07:47:39.0000000Z
bin/x64/plugins/cyber_engine_tweaks/mods/mansionDLC/modules/workspots/appearanceDevice.lua	2877	0.003	2025-07-18T07:47:39.0000000Z
bin/x64/plugins/cyber_engine_tweaks/mods/mansionDLC/modules/workspots/benchWorkspot.lua	3072	0.003	2025-07-18T07:47:39.0000000Z
bin/x64/plugins/cyber_engine_tweaks/mods/mansionDLC/modules/workspots/coffeeWorkspot.lua	9525	0.009	2025-07-18T07:47:39.0000000Z
bin/x64/plugins/cyber_engine_tweaks/mods/mansionDLC/modules/workspots/couchWorkspot.lua	2678	0.003	2025-07-18T07:47:39.0000000Z
bin/x64/plugins/cyber_engine_tweaks/mods/mansionDLC/modules/workspots/drinkWorkspot.lua	13336	0.013	2025-07-18T07:47:39.0000000Z
bin/x64/plugins/cyber_engine_tweaks/mods/mansionDLC/modules/workspots/railWorkspot.lua	2693	0.003	2025-07-18T07:47:39.0000000Z
bin/x64/plugins/cyber_engine_tweaks/mods/mansionDLC/modules/workspots/showerWorkspot.lua	12638	0.012	2025-07-18T07:47:39.0000000Z
bin/x64/plugins/cyber_engine_tweaks/mods/mansionDLC/modules/workspots/sitWorkspot.lua	10609	0.010	2025-07-18T07:47:39.0000000Z
bin/x64/plugins/cyber_engine_tweaks/mods/mansionDLC/modules/workspots/sleepWorkspot.lua	12382	0.012	2025-07-18T07:47:39.0000000Z
bin/x64/plugins/cyber_engine_tweaks/mods/mansionDLC/modules/workspots/wardrobeDevice.lua	1671	0.002	2025-07-18T07:47:39.0000000Z
bin/x64/plugins/cyber_engine_tweaks/mods/mansionDLC/tween/LICENSE.txt	4704	0.004	2025-07-18T07:47:39.0000000Z
bin/x64/plugins/cyber_engine_tweaks/mods/mansionDLC/tween/tween.lua	12579	0.012	2025-07-18T07:47:39.0000000Z
bin/x64/plugins/cyber_engine_tweaks/mods/nativeInteractions/db.sqlite3	0	0.000	2025-07-18T08:04:35.0000000Z
bin/x64/plugins/cyber_engine_tweaks/mods/nativeInteractions/init.lua	4983	0.005	2026-01-22T18:01:58.2383378Z
bin/x64/plugins/cyber_engine_tweaks/mods/nativeInteractions/modules/apartmentManager.lua	1577	0.002	2026-01-22T18:01:58.2416158Z
bin/x64/plugins/cyber_engine_tweaks/mods/nativeInteractions/modules/api.lua	841	0.001	2026-01-22T18:01:56.4841296Z
bin/x64/plugins/cyber_engine_tweaks/mods/nativeInteractions/modules/classes/interaction.lua	4283	0.004	2026-01-22T18:01:58.2496168Z
bin/x64/plugins/cyber_engine_tweaks/mods/nativeInteractions/modules/classes/interactions/apartment.lua	28193	0.027	2026-01-22T18:01:58.2546165Z
bin/x64/plugins/cyber_engine_tweaks/mods/nativeInteractions/modules/classes/interactions/appearance.lua	1753	0.002	2026-01-22T18:01:58.2583831Z
bin/x64/plugins/cyber_engine_tweaks/mods/nativeInteractions/modules/classes/interactions/bar.lua	6577	0.006	2026-01-22T18:01:58.2613841Z
bin/x64/plugins/cyber_engine_tweaks/mods/nativeInteractions/modules/classes/interactions/basketball.lua	2811	0.003	2026-01-22T18:01:58.2643848Z
bin/x64/plugins/cyber_engine_tweaks/mods/nativeInteractions/modules/classes/interactions/bed.lua	1442	0.001	2026-01-22T18:01:58.2673844Z
bin/x64/plugins/cyber_engine_tweaks/mods/nativeInteractions/modules/classes/interactions/biliard.lua	7714	0.007	2026-01-22T18:01:58.2703843Z
bin/x64/plugins/cyber_engine_tweaks/mods/nativeInteractions/modules/classes/interactions/chair.lua	746	0.001	2026-01-22T18:01:58.2723836Z
bin/x64/plugins/cyber_engine_tweaks/mods/nativeInteractions/modules/classes/interactions/coffee.lua	2616	0.002	2026-01-22T18:01:58.2773849Z
bin/x64/plugins/cyber_engine_tweaks/mods/nativeInteractions/modules/classes/interactions/couch.lua	3429	0.003	2026-01-22T18:01:58.2793844Z
bin/x64/plugins/cyber_engine_tweaks/mods/nativeInteractions/modules/classes/interactions/dance.lua	740	0.001	2026-01-22T18:01:58.2823844Z
bin/x64/plugins/cyber_engine_tweaks/mods/nativeInteractions/modules/classes/interactions/guitar.lua	1947	0.002	2026-01-22T18:01:58.2863871Z
bin/x64/plugins/cyber_engine_tweaks/mods/nativeInteractions/modules/classes/interactions/iguana.lua	3811	0.004	2026-01-22T18:01:58.2903874Z
bin/x64/plugins/cyber_engine_tweaks/mods/nativeInteractions/modules/classes/interactions/incense.lua	4880	0.005	2026-01-22T18:01:58.2933872Z
bin/x64/plugins/cyber_engine_tweaks/mods/nativeInteractions/modules/classes/interactions/lean.lua	1870	0.002	2026-01-22T18:01:58.2983877Z
bin/x64/plugins/cyber_engine_tweaks/mods/nativeInteractions/modules/classes/interactions/meditate.lua	788	0.001	2026-01-22T18:01:58.3008930Z
bin/x64/plugins/cyber_engine_tweaks/mods/nativeInteractions/modules/classes/interactions/mirror.lua	2905	0.003	2026-01-22T18:01:58.3038984Z
bin/x64/plugins/cyber_engine_tweaks/mods/nativeInteractions/modules/classes/interactions/netrunnerChair.lua	1837	0.002	2026-01-22T18:01:58.3058986Z
bin/x64/plugins/cyber_engine_tweaks/mods/nativeInteractions/modules/classes/interactions/shower.lua	1945	0.002	2026-01-22T18:01:58.3098969Z
bin/x64/plugins/cyber_engine_tweaks/mods/nativeInteractions/modules/classes/interactions/tea.lua	2423	0.002	2026-01-22T18:01:58.3128985Z
bin/x64/plugins/cyber_engine_tweaks/mods/nativeInteractions/modules/classes/interactions/teleport.lua	2937	0.003	2026-01-22T18:01:56.8007710Z
bin/x64/plugins/cyber_engine_tweaks/mods/nativeInteractions/modules/classes/interactions/wardrobe.lua	768	0.001	2026-01-22T18:01:58.3158994Z
bin/x64/plugins/cyber_engine_tweaks/mods/nativeInteractions/modules/classes/interactions/workspot.lua	5071	0.005	2026-01-22T18:01:58.3188984Z
bin/x64/plugins/cyber_engine_tweaks/mods/nativeInteractions/modules/classes/interactions/yakitori.lua	4172	0.004	2026-01-22T18:01:58.3208984Z
bin/x64/plugins/cyber_engine_tweaks/mods/nativeInteractions/modules/classes/project.lua	2869	0.003	2026-01-22T18:01:58.2516161Z
bin/x64/plugins/cyber_engine_tweaks/mods/nativeInteractions/modules/projectsManager.lua	1522	0.001	2026-01-22T18:01:58.2446172Z
bin/x64/plugins/cyber_engine_tweaks/mods/nativeInteractions/modules/removalManager.lua	10860	0.010	2026-01-22T18:01:58.2466166Z
bin/x64/plugins/cyber_engine_tweaks/mods/nativeInteractions/modules/ui/baseUI.lua	3400	0.003	2026-01-22T18:01:58.3258983Z
bin/x64/plugins/cyber_engine_tweaks/mods/nativeInteractions/modules/ui/editUI.lua	5716	0.005	2026-01-22T18:01:58.3298971Z
bin/x64/plugins/cyber_engine_tweaks/mods/nativeInteractions/modules/ui/interactionUI.lua	8862	0.008	2026-01-22T18:01:58.3328982Z
bin/x64/plugins/cyber_engine_tweaks/mods/nativeInteractions/modules/ui/removalsUI.lua	2079	0.002	2026-01-22T18:01:58.3348989Z
bin/x64/plugins/cyber_engine_tweaks/mods/nativeInteractions/modules/ui/savedUI.lua	5685	0.005	2026-01-22T18:01:58.3381291Z
bin/x64/plugins/cyber_engine_tweaks/mods/nativeInteractions/modules/ui/style.lua	9245	0.009	2026-01-22T18:01:58.3401303Z
bin/x64/plugins/cyber_engine_tweaks/mods/nativeInteractions/modules/utils/benchmark.lua	428	0.000	2026-01-22T18:01:56.9649590Z
bin/x64/plugins/cyber_engine_tweaks/mods/nativeInteractions/modules/utils/config.lua	1911	0.002	2026-01-22T18:01:58.3481301Z
bin/x64/plugins/cyber_engine_tweaks/mods/nativeInteractions/modules/utils/Cron.lua	3425	0.003	2026-01-22T18:01:58.3431303Z
bin/x64/plugins/cyber_engine_tweaks/mods/nativeInteractions/modules/utils/GameUI.lua	38109	0.036	2026-01-22T18:01:58.3461312Z
bin/x64/plugins/cyber_engine_tweaks/mods/nativeInteractions/modules/utils/resourceHelper.lua	13323	0.013	2026-01-22T18:01:58.3511299Z
bin/x64/plugins/cyber_engine_tweaks/mods/nativeInteractions/modules/utils/tasks.lua	1836	0.002	2026-01-22T18:01:58.3531309Z
bin/x64/plugins/cyber_engine_tweaks/mods/nativeInteractions/modules/utils/utils.lua	11908	0.011	2026-01-22T18:01:58.3561298Z
bin/x64/plugins/cyber_engine_tweaks/mods/nativeInteractions/modules/utils/worldInteraction.lua	9173	0.009	2026-01-22T18:01:58.3581304Z
bin/x64/plugins/cyber_engine_tweaks/mods/nativeInteractions/projects/.keep	0	0.000	2026-01-22T18:01:58.3611294Z
bin/x64/plugins/cyber_engine_tweaks/mods/nativeInteractions/projects/H10_Elevator_Expanded.json	3255	0.003	2026-06-08T07:27:22.5042491Z
bin/x64/plugins/cyber_engine_tweaks/mods/nativeInteractions/projects/Improved_Aldecaldos_Camp.json	5913	0.006	2026-06-08T07:28:13.1802201Z
bin/x64/plugins/cyber_engine_tweaks/mods/nativeInteractions/projects/judygoonadte.json	1682	0.002	2026-07-10T07:28:12.1369612Z
bin/x64/plugins/cyber_engine_tweaks/mods/nativeInteractions/projects/rebeccas_apartment_dlc.json	5988	0.006	2026-01-22T18:00:10.6652312Z
bin/x64/plugins/cyber_engine_tweaks/mods/nativeInteractions/projects/Viktor_Vektors_Garage.json	4175	0.004	2026-06-08T07:30:49.6828305Z
bin/x64/plugins/cyber_engine_tweaks/mods/nativeSettings/Cron.lua	2851	0.003	2025-07-18T07:47:31.0000000Z
bin/x64/plugins/cyber_engine_tweaks/mods/nativeSettings/db.sqlite3	0	0.000	2025-07-18T08:04:36.0000000Z
bin/x64/plugins/cyber_engine_tweaks/mods/nativeSettings/EventProxy.lua	7025	0.007	2025-07-18T07:47:31.0000000Z
bin/x64/plugins/cyber_engine_tweaks/mods/nativeSettings/init.lua	64272	0.061	2025-07-18T07:47:31.0000000Z
bin/x64/plugins/cyber_engine_tweaks/mods/nativeSettings/Ref.lua	1278	0.001	2025-07-18T07:47:31.0000000Z
bin/x64/plugins/cyber_engine_tweaks/mods/nativeSettings/UIButton.lua	4552	0.004	2025-07-18T07:47:31.0000000Z
bin/x64/plugins/cyber_engine_tweaks/mods/nativeSettings_side_menu_add_on/db.sqlite3	0	0.000	2025-07-18T08:04:36.0000000Z
bin/x64/plugins/cyber_engine_tweaks/mods/nativeSettings_side_menu_add_on/init.lua	104665	0.100	2026-06-08T07:29:19.6184599Z
bin/x64/plugins/cyber_engine_tweaks/mods/nativeSettings_side_menu_add_on/language/ar-ar/.placeholder	0	0.000	2026-06-08T07:29:19.6470818Z
bin/x64/plugins/cyber_engine_tweaks/mods/nativeSettings_side_menu_add_on/language/cz-cz/.placeholder	0	0.000	2026-06-08T07:29:19.6536911Z
bin/x64/plugins/cyber_engine_tweaks/mods/nativeSettings_side_menu_add_on/language/de-de/.placeholder	0	0.000	2026-06-08T07:29:19.6601243Z
bin/x64/plugins/cyber_engine_tweaks/mods/nativeSettings_side_menu_add_on/language/en-us/.placeholder	0	0.000	2026-06-08T07:29:19.6661029Z
bin/x64/plugins/cyber_engine_tweaks/mods/nativeSettings_side_menu_add_on/language/en-us_template/.placeholder	0	0.000	2026-06-08T07:29:19.6721585Z
bin/x64/plugins/cyber_engine_tweaks/mods/nativeSettings_side_menu_add_on/language/en-us_template/nuiUiStrings.json	1452	0.001	2026-08-23T08:18:32.0298245Z
bin/x64/plugins/cyber_engine_tweaks/mods/nativeSettings_side_menu_add_on/language/es-es/.placeholder	0	0.000	2026-06-08T07:29:19.6781776Z
bin/x64/plugins/cyber_engine_tweaks/mods/nativeSettings_side_menu_add_on/language/es-mx/.placeholder	0	0.000	2026-06-08T07:29:19.6851768Z
bin/x64/plugins/cyber_engine_tweaks/mods/nativeSettings_side_menu_add_on/language/fr-fr/.placeholder	0	0.000	2026-06-08T07:29:19.6921762Z
bin/x64/plugins/cyber_engine_tweaks/mods/nativeSettings_side_menu_add_on/language/hu-hu/.placeholder	0	0.000	2026-06-08T07:29:19.6982395Z
bin/x64/plugins/cyber_engine_tweaks/mods/nativeSettings_side_menu_add_on/language/it-it/.placeholder	0	0.000	2026-06-08T07:29:19.7046344Z
bin/x64/plugins/cyber_engine_tweaks/mods/nativeSettings_side_menu_add_on/language/jp-jp/.placeholder	0	0.000	2026-06-08T07:29:19.7113156Z
bin/x64/plugins/cyber_engine_tweaks/mods/nativeSettings_side_menu_add_on/language/kr-kr/.placeholder	0	0.000	2026-06-08T07:29:19.7174268Z
bin/x64/plugins/cyber_engine_tweaks/mods/nativeSettings_side_menu_add_on/language/pl-pl/.placeholder	0	0.000	2026-06-08T07:29:19.7244276Z
bin/x64/plugins/cyber_engine_tweaks/mods/nativeSettings_side_menu_add_on/language/pt-br/.placeholder	0	0.000	2026-06-08T07:29:19.7294282Z
bin/x64/plugins/cyber_engine_tweaks/mods/nativeSettings_side_menu_add_on/language/Readme.txt	1993	0.002	2026-06-08T07:29:19.6410552Z
bin/x64/plugins/cyber_engine_tweaks/mods/nativeSettings_side_menu_add_on/language/ru-ru/.placeholder	0	0.000	2026-06-08T07:29:19.7339463Z
bin/x64/plugins/cyber_engine_tweaks/mods/nativeSettings_side_menu_add_on/language/th-th/.placeholder	0	0.000	2026-06-08T07:29:19.7401871Z
bin/x64/plugins/cyber_engine_tweaks/mods/nativeSettings_side_menu_add_on/language/tr-tr/.placeholder	0	0.000	2026-06-08T07:29:19.7461518Z
bin/x64/plugins/cyber_engine_tweaks/mods/nativeSettings_side_menu_add_on/language/ua-ua/.placeholder	0	0.000	2026-06-08T07:29:19.7501672Z
bin/x64/plugins/cyber_engine_tweaks/mods/nativeSettings_side_menu_add_on/language/zh-cn/.placeholder	0	0.000	2026-06-08T07:29:19.7553870Z
bin/x64/plugins/cyber_engine_tweaks/mods/nativeSettings_side_menu_add_on/language/zh-tw/.placeholder	0	0.000	2026-06-08T07:29:19.7628172Z
bin/x64/plugins/cyber_engine_tweaks/mods/nativeSettings_side_menu_add_on/LICENSE	1069	0.001	2026-06-08T07:29:19.6298110Z
bin/x64/plugins/cyber_engine_tweaks/mods/nativeSettings_side_menu_add_on/mod_user_settings.json	195	0.000	2025-07-18T08:04:58.0000000Z
bin/x64/plugins/cyber_engine_tweaks/mods/nativeSettings_side_menu_add_on/Ref.lua	1278	0.001	2026-06-08T07:29:19.6350502Z
bin/x64/plugins/cyber_engine_tweaks/mods/ncpd_radio_on_foot/db.sqlite3	0	0.000	2025-07-18T08:04:36.0000000Z
bin/x64/plugins/cyber_engine_tweaks/mods/ncpd_radio_on_foot/init.lua	3097	0.003	2025-07-18T07:41:32.0000000Z
bin/x64/plugins/cyber_engine_tweaks/mods/Night City Autoshop/db.sqlite3	0	0.000	2025-07-18T08:04:36.0000000Z
bin/x64/plugins/cyber_engine_tweaks/mods/Night City Autoshop/init.lua	1053	0.001	2026-06-08T07:29:25.8764174Z
bin/x64/plugins/cyber_engine_tweaks/mods/NightCityInteractions/db.sqlite3	0	0.000	2025-10-07T16:56:35.4316454Z
bin/x64/plugins/cyber_engine_tweaks/mods/NightCityInteractions/GameUI.lua	38261	0.036	2026-06-08T07:29:38.9938790Z
bin/x64/plugins/cyber_engine_tweaks/mods/NightCityInteractions/init.lua	1381	0.001	2026-06-08T07:29:38.9988795Z
bin/x64/plugins/cyber_engine_tweaks/mods/NightCityInteractions/loc.lua	188	0.000	2026-06-08T07:29:39.0040098Z
bin/x64/plugins/cyber_engine_tweaks/mods/NightCityInteractions/saving.lua	1088	0.001	2026-06-08T07:29:39.0103228Z
bin/x64/plugins/cyber_engine_tweaks/mods/NightCityInteractions/settings.json	16	0.000	2026-08-23T08:19:38.0936116Z
bin/x64/plugins/cyber_engine_tweaks/mods/nightVision/config/.keep	0	0.000	2025-07-18T07:46:41.0000000Z
bin/x64/plugins/cyber_engine_tweaks/mods/nightVision/config/config.json	342	0.000	2026-08-23T08:19:39.1330248Z
bin/x64/plugins/cyber_engine_tweaks/mods/nightVision/db.sqlite3	0	0.000	2025-07-18T08:04:36.0000000Z
bin/x64/plugins/cyber_engine_tweaks/mods/nightVision/init.lua	6275	0.006	2025-07-18T07:46:41.0000000Z
bin/x64/plugins/cyber_engine_tweaks/mods/nightVision/modules/config.lua	961	0.001	2025-07-18T07:46:41.0000000Z
bin/x64/plugins/cyber_engine_tweaks/mods/nightVision/modules/external/Cron.lua	2851	0.003	2025-07-18T07:46:41.0000000Z
bin/x64/plugins/cyber_engine_tweaks/mods/nightVision/modules/external/GameUI.lua	39334	0.038	2025-07-18T07:46:41.0000000Z
bin/x64/plugins/cyber_engine_tweaks/mods/nightVision/modules/inputManager.lua	7340	0.007	2025-07-18T07:46:41.0000000Z
bin/x64/plugins/cyber_engine_tweaks/mods/nightVision/modules/item_data.lua	194	0.000	2025-07-18T07:46:41.0000000Z
bin/x64/plugins/cyber_engine_tweaks/mods/nightVision/modules/settingsUI.lua	2841	0.003	2025-07-18T07:46:41.0000000Z
bin/x64/plugins/cyber_engine_tweaks/mods/nightVision/modules/tweaks.lua	3436	0.003	2025-07-18T07:46:41.0000000Z
bin/x64/plugins/cyber_engine_tweaks/mods/nightVision/modules/utils.lua	2653	0.003	2025-07-18T07:46:41.0000000Z
bin/x64/plugins/cyber_engine_tweaks/mods/NonCanonRomancesEnhanced/db.sqlite3	0	0.000	2025-10-21T09:24:48.3662917Z
bin/x64/plugins/cyber_engine_tweaks/mods/NonCanonRomancesEnhanced/GameUI.lua	38261	0.036	2026-07-12T07:37:52.2169797Z
bin/x64/plugins/cyber_engine_tweaks/mods/NonCanonRomancesEnhanced/init.lua	4200	0.004	2026-07-12T07:37:52.2199801Z
bin/x64/plugins/cyber_engine_tweaks/mods/NonCanonRomancesEnhanced/loc.lua	473	0.000	2026-07-12T07:37:52.2239792Z
bin/x64/plugins/cyber_engine_tweaks/mods/NPC Outfit Manager/db.sqlite3	0	0.000	2026-07-19T09:20:27.1121219Z
bin/x64/plugins/cyber_engine_tweaks/mods/NPC Outfit Manager/init.lua	70941	0.068	2026-07-10T20:27:33.1896341Z
bin/x64/plugins/cyber_engine_tweaks/mods/rebeccas_apartment_dlc2/db.sqlite3	0	0.000	2025-07-18T07:37:30.0000000Z
bin/x64/plugins/cyber_engine_tweaks/mods/rebeccas_apartment_dlc2/init.lua	2563	0.002	2025-07-18T07:37:30.0000000Z
bin/x64/plugins/cyber_engine_tweaks/mods/rebeccas_apartment_dlc2/modules/external/Cron.lua	2851	0.003	2025-07-18T07:37:30.0000000Z
bin/x64/plugins/cyber_engine_tweaks/mods/rebeccas_apartment_dlc2/modules/external/GameUI.lua	39334	0.038	2025-07-18T07:37:30.0000000Z
bin/x64/plugins/cyber_engine_tweaks/mods/rebeccas_apartment_dlc2/modules/logic.lua	4207	0.004	2025-07-18T07:37:30.0000000Z
bin/x64/plugins/cyber_engine_tweaks/mods/rebeccas_apartment_dlc2/modules/utils/config.lua	961	0.001	2025-07-18T07:37:30.0000000Z
bin/x64/plugins/cyber_engine_tweaks/mods/rebeccas_apartment_dlc2/modules/utils/interactionUI.lua	5356	0.005	2025-07-18T07:37:30.0000000Z
bin/x64/plugins/cyber_engine_tweaks/mods/rebeccas_apartment_dlc2/modules/utils/lang.lua	3146	0.003	2025-07-18T07:37:30.0000000Z
bin/x64/plugins/cyber_engine_tweaks/mods/rebeccas_apartment_dlc2/modules/utils/utils.lua	3842	0.004	2025-07-18T07:37:30.0000000Z
bin/x64/plugins/cyber_engine_tweaks/mods/rebeccas_apartment_dlc2/modules/utils/workspotUtils.lua	1436	0.001	2025-07-18T07:37:30.0000000Z
bin/x64/plugins/cyber_engine_tweaks/mods/rebeccas_apartment_dlc2/modules/utils/worldInteraction.lua	3782	0.004	2025-07-18T07:37:30.0000000Z
bin/x64/plugins/cyber_engine_tweaks/mods/rebeccas_apartment_dlc2/modules/workspots/appearanceDevice.lua	2877	0.003	2025-07-18T07:37:30.0000000Z
bin/x64/plugins/cyber_engine_tweaks/mods/rebeccas_apartment_dlc2/modules/workspots/benchWorkspot.lua	3072	0.003	2025-07-18T07:37:30.0000000Z
bin/x64/plugins/cyber_engine_tweaks/mods/rebeccas_apartment_dlc2/modules/workspots/coffeeWorkspot.lua	9525	0.009	2025-07-18T07:37:30.0000000Z
bin/x64/plugins/cyber_engine_tweaks/mods/rebeccas_apartment_dlc2/modules/workspots/couchWorkspot.lua	2678	0.003	2025-07-18T07:37:30.0000000Z
bin/x64/plugins/cyber_engine_tweaks/mods/rebeccas_apartment_dlc2/modules/workspots/drinkWorkspot.lua	13336	0.013	2025-07-18T07:37:30.0000000Z
bin/x64/plugins/cyber_engine_tweaks/mods/rebeccas_apartment_dlc2/modules/workspots/railWorkspot.lua	2693	0.003	2025-07-18T07:37:30.0000000Z
bin/x64/plugins/cyber_engine_tweaks/mods/rebeccas_apartment_dlc2/modules/workspots/showerWorkspot.lua	12638	0.012	2025-07-18T07:37:30.0000000Z
bin/x64/plugins/cyber_engine_tweaks/mods/rebeccas_apartment_dlc2/modules/workspots/sitWorkspot.lua	10609	0.010	2025-07-18T07:37:30.0000000Z
bin/x64/plugins/cyber_engine_tweaks/mods/rebeccas_apartment_dlc2/modules/workspots/sleepWorkspot.lua	12382	0.012	2025-07-18T07:37:30.0000000Z
bin/x64/plugins/cyber_engine_tweaks/mods/rebeccas_apartment_dlc2/modules/workspots/wardrobeDevice.lua	1671	0.002	2025-07-18T07:37:30.0000000Z
bin/x64/plugins/cyber_engine_tweaks/mods/rebeccas_apartment_dlc2/tween/LICENSE.txt	4704	0.004	2025-07-18T07:37:30.0000000Z
bin/x64/plugins/cyber_engine_tweaks/mods/rebeccas_apartment_dlc2/tween/tween.lua	12579	0.012	2025-07-18T07:37:30.0000000Z
bin/x64/plugins/cyber_engine_tweaks/mods/sitAnywhere/config/.keep	0	0.000	2025-11-12T18:32:14.9561942Z
bin/x64/plugins/cyber_engine_tweaks/mods/sitAnywhere/config/config.json	54	0.000	2026-08-23T08:19:34.2827304Z
bin/x64/plugins/cyber_engine_tweaks/mods/sitAnywhere/db.sqlite3	0	0.000	2025-07-18T08:04:36.0000000Z
bin/x64/plugins/cyber_engine_tweaks/mods/sitAnywhere/init.lua	6403	0.006	2025-11-12T18:32:14.9541644Z
bin/x64/plugins/cyber_engine_tweaks/mods/sitAnywhere/modules/config.lua	919	0.001	2025-11-12T18:32:14.9631385Z
bin/x64/plugins/cyber_engine_tweaks/mods/sitAnywhere/modules/external/Cron.lua	2851	0.003	2025-11-12T18:32:14.9893157Z
bin/x64/plugins/cyber_engine_tweaks/mods/sitAnywhere/modules/external/GameUI.lua	39324	0.038	2025-11-12T18:32:14.9923165Z
bin/x64/plugins/cyber_engine_tweaks/mods/sitAnywhere/modules/interactionUI.lua	15596	0.015	2025-11-12T18:32:14.9681377Z
bin/x64/plugins/cyber_engine_tweaks/mods/sitAnywhere/modules/logger.lua	555	0.001	2025-11-12T18:32:14.9721088Z
bin/x64/plugins/cyber_engine_tweaks/mods/sitAnywhere/modules/logic.lua	14654	0.014	2025-11-12T18:32:14.9751483Z
bin/x64/plugins/cyber_engine_tweaks/mods/sitAnywhere/modules/settingsUI.lua	1961	0.002	2025-11-12T18:32:14.9771484Z
bin/x64/plugins/cyber_engine_tweaks/mods/sitAnywhere/modules/utils.lua	1846	0.002	2025-11-12T18:32:14.9813325Z
bin/x64/plugins/cyber_engine_tweaks/mods/sitAnywhere/modules/workspots/benchWorkspot.lua	3186	0.003	2025-11-12T18:32:14.9943124Z
bin/x64/plugins/cyber_engine_tweaks/mods/sitAnywhere/modules/workspots/couchWorkspot.lua	2965	0.003	2025-11-12T18:32:14.9983507Z
bin/x64/plugins/cyber_engine_tweaks/mods/sitAnywhere/modules/workspots/sitWorkspot.lua	10255	0.010	2025-11-12T18:32:15.0013134Z
bin/x64/plugins/cyber_engine_tweaks/mods/sitAnywhere/modules/workspotUtils.lua	1409	0.001	2025-11-12T18:32:14.9843129Z
bin/x64/plugins/cyber_engine_tweaks/mods/sitAnywhere/modules/worldInteraction.lua	3745	0.004	2025-11-12T18:32:14.9863165Z
bin/x64/plugins/cyber_engine_tweaks/mods/sitAnywhere/tween/LICENSE.txt	4704	0.004	2025-11-12T18:32:15.0053313Z
bin/x64/plugins/cyber_engine_tweaks/mods/sitAnywhere/tween/tween.lua	12579	0.012	2025-11-12T18:32:15.0073135Z
bin/x64/plugins/cyber_engine_tweaks/mods/smartWindow/db.sqlite3	0	0.000	2025-07-18T08:04:36.0000000Z
bin/x64/plugins/cyber_engine_tweaks/mods/smartWindow/init.lua	2114	0.002	2026-01-22T18:05:36.4347224Z
bin/x64/plugins/cyber_engine_tweaks/mods/smartWindow/localization/ar-ar.lua	104	0.000	2026-01-22T18:05:36.4377223Z
bin/x64/plugins/cyber_engine_tweaks/mods/smartWindow/localization/cz-cz.lua	104	0.000	2026-01-22T18:05:36.4428026Z
bin/x64/plugins/cyber_engine_tweaks/mods/smartWindow/localization/de-de.lua	104	0.000	2026-01-22T18:05:36.4460764Z
bin/x64/plugins/cyber_engine_tweaks/mods/smartWindow/localization/en-us.lua	128	0.000	2026-01-22T18:05:36.4480936Z
bin/x64/plugins/cyber_engine_tweaks/mods/smartWindow/localization/es-es.lua	104	0.000	2026-01-22T18:05:36.4510771Z
bin/x64/plugins/cyber_engine_tweaks/mods/smartWindow/localization/es-mx.lua	104	0.000	2026-01-22T18:05:36.4550771Z
bin/x64/plugins/cyber_engine_tweaks/mods/smartWindow/localization/fr-fr.lua	104	0.000	2026-01-22T18:05:36.4570781Z
bin/x64/plugins/cyber_engine_tweaks/mods/smartWindow/localization/hu-hu.lua	104	0.000	2026-01-22T18:05:36.4600762Z
bin/x64/plugins/cyber_engine_tweaks/mods/smartWindow/localization/it-it.lua	104	0.000	2026-01-22T18:05:36.4630812Z
bin/x64/plugins/cyber_engine_tweaks/mods/smartWindow/localization/jp-jp.lua	104	0.000	2026-01-22T18:05:36.4660783Z
bin/x64/plugins/cyber_engine_tweaks/mods/smartWindow/localization/kr-kr.lua	104	0.000	2026-01-22T18:05:36.4680778Z
bin/x64/plugins/cyber_engine_tweaks/mods/smartWindow/localization/pl-pl.lua	104	0.000	2026-01-22T18:05:36.4718645Z
bin/x64/plugins/cyber_engine_tweaks/mods/smartWindow/localization/pt-br.lua	104	0.000	2026-01-22T18:05:36.4738770Z
bin/x64/plugins/cyber_engine_tweaks/mods/smartWindow/localization/ru-ru.lua	104	0.000	2026-01-22T18:05:36.4782267Z
bin/x64/plugins/cyber_engine_tweaks/mods/smartWindow/localization/th-th.lua	104	0.000	2026-01-22T18:05:36.4812300Z
bin/x64/plugins/cyber_engine_tweaks/mods/smartWindow/localization/tr-tr.lua	104	0.000	2026-01-22T18:05:36.4842470Z
bin/x64/plugins/cyber_engine_tweaks/mods/smartWindow/localization/zh-cn.lua	99	0.000	2026-01-22T18:05:36.4872316Z
bin/x64/plugins/cyber_engine_tweaks/mods/smartWindow/localization/zh-tw.lua	104	0.000	2026-01-22T18:05:36.4912306Z
bin/x64/plugins/cyber_engine_tweaks/mods/smartWindow/modules/eventCatcher.lua	1212	0.001	2026-01-22T18:05:36.4952308Z
bin/x64/plugins/cyber_engine_tweaks/mods/smartWindow/modules/external/Cron.lua	2851	0.003	2026-01-22T18:05:36.5078468Z
bin/x64/plugins/cyber_engine_tweaks/mods/smartWindow/modules/external/GameUI.lua	39334	0.038	2026-01-22T18:05:36.5118378Z
bin/x64/plugins/cyber_engine_tweaks/mods/smartWindow/modules/lang.lua	567	0.001	2026-01-22T18:05:36.4972485Z
bin/x64/plugins/cyber_engine_tweaks/mods/smartWindow/modules/logic.lua	2093	0.002	2026-01-22T18:05:36.5014994Z
bin/x64/plugins/cyber_engine_tweaks/mods/smartWindow/modules/smartWindow.lua	14062	0.013	2026-01-22T18:05:36.5035104Z
bin/x64/plugins/cyber_engine_tweaks/mods/smartWindow/modules/utils/color.lua	7913	0.008	2026-01-22T18:05:36.5148489Z
bin/x64/plugins/cyber_engine_tweaks/mods/smartWindow/modules/utils/config.lua	961	0.001	2026-01-22T18:05:36.5188488Z
bin/x64/plugins/cyber_engine_tweaks/mods/smartWindow/modules/utils/inkHelper.lua	6276	0.006	2026-01-22T18:05:36.5208494Z
bin/x64/plugins/cyber_engine_tweaks/mods/smartWindow/modules/utils/utils.lua	3989	0.004	2026-01-22T18:05:36.5238491Z
bin/x64/plugins/cyber_engine_tweaks/mods/smartWindow/modules/widgets/button_texture.lua	2813	0.003	2026-01-22T18:05:36.5268531Z
bin/x64/plugins/cyber_engine_tweaks/mods/smartWindow/modules/widgets/buttonIcon.lua	3721	0.004	2026-01-22T18:05:36.5288544Z
bin/x64/plugins/cyber_engine_tweaks/mods/smartWindow/modules/widgets/graph.lua	6270	0.006	2026-01-22T18:05:36.5308543Z
bin/x64/plugins/cyber_engine_tweaks/mods/smartWindow/modules/widgets/stockPreview.lua	6699	0.006	2026-01-22T18:05:36.5348522Z
bin/x64/plugins/cyber_engine_tweaks/mods/smartWindow/windows/corpo.lua	254	0.000	2025-07-18T07:39:06.0000000Z
bin/x64/plugins/cyber_engine_tweaks/mods/smartWindow/windows/glen.lua	232	0.000	2025-07-18T07:39:06.0000000Z
bin/x64/plugins/cyber_engine_tweaks/mods/smartWindow/windows/h6.lua	256	0.000	2025-07-18T07:39:06.0000000Z
bin/x64/plugins/cyber_engine_tweaks/mods/smartWindow/windows/japantown.lua	425	0.000	2025-07-18T07:39:06.0000000Z
bin/x64/plugins/cyber_engine_tweaks/mods/smartWindow/windows/judys.lua	233	0.000	2025-07-18T07:39:06.0000000Z
bin/x64/plugins/cyber_engine_tweaks/mods/smartWindow/windows/penthouse.lua	238	0.000	2025-07-18T07:39:06.0000000Z
bin/x64/plugins/cyber_engine_tweaks/mods/smartWindow/windows/rebecca.lua	230	0.000	2025-07-18T07:39:06.0000000Z
bin/x64/plugins/cyber_engine_tweaks/mods/smartWindow/windows/sunset.lua	236	0.000	2025-07-18T07:39:06.0000000Z
bin/x64/plugins/cyber_engine_tweaks/mods/smartWindow/windows/watson.lua	321	0.000	2025-07-18T07:39:06.0000000Z
bin/x64/plugins/cyber_engine_tweaks/mods/sp0_BODYMOD/altenabled	1	0.000	2025-07-18T07:15:24.0000000Z
bin/x64/plugins/cyber_engine_tweaks/mods/sp0_BODYMOD/altsavedlowerbodytype	1	0.000	2025-07-18T07:15:24.0000000Z
bin/x64/plugins/cyber_engine_tweaks/mods/sp0_BODYMOD/altsavedmuscular	1	0.000	2025-07-18T07:15:24.0000000Z
bin/x64/plugins/cyber_engine_tweaks/mods/sp0_BODYMOD/altsavedupperbodytype	1	0.000	2025-07-18T07:15:24.0000000Z
bin/x64/plugins/cyber_engine_tweaks/mods/sp0_BODYMOD/claireenabled	1	0.000	2025-07-18T07:15:24.0000000Z
bin/x64/plugins/cyber_engine_tweaks/mods/sp0_BODYMOD/clairesavedlowerbodytype	1	0.000	2025-07-18T07:15:24.0000000Z
bin/x64/plugins/cyber_engine_tweaks/mods/sp0_BODYMOD/clairesavedmuscular	1	0.000	2025-07-18T07:15:24.0000000Z
bin/x64/plugins/cyber_engine_tweaks/mods/sp0_BODYMOD/clairesavedupperbodytype	1	0.000	2025-07-18T07:15:24.0000000Z
bin/x64/plugins/cyber_engine_tweaks/mods/sp0_BODYMOD/db.sqlite3	0	0.000	2025-07-18T08:04:36.0000000Z
bin/x64/plugins/cyber_engine_tweaks/mods/sp0_BODYMOD/enabled	1	0.000	2025-07-18T07:15:24.0000000Z
bin/x64/plugins/cyber_engine_tweaks/mods/sp0_BODYMOD/eveenabled	1	0.000	2025-07-18T07:15:24.0000000Z
bin/x64/plugins/cyber_engine_tweaks/mods/sp0_BODYMOD/evesavedlowerbodytype	1	0.000	2025-07-18T07:15:24.0000000Z
bin/x64/plugins/cyber_engine_tweaks/mods/sp0_BODYMOD/evesavedmuscular	1	0.000	2025-07-18T07:15:24.0000000Z
bin/x64/plugins/cyber_engine_tweaks/mods/sp0_BODYMOD/evesavedupperbodytype	1	0.000	2025-07-18T07:15:24.0000000Z
bin/x64/plugins/cyber_engine_tweaks/mods/sp0_BODYMOD/fcitizenenabled	1	0.000	2025-07-18T07:15:24.0000000Z
bin/x64/plugins/cyber_engine_tweaks/mods/sp0_BODYMOD/fcitizenrandom	1	0.000	2025-07-18T07:15:24.0000000Z
bin/x64/plugins/cyber_engine_tweaks/mods/sp0_BODYMOD/fcitizensavedlowerbodytype	1	0.000	2025-07-18T07:15:24.0000000Z
bin/x64/plugins/cyber_engine_tweaks/mods/sp0_BODYMOD/fcitizensavedmuscular	1	0.000	2025-07-18T07:15:24.0000000Z
bin/x64/plugins/cyber_engine_tweaks/mods/sp0_BODYMOD/fcitizensavedupperbodytype	1	0.000	2025-07-18T07:15:24.0000000Z
bin/x64/plugins/cyber_engine_tweaks/mods/sp0_BODYMOD/hanakoenabled	1	0.000	2025-07-18T07:15:24.0000000Z
bin/x64/plugins/cyber_engine_tweaks/mods/sp0_BODYMOD/hanakosavedlowerbodytype	1	0.000	2025-07-18T07:15:24.0000000Z
bin/x64/plugins/cyber_engine_tweaks/mods/sp0_BODYMOD/hanakosavedmuscular	1	0.000	2025-07-18T07:15:24.0000000Z
bin/x64/plugins/cyber_engine_tweaks/mods/sp0_BODYMOD/hanakosavedupperbodytype	1	0.000	2025-07-18T07:15:24.0000000Z
bin/x64/plugins/cyber_engine_tweaks/mods/sp0_BODYMOD/init.lua	184230	0.176	2025-07-18T07:15:24.0000000Z
bin/x64/plugins/cyber_engine_tweaks/mods/sp0_BODYMOD/judyenabled	1	0.000	2025-07-18T07:15:24.0000000Z
bin/x64/plugins/cyber_engine_tweaks/mods/sp0_BODYMOD/judysavedlowerbodytype	1	0.000	2025-07-18T07:15:24.0000000Z
bin/x64/plugins/cyber_engine_tweaks/mods/sp0_BODYMOD/judysavedmuscular	1	0.000	2025-07-18T07:15:24.0000000Z
bin/x64/plugins/cyber_engine_tweaks/mods/sp0_BODYMOD/judysavedupperbodytype	1	0.000	2025-07-18T07:15:24.0000000Z
bin/x64/plugins/cyber_engine_tweaks/mods/sp0_BODYMOD/mistyenabled	1	0.000	2025-07-18T07:15:24.0000000Z
bin/x64/plugins/cyber_engine_tweaks/mods/sp0_BODYMOD/mistysavedlowerbodytype	1	0.000	2025-07-18T07:15:24.0000000Z
bin/x64/plugins/cyber_engine_tweaks/mods/sp0_BODYMOD/mistysavedmuscular	1	0.000	2025-07-18T07:15:24.0000000Z
bin/x64/plugins/cyber_engine_tweaks/mods/sp0_BODYMOD/mistysavedupperbodytype	1	0.000	2025-07-18T07:15:24.0000000Z
bin/x64/plugins/cyber_engine_tweaks/mods/sp0_BODYMOD/panamenabled	1	0.000	2025-07-18T07:15:24.0000000Z
bin/x64/plugins/cyber_engine_tweaks/mods/sp0_BODYMOD/panamsavedlowerbodytype	1	0.000	2025-07-18T07:15:24.0000000Z
bin/x64/plugins/cyber_engine_tweaks/mods/sp0_BODYMOD/panamsavedmuscular	1	0.000	2025-07-18T07:15:24.0000000Z
bin/x64/plugins/cyber_engine_tweaks/mods/sp0_BODYMOD/panamsavedupperbodytype	1	0.000	2025-07-18T07:15:24.0000000Z
bin/x64/plugins/cyber_engine_tweaks/mods/sp0_BODYMOD/rogueenabled	1	0.000	2025-07-18T07:15:24.0000000Z
bin/x64/plugins/cyber_engine_tweaks/mods/sp0_BODYMOD/roguesavedlowerbodytype	1	0.000	2025-07-18T07:15:24.0000000Z
bin/x64/plugins/cyber_engine_tweaks/mods/sp0_BODYMOD/roguesavedmuscular	1	0.000	2025-07-18T07:15:24.0000000Z
bin/x64/plugins/cyber_engine_tweaks/mods/sp0_BODYMOD/roguesavedupperbodytype	1	0.000	2025-07-18T07:15:24.0000000Z
bin/x64/plugins/cyber_engine_tweaks/mods/sp0_BODYMOD/savedlowerbodytype	1	0.000	2025-07-18T07:15:24.0000000Z
bin/x64/plugins/cyber_engine_tweaks/mods/sp0_BODYMOD/savedmuscular	1	0.000	2025-07-18T07:15:24.0000000Z
bin/x64/plugins/cyber_engine_tweaks/mods/sp0_BODYMOD/savedupperbodytype	1	0.000	2025-07-18T07:15:24.0000000Z
bin/x64/plugins/cyber_engine_tweaks/mods/sp0_BODYMOD/stoutenabled	1	0.000	2025-07-18T07:15:24.0000000Z
bin/x64/plugins/cyber_engine_tweaks/mods/sp0_BODYMOD/stoutsavedlowerbodytype	1	0.000	2025-07-18T07:15:24.0000000Z
bin/x64/plugins/cyber_engine_tweaks/mods/sp0_BODYMOD/stoutsavedmuscular	1	0.000	2025-07-18T07:15:24.0000000Z
bin/x64/plugins/cyber_engine_tweaks/mods/sp0_BODYMOD/stoutsavedupperbodytype	1	0.000	2025-07-18T07:15:24.0000000Z
bin/x64/plugins/cyber_engine_tweaks/mods/sp0_BODYMOD/venabled	1	0.000	2025-07-18T07:15:24.0000000Z
bin/x64/plugins/cyber_engine_tweaks/mods/stocks/data/persistent/.keep	0	0.000	2025-07-18T07:39:12.0000000Z
bin/x64/plugins/cyber_engine_tweaks/mods/stocks/data/persistent/1760467150.lua	84394	0.080	2025-10-14T18:39:10.0929243Z
bin/x64/plugins/cyber_engine_tweaks/mods/stocks/data/persistent/1760523981.lua	84401	0.080	2025-10-15T10:26:21.8679835Z
bin/x64/plugins/cyber_engine_tweaks/mods/stocks/data/persistent/1760524196.lua	84392	0.080	2025-10-15T10:29:56.5644859Z
bin/x64/plugins/cyber_engine_tweaks/mods/stocks/data/persistent/1760524566.lua	84387	0.080	2025-10-15T10:36:06.9399746Z
bin/x64/plugins/cyber_engine_tweaks/mods/stocks/data/persistent/1760524718.lua	84379	0.080	2025-10-15T10:38:38.6882121Z
bin/x64/plugins/cyber_engine_tweaks/mods/stocks/data/persistent/1760524804.lua	84392	0.080	2025-10-15T10:40:04.8475186Z
bin/x64/plugins/cyber_engine_tweaks/mods/stocks/data/persistent/1761038904.lua	84380	0.080	2025-10-21T09:28:24.7413305Z
bin/x64/plugins/cyber_engine_tweaks/mods/stocks/data/persistent/1761040064.lua	84380	0.080	2025-10-21T09:47:44.6637546Z
bin/x64/plugins/cyber_engine_tweaks/mods/stocks/data/persistent/1761040424.lua	84460	0.081	2025-10-21T09:53:44.3807955Z
bin/x64/plugins/cyber_engine_tweaks/mods/stocks/data/persistent/1761040687.lua	84433	0.081	2025-10-21T09:58:07.3280480Z
bin/x64/plugins/cyber_engine_tweaks/mods/stocks/data/persistent/1761041156.lua	84419	0.081	2025-10-21T10:05:56.2477059Z
bin/x64/plugins/cyber_engine_tweaks/mods/stocks/data/persistent/1761041258.lua	84397	0.080	2025-10-21T10:07:38.1342310Z
bin/x64/plugins/cyber_engine_tweaks/mods/stocks/data/persistent/1761041417.lua	84400	0.080	2025-10-21T10:10:17.8313424Z
bin/x64/plugins/cyber_engine_tweaks/mods/stocks/data/persistent/1761041543.lua	84385	0.080	2025-10-21T10:12:23.9885496Z
bin/x64/plugins/cyber_engine_tweaks/mods/stocks/data/persistent/1761041844.lua	84363	0.080	2025-10-21T10:17:24.8566897Z
bin/x64/plugins/cyber_engine_tweaks/mods/stocks/data/persistent/1761042191.lua	84355	0.080	2025-10-21T10:23:11.2901061Z
bin/x64/plugins/cyber_engine_tweaks/mods/stocks/data/persistent/1761042325.lua	84382	0.080	2025-10-21T10:25:25.5827177Z
bin/x64/plugins/cyber_engine_tweaks/mods/stocks/data/persistent/1761042941.lua	84236	0.080	2025-10-21T10:35:41.1459236Z
bin/x64/plugins/cyber_engine_tweaks/mods/stocks/data/persistent/1761043120.lua	84229	0.080	2025-10-21T10:38:40.3236708Z
bin/x64/plugins/cyber_engine_tweaks/mods/stocks/data/persistent/1761043293.lua	84217	0.080	2025-10-21T10:41:33.9790419Z
bin/x64/plugins/cyber_engine_tweaks/mods/stocks/data/persistent/1761043656.lua	84188	0.080	2025-10-21T10:47:36.6637620Z
bin/x64/plugins/cyber_engine_tweaks/mods/stocks/data/persistent/1761045099.lua	84157	0.080	2025-10-21T11:11:39.7795664Z
bin/x64/plugins/cyber_engine_tweaks/mods/stocks/data/persistent/1761045249.lua	84156	0.080	2025-10-21T11:14:09.2652960Z
bin/x64/plugins/cyber_engine_tweaks/mods/stocks/data/persistent/1761045449.lua	84147	0.080	2025-10-21T11:17:29.2214346Z
bin/x64/plugins/cyber_engine_tweaks/mods/stocks/data/persistent/1761065507.lua	83897	0.080	2025-10-21T16:51:47.5201732Z
bin/x64/plugins/cyber_engine_tweaks/mods/stocks/data/persistent/1761066086.lua	83613	0.080	2025-10-21T17:01:26.6631843Z
bin/x64/plugins/cyber_engine_tweaks/mods/stocks/data/persistent/1761066197.lua	83613	0.080	2025-10-21T17:03:17.7667125Z
bin/x64/plugins/cyber_engine_tweaks/mods/stocks/data/persistent/1761066435.lua	83495	0.080	2025-10-21T17:07:15.2200669Z
bin/x64/plugins/cyber_engine_tweaks/mods/stocks/data/persistent/1761066765.lua	83510	0.080	2025-10-21T17:12:45.1218221Z
bin/x64/plugins/cyber_engine_tweaks/mods/stocks/data/persistent/1761067101.lua	83516	0.080	2025-10-21T17:18:21.4057760Z
bin/x64/plugins/cyber_engine_tweaks/mods/stocks/data/persistent/1761067239.lua	83535	0.080	2025-10-21T17:20:39.2213055Z
bin/x64/plugins/cyber_engine_tweaks/mods/stocks/data/persistent/1761067309.lua	83506	0.080	2025-10-21T17:21:49.1916354Z
bin/x64/plugins/cyber_engine_tweaks/mods/stocks/data/persistent/1761069604.lua	83516	0.080	2025-10-21T18:00:04.3154423Z
bin/x64/plugins/cyber_engine_tweaks/mods/stocks/data/persistent/1761069904.lua	83522	0.080	2025-10-21T18:05:04.7937750Z
bin/x64/plugins/cyber_engine_tweaks/mods/stocks/data/persistent/1761070163.lua	83529	0.080	2025-10-21T18:09:23.3436209Z
bin/x64/plugins/cyber_engine_tweaks/mods/stocks/data/persistent/1761070523.lua	83526	0.080	2025-10-21T18:15:23.1180536Z
bin/x64/plugins/cyber_engine_tweaks/mods/stocks/data/persistent/1761236829.lua	83482	0.080	2025-10-23T16:27:09.9617076Z
bin/x64/plugins/cyber_engine_tweaks/mods/stocks/data/persistent/1761236982.lua	83467	0.080	2025-10-23T16:29:42.1016594Z
bin/x64/plugins/cyber_engine_tweaks/mods/stocks/data/persistent/1761237261.lua	83472	0.080	2025-10-23T16:34:21.2720005Z
bin/x64/plugins/cyber_engine_tweaks/mods/stocks/data/persistent/1761237350.lua	83559	0.080	2025-10-23T16:35:50.3887194Z
bin/x64/plugins/cyber_engine_tweaks/mods/stocks/data/persistent/1761237684.lua	83560	0.080	2025-10-23T16:41:24.1787741Z
bin/x64/plugins/cyber_engine_tweaks/mods/stocks/data/persistent/1761238300.lua	83550	0.080	2025-10-23T16:51:41.0038389Z
bin/x64/plugins/cyber_engine_tweaks/mods/stocks/data/persistent/1761238383.lua	83540	0.080	2025-10-23T16:53:03.5842007Z
bin/x64/plugins/cyber_engine_tweaks/mods/stocks/data/persistent/1761238485.lua	83622	0.080	2025-10-23T16:54:45.0608645Z
bin/x64/plugins/cyber_engine_tweaks/mods/stocks/data/persistent/1761238729.lua	83618	0.080	2025-10-23T16:58:49.9257170Z
bin/x64/plugins/cyber_engine_tweaks/mods/stocks/data/persistent/1761238804.lua	83608	0.080	2025-10-23T17:00:04.7192435Z
bin/x64/plugins/cyber_engine_tweaks/mods/stocks/data/persistent/1761238900.lua	83618	0.080	2025-10-23T17:01:40.7762876Z
bin/x64/plugins/cyber_engine_tweaks/mods/stocks/data/persistent/1761238988.lua	83704	0.080	2025-10-23T17:03:08.0686946Z
bin/x64/plugins/cyber_engine_tweaks/mods/stocks/data/persistent/1761239010.lua	83717	0.080	2025-10-23T17:03:30.4961821Z
bin/x64/plugins/cyber_engine_tweaks/mods/stocks/data/persistent/1761239635.lua	83726	0.080	2025-10-23T17:13:55.3795677Z
bin/x64/plugins/cyber_engine_tweaks/mods/stocks/data/persistent/1761239959.lua	83759	0.080	2025-10-23T17:19:19.8278008Z
bin/x64/plugins/cyber_engine_tweaks/mods/stocks/data/persistent/1761240102.lua	83742	0.080	2025-10-23T17:21:42.4699612Z
bin/x64/plugins/cyber_engine_tweaks/mods/stocks/data/persistent/1761240153.lua	83756	0.080	2025-10-23T17:22:33.5427683Z
bin/x64/plugins/cyber_engine_tweaks/mods/stocks/data/persistent/1763057114.lua	83762	0.080	2025-11-13T18:05:14.4693463Z
bin/x64/plugins/cyber_engine_tweaks/mods/stocks/data/persistent/1763057266.lua	83762	0.080	2025-11-13T18:07:46.1197618Z
bin/x64/plugins/cyber_engine_tweaks/mods/stocks/data/persistent/1763057563.lua	83766	0.080	2025-11-13T18:12:43.9459515Z
bin/x64/plugins/cyber_engine_tweaks/mods/stocks/data/persistent/1763057897.lua	83765	0.080	2025-11-13T18:18:17.9189542Z
bin/x64/plugins/cyber_engine_tweaks/mods/stocks/data/persistent/1763058265.lua	83789	0.080	2025-11-13T18:24:25.1581802Z
bin/x64/plugins/cyber_engine_tweaks/mods/stocks/data/persistent/1763058397.lua	83778	0.080	2025-11-13T18:26:38.0099566Z
bin/x64/plugins/cyber_engine_tweaks/mods/stocks/data/persistent/1763058580.lua	83788	0.080	2025-11-13T18:29:40.3066070Z
bin/x64/plugins/cyber_engine_tweaks/mods/stocks/data/persistent/1763058673.lua	83757	0.080	2025-11-13T18:31:13.9862895Z
bin/x64/plugins/cyber_engine_tweaks/mods/stocks/data/persistent/1763058960.lua	83727	0.080	2025-11-13T18:36:00.3357253Z
bin/x64/plugins/cyber_engine_tweaks/mods/stocks/data/persistent/1763059034.lua	83728	0.080	2025-11-13T18:37:14.4212530Z
bin/x64/plugins/cyber_engine_tweaks/mods/stocks/data/persistent/1763059123.lua	83735	0.080	2025-11-13T18:38:43.8097521Z
bin/x64/plugins/cyber_engine_tweaks/mods/stocks/data/persistent/1763059196.lua	83729	0.080	2025-11-13T18:39:56.9489467Z
bin/x64/plugins/cyber_engine_tweaks/mods/stocks/data/persistent/1763059390.lua	83809	0.080	2025-11-13T18:43:10.7750058Z
bin/x64/plugins/cyber_engine_tweaks/mods/stocks/data/persistent/1763059617.lua	83797	0.080	2025-11-13T18:46:57.3612913Z
bin/x64/plugins/cyber_engine_tweaks/mods/stocks/data/persistent/1768974321.lua	83791	0.080	2026-01-21T05:45:21.9018224Z
bin/x64/plugins/cyber_engine_tweaks/mods/stocks/data/persistent/1768974710.lua	84374	0.080	2026-01-21T05:51:50.4087443Z
bin/x64/plugins/cyber_engine_tweaks/mods/stocks/data/persistent/1768974879.lua	84363	0.080	2026-01-21T05:54:39.9876660Z
bin/x64/plugins/cyber_engine_tweaks/mods/stocks/data/persistent/1768975146.lua	84356	0.080	2026-01-21T05:59:06.8487388Z
bin/x64/plugins/cyber_engine_tweaks/mods/stocks/data/persistent/1768978609.lua	84325	0.080	2026-01-21T06:56:49.8857662Z
bin/x64/plugins/cyber_engine_tweaks/mods/stocks/data/persistent/1768978712.lua	84319	0.080	2026-01-21T06:58:32.0069083Z
bin/x64/plugins/cyber_engine_tweaks/mods/stocks/data/persistent/1768979049.lua	84303	0.080	2026-01-21T07:04:09.8628627Z
bin/x64/plugins/cyber_engine_tweaks/mods/stocks/data/persistent/1768979430.lua	84273	0.080	2026-01-21T07:10:30.1780893Z
bin/x64/plugins/cyber_engine_tweaks/mods/stocks/data/persistent/1768979499.lua	84273	0.080	2026-01-21T07:11:39.2697733Z
bin/x64/plugins/cyber_engine_tweaks/mods/stocks/data/persistent/1768979802.lua	84437	0.081	2026-01-21T07:16:42.8211340Z
bin/x64/plugins/cyber_engine_tweaks/mods/stocks/data/persistent/1768979997.lua	84430	0.081	2026-01-21T07:19:57.3158038Z
bin/x64/plugins/cyber_engine_tweaks/mods/stocks/data/persistent/1768980321.lua	84497	0.081	2026-01-21T07:25:21.5128070Z
bin/x64/plugins/cyber_engine_tweaks/mods/stocks/data/persistent/1768980640.lua	84449	0.081	2026-01-21T07:30:40.2795180Z
bin/x64/plugins/cyber_engine_tweaks/mods/stocks/data/persistent/1768980943.lua	84441	0.081	2026-01-21T07:35:43.0228269Z
bin/x64/plugins/cyber_engine_tweaks/mods/stocks/data/persistent/1768981089.lua	84408	0.080	2026-01-21T07:38:09.4213938Z
bin/x64/plugins/cyber_engine_tweaks/mods/stocks/data/persistent/1768981256.lua	84398	0.080	2026-01-21T07:40:56.4504633Z
bin/x64/plugins/cyber_engine_tweaks/mods/stocks/data/persistent/1769106298.lua	84380	0.080	2026-01-22T18:24:58.0109129Z
bin/x64/plugins/cyber_engine_tweaks/mods/stocks/data/persistent/1769106964.lua	84489	0.081	2026-01-22T18:36:04.9072646Z
bin/x64/plugins/cyber_engine_tweaks/mods/stocks/data/persistent/1769107025.lua	84482	0.081	2026-01-22T18:37:05.6954655Z
bin/x64/plugins/cyber_engine_tweaks/mods/stocks/data/persistent/1769107340.lua	84482	0.081	2026-01-22T18:42:20.7496836Z
bin/x64/plugins/cyber_engine_tweaks/mods/stocks/data/persistent/1769107946.lua	84504	0.081	2026-01-22T18:52:26.2931791Z
bin/x64/plugins/cyber_engine_tweaks/mods/stocks/data/persistent/1769108283.lua	84491	0.081	2026-01-22T18:58:03.7009834Z
bin/x64/plugins/cyber_engine_tweaks/mods/stocks/data/persistent/1769285602.lua	84576	0.081	2026-01-24T20:13:23.0518742Z
bin/x64/plugins/cyber_engine_tweaks/mods/stocks/data/persistent/1769285729.lua	84584	0.081	2026-01-24T20:15:29.4793335Z
bin/x64/plugins/cyber_engine_tweaks/mods/stocks/data/persistent/1769285973.lua	84583	0.081	2026-01-24T20:19:33.7419769Z
bin/x64/plugins/cyber_engine_tweaks/mods/stocks/data/persistent/1769286282.lua	84623	0.081	2026-01-24T20:24:42.2203012Z
bin/x64/plugins/cyber_engine_tweaks/mods/stocks/data/persistent/1769286620.lua	84583	0.081	2026-01-24T20:30:20.4765963Z
bin/x64/plugins/cyber_engine_tweaks/mods/stocks/data/persistent/1769286681.lua	84551	0.081	2026-01-24T20:31:21.7122432Z
bin/x64/plugins/cyber_engine_tweaks/mods/stocks/data/persistent/1769286712.lua	84553	0.081	2026-01-24T20:31:52.9317716Z
bin/x64/plugins/cyber_engine_tweaks/mods/stocks/data/persistent/1769334306.lua	84529	0.081	2026-01-25T09:45:06.7089727Z
bin/x64/plugins/cyber_engine_tweaks/mods/stocks/data/persistent/1769335716.lua	84514	0.081	2026-01-25T10:08:36.7213175Z
bin/x64/plugins/cyber_engine_tweaks/mods/stocks/data/persistent/1769335837.lua	84507	0.081	2026-01-25T10:10:37.6694064Z
bin/x64/plugins/cyber_engine_tweaks/mods/stocks/data/persistent/1769361017.lua	84535	0.081	2026-01-25T17:10:17.8886215Z
bin/x64/plugins/cyber_engine_tweaks/mods/stocks/data/persistent/1769361428.lua	84519	0.081	2026-01-25T17:17:08.0654731Z
bin/x64/plugins/cyber_engine_tweaks/mods/stocks/data/persistent/1769361564.lua	84531	0.081	2026-01-25T17:19:24.9832193Z
bin/x64/plugins/cyber_engine_tweaks/mods/stocks/data/persistent/1769361866.lua	84566	0.081	2026-01-25T17:24:26.6228356Z
bin/x64/plugins/cyber_engine_tweaks/mods/stocks/data/persistent/1769362241.lua	84610	0.081	2026-01-25T17:30:41.4109827Z
bin/x64/plugins/cyber_engine_tweaks/mods/stocks/data/persistent/1769362653.lua	84567	0.081	2026-01-25T17:37:33.3980761Z
bin/x64/plugins/cyber_engine_tweaks/mods/stocks/data/persistent/1769362872.lua	84571	0.081	2026-01-25T17:41:12.6626400Z
bin/x64/plugins/cyber_engine_tweaks/mods/stocks/data/persistent/1769363026.lua	84549	0.081	2026-01-25T17:43:46.7788739Z
bin/x64/plugins/cyber_engine_tweaks/mods/stocks/data/persistent/1769363171.lua	84531	0.081	2026-01-25T17:46:11.4198739Z
bin/x64/plugins/cyber_engine_tweaks/mods/stocks/data/persistent/1769363474.lua	84519	0.081	2026-01-25T17:51:14.9421564Z
bin/x64/plugins/cyber_engine_tweaks/mods/stocks/data/persistent/1769364213.lua	84512	0.081	2026-01-25T18:03:33.2566458Z
bin/x64/plugins/cyber_engine_tweaks/mods/stocks/data/persistent/1769364399.lua	84504	0.081	2026-01-25T18:06:39.3675379Z
bin/x64/plugins/cyber_engine_tweaks/mods/stocks/data/persistent/1769364765.lua	84571	0.081	2026-01-25T18:12:45.0143909Z
bin/x64/plugins/cyber_engine_tweaks/mods/stocks/data/persistent/1769364916.lua	84579	0.081	2026-01-25T18:15:16.4495368Z
bin/x64/plugins/cyber_engine_tweaks/mods/stocks/data/persistent/1769364935.lua	84579	0.081	2026-01-25T18:15:35.1918953Z
bin/x64/plugins/cyber_engine_tweaks/mods/stocks/data/persistent/1770017579.lua	84548	0.081	2026-02-02T07:32:59.4729595Z
bin/x64/plugins/cyber_engine_tweaks/mods/stocks/data/persistent/1770018089.lua	84524	0.081	2026-02-02T07:41:29.6404703Z
bin/x64/plugins/cyber_engine_tweaks/mods/stocks/data/persistent/1770018169.lua	84512	0.081	2026-02-02T07:42:49.7537130Z
bin/x64/plugins/cyber_engine_tweaks/mods/stocks/data/persistent/1770018264.lua	84520	0.081	2026-02-02T07:44:24.2886283Z
bin/x64/plugins/cyber_engine_tweaks/mods/stocks/data/persistent/1770018558.lua	84556	0.081	2026-02-02T07:49:18.8789968Z
bin/x64/plugins/cyber_engine_tweaks/mods/stocks/data/persistent/1770018642.lua	84548	0.081	2026-02-02T07:50:42.8336649Z
bin/x64/plugins/cyber_engine_tweaks/mods/stocks/data/persistent/1770018895.lua	84620	0.081	2026-02-02T07:54:55.4023471Z
bin/x64/plugins/cyber_engine_tweaks/mods/stocks/data/persistent/1774165978.lua	84613	0.081	2026-03-22T07:52:58.8578509Z
bin/x64/plugins/cyber_engine_tweaks/mods/stocks/data/persistent/1774166192.lua	84591	0.081	2026-03-22T07:56:32.9658905Z
bin/x64/plugins/cyber_engine_tweaks/mods/stocks/data/persistent/1774166298.lua	84590	0.081	2026-03-22T07:58:18.2010592Z
bin/x64/plugins/cyber_engine_tweaks/mods/stocks/data/persistent/1774166584.lua	84571	0.081	2026-03-22T08:03:04.5156244Z
bin/x64/plugins/cyber_engine_tweaks/mods/stocks/data/persistent/1774166652.lua	84596	0.081	2026-03-22T08:04:12.2259221Z
bin/x64/plugins/cyber_engine_tweaks/mods/stocks/data/persistent/1774166720.lua	84591	0.081	2026-03-22T08:05:20.8355449Z
bin/x64/plugins/cyber_engine_tweaks/mods/stocks/data/persistent/1774166870.lua	84662	0.081	2026-03-22T08:07:50.4946729Z
bin/x64/plugins/cyber_engine_tweaks/mods/stocks/data/persistent/1774167085.lua	84657	0.081	2026-03-22T08:11:25.0447441Z
bin/x64/plugins/cyber_engine_tweaks/mods/stocks/data/persistent/1774167318.lua	84654	0.081	2026-03-22T08:15:18.3859032Z
bin/x64/plugins/cyber_engine_tweaks/mods/stocks/data/persistent/1774167466.lua	84633	0.081	2026-03-22T08:17:46.8246290Z
bin/x64/plugins/cyber_engine_tweaks/mods/stocks/data/persistent/1774167647.lua	84630	0.081	2026-03-22T08:20:47.9280435Z
bin/x64/plugins/cyber_engine_tweaks/mods/stocks/data/persistent/1774167721.lua	84641	0.081	2026-03-22T08:22:01.6534072Z
bin/x64/plugins/cyber_engine_tweaks/mods/stocks/data/persistent/1774167808.lua	84581	0.081	2026-03-22T08:23:28.0165275Z
bin/x64/plugins/cyber_engine_tweaks/mods/stocks/data/persistent/1774167889.lua	84566	0.081	2026-03-22T08:24:49.0597061Z
bin/x64/plugins/cyber_engine_tweaks/mods/stocks/data/persistent/1774168044.lua	84549	0.081	2026-03-22T08:27:24.8939929Z
bin/x64/plugins/cyber_engine_tweaks/mods/stocks/data/persistent/1774168125.lua	84548	0.081	2026-03-22T08:28:45.7915299Z
bin/x64/plugins/cyber_engine_tweaks/mods/stocks/data/persistent/1774168230.lua	84542	0.081	2026-03-22T08:30:30.0423080Z
bin/x64/plugins/cyber_engine_tweaks/mods/stocks/data/persistent/1774168296.lua	84539	0.081	2026-03-22T08:31:36.0919794Z
bin/x64/plugins/cyber_engine_tweaks/mods/stocks/data/persistent/1774168457.lua	84534	0.081	2026-03-22T08:34:17.6828999Z
bin/x64/plugins/cyber_engine_tweaks/mods/stocks/data/persistent/1774168588.lua	84513	0.081	2026-03-22T08:36:28.0205877Z
bin/x64/plugins/cyber_engine_tweaks/mods/stocks/data/persistent/1774411310.lua	84513	0.081	2026-03-25T04:01:50.3676409Z
bin/x64/plugins/cyber_engine_tweaks/mods/stocks/data/persistent/1774412220.lua	84606	0.081	2026-03-25T04:17:00.6223701Z
bin/x64/plugins/cyber_engine_tweaks/mods/stocks/data/persistent/1778573775.lua	84603	0.081	2026-05-12T08:16:15.9348935Z
bin/x64/plugins/cyber_engine_tweaks/mods/stocks/data/persistent/1778573898.lua	84601	0.081	2026-05-12T08:18:18.9777430Z
bin/x64/plugins/cyber_engine_tweaks/mods/stocks/data/persistent/1779417781.lua	84592	0.081	2026-05-22T02:43:01.9437678Z
bin/x64/plugins/cyber_engine_tweaks/mods/stocks/data/persistent/1779417942.lua	84579	0.081	2026-05-22T02:45:42.0731836Z
bin/x64/plugins/cyber_engine_tweaks/mods/stocks/data/persistent/1779418023.lua	84570	0.081	2026-05-22T02:47:03.6371546Z
bin/x64/plugins/cyber_engine_tweaks/mods/stocks/data/persistent/1779418134.lua	84578	0.081	2026-05-22T02:48:54.7157891Z
bin/x64/plugins/cyber_engine_tweaks/mods/stocks/data/persistent/1779418241.lua	84569	0.081	2026-05-22T02:50:41.7875654Z
bin/x64/plugins/cyber_engine_tweaks/mods/stocks/data/persistent/1779418504.lua	84644	0.081	2026-05-22T02:55:04.2018450Z
bin/x64/plugins/cyber_engine_tweaks/mods/stocks/data/persistent/1779418702.lua	84641	0.081	2026-05-22T02:58:22.3312497Z
bin/x64/plugins/cyber_engine_tweaks/mods/stocks/data/persistent/1779418768.lua	84636	0.081	2026-05-22T02:59:28.8966118Z
bin/x64/plugins/cyber_engine_tweaks/mods/stocks/data/persistent/1779418911.lua	84633	0.081	2026-05-22T03:01:51.6542150Z
bin/x64/plugins/cyber_engine_tweaks/mods/stocks/data/persistent/1779419205.lua	84625	0.081	2026-05-22T03:06:45.7839629Z
bin/x64/plugins/cyber_engine_tweaks/mods/stocks/data/persistent/1779529087.lua	84625	0.081	2026-05-23T09:38:07.6470144Z
bin/x64/plugins/cyber_engine_tweaks/mods/stocks/data/persistent/1779529585.lua	84586	0.081	2026-05-23T09:46:25.5046325Z
bin/x64/plugins/cyber_engine_tweaks/mods/stocks/data/persistent/1779529678.lua	84579	0.081	2026-05-23T09:47:58.1848633Z
bin/x64/plugins/cyber_engine_tweaks/mods/stocks/data/persistent/1779530020.lua	84578	0.081	2026-05-23T09:53:40.2327262Z
bin/x64/plugins/cyber_engine_tweaks/mods/stocks/data/persistent/1779530105.lua	84560	0.081	2026-05-23T09:55:05.0700816Z
bin/x64/plugins/cyber_engine_tweaks/mods/stocks/data/persistent/1779530167.lua	84612	0.081	2026-05-23T09:56:07.1544991Z
bin/x64/plugins/cyber_engine_tweaks/mods/stocks/data/persistent/1779530524.lua	84613	0.081	2026-05-23T10:02:04.4548246Z
bin/x64/plugins/cyber_engine_tweaks/mods/stocks/data/persistent/1780902763.lua	84607	0.081	2026-06-08T07:12:43.1536011Z
bin/x64/plugins/cyber_engine_tweaks/mods/stocks/data/persistent/1780904116.lua	84607	0.081	2026-06-08T07:35:16.3321462Z
bin/x64/plugins/cyber_engine_tweaks/mods/stocks/data/persistent/1780904276.lua	84563	0.081	2026-06-08T07:37:56.7806053Z
bin/x64/plugins/cyber_engine_tweaks/mods/stocks/data/persistent/1780904931.lua	84570	0.081	2026-06-08T07:48:51.1648231Z
bin/x64/plugins/cyber_engine_tweaks/mods/stocks/data/persistent/1780905066.lua	84553	0.081	2026-06-08T07:51:06.6471758Z
bin/x64/plugins/cyber_engine_tweaks/mods/stocks/data/persistent/1780905417.lua	84550	0.081	2026-06-08T07:56:57.6416527Z
bin/x64/plugins/cyber_engine_tweaks/mods/stocks/data/persistent/1780905559.lua	84559	0.081	2026-06-08T07:59:19.3800801Z
bin/x64/plugins/cyber_engine_tweaks/mods/stocks/data/persistent/1780905861.lua	84544	0.081	2026-06-08T08:04:21.1683812Z
bin/x64/plugins/cyber_engine_tweaks/mods/stocks/data/persistent/1780905971.lua	84625	0.081	2026-06-08T08:06:11.9178343Z
bin/x64/plugins/cyber_engine_tweaks/mods/stocks/data/persistent/1783406244.lua	84608	0.081	2026-07-07T06:37:24.4775532Z
bin/x64/plugins/cyber_engine_tweaks/mods/stocks/data/persistent/1783406344.lua	84602	0.081	2026-07-07T06:39:04.1338020Z
bin/x64/plugins/cyber_engine_tweaks/mods/stocks/data/persistent/1783406404.lua	84601	0.081	2026-07-07T06:40:04.8807378Z
bin/x64/plugins/cyber_engine_tweaks/mods/stocks/data/persistent/1783406737.lua	84597	0.081	2026-07-07T06:45:37.7385621Z
bin/x64/plugins/cyber_engine_tweaks/mods/stocks/data/persistent/1783406798.lua	84607	0.081	2026-07-07T06:46:38.7322868Z
bin/x64/plugins/cyber_engine_tweaks/mods/stocks/data/persistent/1783406977.lua	84607	0.081	2026-07-07T06:49:37.4743369Z
bin/x64/plugins/cyber_engine_tweaks/mods/stocks/data/persistent/1783407110.lua	84606	0.081	2026-07-07T06:51:50.7992974Z
bin/x64/plugins/cyber_engine_tweaks/mods/stocks/data/persistent/1783407531.lua	84599	0.081	2026-07-07T06:58:51.0098941Z
bin/x64/plugins/cyber_engine_tweaks/mods/stocks/data/persistent/1783407844.lua	84728	0.081	2026-07-07T07:04:04.2875691Z
bin/x64/plugins/cyber_engine_tweaks/mods/stocks/data/persistent/1783408145.lua	84704	0.081	2026-07-07T07:09:05.5656254Z
bin/x64/plugins/cyber_engine_tweaks/mods/stocks/data/persistent/1783408216.lua	84708	0.081	2026-07-07T07:10:16.4669459Z
bin/x64/plugins/cyber_engine_tweaks/mods/stocks/data/persistent/1783408566.lua	84668	0.081	2026-07-07T07:16:06.5669680Z
bin/x64/plugins/cyber_engine_tweaks/mods/stocks/data/persistent/1783408604.lua	84668	0.081	2026-07-07T07:16:44.0855684Z
bin/x64/plugins/cyber_engine_tweaks/mods/stocks/data/persistent/1783408656.lua	84654	0.081	2026-07-07T07:17:36.0602658Z
bin/x64/plugins/cyber_engine_tweaks/mods/stocks/data/persistent/1783410396.lua	84642	0.081	2026-07-07T07:46:36.1423711Z
bin/x64/plugins/cyber_engine_tweaks/mods/stocks/data/persistent/1783411364.lua	84147	0.080	2026-07-07T08:02:44.0761090Z
bin/x64/plugins/cyber_engine_tweaks/mods/stocks/data/persistent/1783411700.lua	84244	0.080	2026-07-07T08:08:20.5084842Z
bin/x64/plugins/cyber_engine_tweaks/mods/stocks/data/persistent/1783411778.lua	84241	0.080	2026-07-07T08:09:38.0421335Z
bin/x64/plugins/cyber_engine_tweaks/mods/stocks/data/persistent/1783411886.lua	84239	0.080	2026-07-07T08:11:26.1136382Z
bin/x64/plugins/cyber_engine_tweaks/mods/stocks/data/persistent/1783412036.lua	84253	0.080	2026-07-07T08:13:56.3817918Z
bin/x64/plugins/cyber_engine_tweaks/mods/stocks/data/persistent/1783412525.lua	84227	0.080	2026-07-07T08:22:05.7007759Z
bin/x64/plugins/cyber_engine_tweaks/mods/stocks/data/persistent/1783412624.lua	84256	0.080	2026-07-07T08:23:44.3367331Z
bin/x64/plugins/cyber_engine_tweaks/mods/stocks/data/persistent/1783668657.lua	84177	0.080	2026-07-10T07:30:57.8431252Z
bin/x64/plugins/cyber_engine_tweaks/mods/stocks/data/persistent/1783668945.lua	84240	0.080	2026-07-10T07:35:45.3348665Z
bin/x64/plugins/cyber_engine_tweaks/mods/stocks/data/persistent/1783669614.lua	84188	0.080	2026-07-10T07:46:54.0487844Z
bin/x64/plugins/cyber_engine_tweaks/mods/stocks/data/persistent/1783669985.lua	84166	0.080	2026-07-10T07:53:05.7565994Z
bin/x64/plugins/cyber_engine_tweaks/mods/stocks/data/persistent/1783670153.lua	84163	0.080	2026-07-10T07:55:53.4479615Z
bin/x64/plugins/cyber_engine_tweaks/mods/stocks/data/persistent/1783839791.lua	84644	0.081	2026-07-12T07:03:11.7469492Z
bin/x64/plugins/cyber_engine_tweaks/mods/stocks/data/persistent/1784453405.lua	84146	0.080	2026-07-19T09:30:05.5157557Z
bin/x64/plugins/cyber_engine_tweaks/mods/stocks/data/persistent/1784453710.lua	84114	0.080	2026-07-19T09:35:10.8567769Z
bin/x64/plugins/cyber_engine_tweaks/mods/stocks/data/persistent/1784453946.lua	84102	0.080	2026-07-19T09:39:06.9918262Z
bin/x64/plugins/cyber_engine_tweaks/mods/stocks/data/persistent/1784454449.lua	84086	0.080	2026-07-19T09:47:29.6531580Z
bin/x64/plugins/cyber_engine_tweaks/mods/stocks/data/persistent/1784454657.lua	84092	0.080	2026-07-19T09:50:57.8550862Z
bin/x64/plugins/cyber_engine_tweaks/mods/stocks/data/persistent/1784454785.lua	84078	0.080	2026-07-19T09:53:05.0434852Z
bin/x64/plugins/cyber_engine_tweaks/mods/stocks/data/persistent/1784454962.lua	84070	0.080	2026-07-19T09:56:02.3191367Z
bin/x64/plugins/cyber_engine_tweaks/mods/stocks/data/persistent/1787473351.lua	84185	0.080	2026-08-23T08:22:31.6726851Z
bin/x64/plugins/cyber_engine_tweaks/mods/stocks/data/persistent/1787473476.lua	84186	0.080	2026-08-23T08:24:36.2576931Z
bin/x64/plugins/cyber_engine_tweaks/mods/stocks/data/persistent/1787473592.lua	84179	0.080	2026-08-23T08:26:32.0373920Z
bin/x64/plugins/cyber_engine_tweaks/mods/stocks/data/static/news/newsDelays.json	7365	0.007	2025-07-18T07:39:12.0000000Z
bin/x64/plugins/cyber_engine_tweaks/mods/stocks/data/static/quests/quests.json	26273	0.025	2025-07-18T07:39:12.0000000Z
bin/x64/plugins/cyber_engine_tweaks/mods/stocks/data/static/stocks/All Foods.json	517	0.000	2025-07-18T07:39:12.0000000Z
bin/x64/plugins/cyber_engine_tweaks/mods/stocks/data/static/stocks/Arasaka.json	2434	0.002	2025-07-18T07:39:12.0000000Z
bin/x64/plugins/cyber_engine_tweaks/mods/stocks/data/static/stocks/Asukaga.json	607	0.001	2025-07-18T07:39:12.0000000Z
bin/x64/plugins/cyber_engine_tweaks/mods/stocks/data/static/stocks/Biotechnica.json	1713	0.002	2025-07-18T07:39:12.0000000Z
bin/x64/plugins/cyber_engine_tweaks/mods/stocks/data/static/stocks/Budget Arms.json	1067	0.001	2025-07-18T07:39:12.0000000Z
bin/x64/plugins/cyber_engine_tweaks/mods/stocks/data/static/stocks/Cytech.json	1648	0.002	2025-07-18T07:39:12.0000000Z
bin/x64/plugins/cyber_engine_tweaks/mods/stocks/data/static/stocks/Darra Poly.json	407	0.000	2025-07-18T07:39:12.0000000Z
bin/x64/plugins/cyber_engine_tweaks/mods/stocks/data/static/stocks/Delamain.json	1207	0.001	2025-07-18T07:39:12.0000000Z
bin/x64/plugins/cyber_engine_tweaks/mods/stocks/data/static/stocks/DMS.json	1279	0.001	2025-07-18T07:39:12.0000000Z
bin/x64/plugins/cyber_engine_tweaks/mods/stocks/data/static/stocks/DTR.json	831	0.001	2025-07-18T07:39:12.0000000Z
bin/x64/plugins/cyber_engine_tweaks/mods/stocks/data/static/stocks/Dynalar.json	471	0.000	2025-07-18T07:39:12.0000000Z
bin/x64/plugins/cyber_engine_tweaks/mods/stocks/data/static/stocks/EZHomes.json	620	0.001	2025-07-18T07:39:12.0000000Z
bin/x64/plugins/cyber_engine_tweaks/mods/stocks/data/static/stocks/Kang Tao.json	1124	0.001	2025-07-18T07:39:12.0000000Z
bin/x64/plugins/cyber_engine_tweaks/mods/stocks/data/static/stocks/Kaukaz.json	368	0.000	2025-07-18T07:39:12.0000000Z
bin/x64/plugins/cyber_engine_tweaks/mods/stocks/data/static/stocks/Kiroshi.json	698	0.001	2025-07-18T07:39:12.0000000Z
bin/x64/plugins/cyber_engine_tweaks/mods/stocks/data/static/stocks/Lazarus.json	433	0.000	2025-07-18T07:39:12.0000000Z
bin/x64/plugins/cyber_engine_tweaks/mods/stocks/data/static/stocks/Militech.json	2168	0.002	2025-07-18T07:39:12.0000000Z
bin/x64/plugins/cyber_engine_tweaks/mods/stocks/data/static/stocks/MoorE.json	445	0.000	2025-07-18T07:39:12.0000000Z
bin/x64/plugins/cyber_engine_tweaks/mods/stocks/data/static/stocks/NCorp.json	1767	0.002	2025-07-18T07:39:12.0000000Z
bin/x64/plugins/cyber_engine_tweaks/mods/stocks/data/static/stocks/NCPD.json	2106	0.002	2025-07-18T07:39:12.0000000Z
bin/x64/plugins/cyber_engine_tweaks/mods/stocks/data/static/stocks/Netwatch.json	1340	0.001	2025-07-18T07:39:12.0000000Z
bin/x64/plugins/cyber_engine_tweaks/mods/stocks/data/static/stocks/NN54.json	3022	0.003	2025-07-18T07:39:12.0000000Z
bin/x64/plugins/cyber_engine_tweaks/mods/stocks/data/static/stocks/Orbital Air.json	490	0.000	2025-07-18T07:39:12.0000000Z
bin/x64/plugins/cyber_engine_tweaks/mods/stocks/data/static/stocks/Petrochem.json	2340	0.002	2025-07-18T07:39:12.0000000Z
bin/x64/plugins/cyber_engine_tweaks/mods/stocks/data/static/stocks/QianT.json	360	0.000	2025-07-18T07:39:12.0000000Z
bin/x64/plugins/cyber_engine_tweaks/mods/stocks/data/static/stocks/Quadra.json	977	0.001	2025-07-18T07:39:12.0000000Z
bin/x64/plugins/cyber_engine_tweaks/mods/stocks/data/static/stocks/Raven.json	1511	0.001	2025-07-18T07:39:12.0000000Z
bin/x64/plugins/cyber_engine_tweaks/mods/stocks/data/static/stocks/Rayfield.json	794	0.001	2025-07-18T07:39:12.0000000Z
bin/x64/plugins/cyber_engine_tweaks/mods/stocks/data/static/stocks/Thorton.json	1504	0.001	2025-07-18T07:39:12.0000000Z
bin/x64/plugins/cyber_engine_tweaks/mods/stocks/data/static/stocks/Trauma Team.json	683	0.001	2025-07-18T07:39:12.0000000Z
bin/x64/plugins/cyber_engine_tweaks/mods/stocks/data/static/stocks/Tsunami.json	424	0.000	2025-07-18T07:39:12.0000000Z
bin/x64/plugins/cyber_engine_tweaks/mods/stocks/data/static/stocks/WNS.json	1138	0.001	2025-07-18T07:39:12.0000000Z
bin/x64/plugins/cyber_engine_tweaks/mods/stocks/data/static/stocks/Zetatech.json	986	0.001	2025-07-18T07:39:12.0000000Z
bin/x64/plugins/cyber_engine_tweaks/mods/stocks/db.sqlite3	0	0.000	2025-07-18T08:04:36.0000000Z
bin/x64/plugins/cyber_engine_tweaks/mods/stocks/debug/ui/baseUI.lua	2383	0.002	2025-07-18T07:39:12.0000000Z
bin/x64/plugins/cyber_engine_tweaks/mods/stocks/debug/ui/tabs/createUI.lua	807	0.001	2025-07-18T07:39:12.0000000Z
bin/x64/plugins/cyber_engine_tweaks/mods/stocks/debug/ui/tabs/editUI.lua	4404	0.004	2025-07-18T07:39:12.0000000Z
bin/x64/plugins/cyber_engine_tweaks/mods/stocks/debug/ui/tabs/fileUI.lua	1321	0.001	2025-07-18T07:39:12.0000000Z
bin/x64/plugins/cyber_engine_tweaks/mods/stocks/debug/ui/tabs/loadedUI.lua	1126	0.001	2025-07-18T07:39:12.0000000Z
bin/x64/plugins/cyber_engine_tweaks/mods/stocks/debug/ui/tabs/newsQueueUI.lua	780	0.001	2025-07-18T07:39:12.0000000Z
bin/x64/plugins/cyber_engine_tweaks/mods/stocks/debug/ui/tabs/newsUI.lua	5107	0.005	2025-07-18T07:39:12.0000000Z
bin/x64/plugins/cyber_engine_tweaks/mods/stocks/debug/ui/tabs/questUI.lua	6001	0.006	2025-07-18T07:39:12.0000000Z
bin/x64/plugins/cyber_engine_tweaks/mods/stocks/debug/ui/tabs/toolsUI.lua	462	0.000	2025-07-18T07:39:12.0000000Z
bin/x64/plugins/cyber_engine_tweaks/mods/stocks/debug/ui/tabs/triggerUI.lua	2991	0.003	2025-07-18T07:39:12.0000000Z
bin/x64/plugins/cyber_engine_tweaks/mods/stocks/init.lua	4840	0.005	2025-07-18T07:39:12.0000000Z
bin/x64/plugins/cyber_engine_tweaks/mods/stocks/localization/ar-ar.lua	2554	0.002	2025-07-18T07:39:12.0000000Z
bin/x64/plugins/cyber_engine_tweaks/mods/stocks/localization/cz-cz.lua	2554	0.002	2025-07-18T07:39:12.0000000Z
bin/x64/plugins/cyber_engine_tweaks/mods/stocks/localization/de-de.lua	2769	0.003	2025-07-18T07:39:12.0000000Z
bin/x64/plugins/cyber_engine_tweaks/mods/stocks/localization/en-us.lua	11294	0.011	2025-07-18T07:39:12.0000000Z
bin/x64/plugins/cyber_engine_tweaks/mods/stocks/localization/es-es.lua	2554	0.002	2025-07-18T07:39:12.0000000Z
bin/x64/plugins/cyber_engine_tweaks/mods/stocks/localization/es-mx.lua	2554	0.002	2025-07-18T07:39:12.0000000Z
bin/x64/plugins/cyber_engine_tweaks/mods/stocks/localization/fr-fr.lua	2554	0.002	2025-07-18T07:39:12.0000000Z
bin/x64/plugins/cyber_engine_tweaks/mods/stocks/localization/hu-hu.lua	2554	0.002	2025-07-18T07:39:12.0000000Z
bin/x64/plugins/cyber_engine_tweaks/mods/stocks/localization/it-it.lua	2554	0.002	2025-07-18T07:39:12.0000000Z
bin/x64/plugins/cyber_engine_tweaks/mods/stocks/localization/jp-jp.lua	2554	0.002	2025-07-18T07:39:12.0000000Z
bin/x64/plugins/cyber_engine_tweaks/mods/stocks/localization/kr-kr.lua	2554	0.002	2025-07-18T07:39:12.0000000Z
bin/x64/plugins/cyber_engine_tweaks/mods/stocks/localization/news/ar-ar.json	26845	0.026	2025-07-18T07:39:12.0000000Z
bin/x64/plugins/cyber_engine_tweaks/mods/stocks/localization/news/cz-cz.json	26845	0.026	2025-07-18T07:39:12.0000000Z
bin/x64/plugins/cyber_engine_tweaks/mods/stocks/localization/news/de-de.json	26845	0.026	2025-07-18T07:39:12.0000000Z
bin/x64/plugins/cyber_engine_tweaks/mods/stocks/localization/news/en-us.json	59798	0.057	2025-07-18T07:39:12.0000000Z
bin/x64/plugins/cyber_engine_tweaks/mods/stocks/localization/news/es-es.json	26845	0.026	2025-07-18T07:39:12.0000000Z
bin/x64/plugins/cyber_engine_tweaks/mods/stocks/localization/news/es-mx.json	26845	0.026	2025-07-18T07:39:12.0000000Z
bin/x64/plugins/cyber_engine_tweaks/mods/stocks/localization/news/fr-fr.json	26845	0.026	2025-07-18T07:39:12.0000000Z
bin/x64/plugins/cyber_engine_tweaks/mods/stocks/localization/news/hu-hu.json	26845	0.026	2025-07-18T07:39:12.0000000Z
bin/x64/plugins/cyber_engine_tweaks/mods/stocks/localization/news/it-it.json	26845	0.026	2025-07-18T07:39:12.0000000Z
bin/x64/plugins/cyber_engine_tweaks/mods/stocks/localization/news/jp-jp.json	26845	0.026	2025-07-18T07:39:12.0000000Z
bin/x64/plugins/cyber_engine_tweaks/mods/stocks/localization/news/kr-kr.json	26845	0.026	2025-07-18T07:39:12.0000000Z
bin/x64/plugins/cyber_engine_tweaks/mods/stocks/localization/news/pl-pl.json	26845	0.026	2025-07-18T07:39:12.0000000Z
bin/x64/plugins/cyber_engine_tweaks/mods/stocks/localization/news/pt-br.json	26845	0.026	2025-07-18T07:39:12.0000000Z
bin/x64/plugins/cyber_engine_tweaks/mods/stocks/localization/news/ru-ru.json	26845	0.026	2025-07-18T07:39:12.0000000Z
bin/x64/plugins/cyber_engine_tweaks/mods/stocks/localization/news/th-th.json	26845	0.026	2025-07-18T07:39:12.0000000Z
bin/x64/plugins/cyber_engine_tweaks/mods/stocks/localization/news/tr-tr.json	26845	0.026	2025-07-18T07:39:12.0000000Z
bin/x64/plugins/cyber_engine_tweaks/mods/stocks/localization/news/ua-ua.json	26845	0.026	2025-07-18T07:39:12.0000000Z
bin/x64/plugins/cyber_engine_tweaks/mods/stocks/localization/news/zh-cn.json	57646	0.055	2025-07-18T07:39:12.0000000Z
bin/x64/plugins/cyber_engine_tweaks/mods/stocks/localization/news/zh-tw.json	26845	0.026	2025-07-18T07:39:12.0000000Z
bin/x64/plugins/cyber_engine_tweaks/mods/stocks/localization/pl-pl.lua	2554	0.002	2025-07-18T07:39:12.0000000Z
bin/x64/plugins/cyber_engine_tweaks/mods/stocks/localization/pt-br.lua	2554	0.002	2025-07-18T07:39:12.0000000Z
bin/x64/plugins/cyber_engine_tweaks/mods/stocks/localization/ru-ru.lua	2554	0.002	2025-07-18T07:39:12.0000000Z
bin/x64/plugins/cyber_engine_tweaks/mods/stocks/localization/th-th.lua	2554	0.002	2025-07-18T07:39:12.0000000Z
bin/x64/plugins/cyber_engine_tweaks/mods/stocks/localization/tr-tr.lua	2554	0.002	2025-07-18T07:39:12.0000000Z
bin/x64/plugins/cyber_engine_tweaks/mods/stocks/localization/zh-cn.lua	11278	0.011	2025-07-18T07:39:12.0000000Z
bin/x64/plugins/cyber_engine_tweaks/mods/stocks/localization/zh-tw.lua	2554	0.002	2025-07-18T07:39:12.0000000Z
bin/x64/plugins/cyber_engine_tweaks/mods/stocks/modules/external/Cron.lua	2851	0.003	2025-07-18T07:39:12.0000000Z
bin/x64/plugins/cyber_engine_tweaks/mods/stocks/modules/external/EventProxy.lua	7092	0.007	2025-07-18T07:39:12.0000000Z
bin/x64/plugins/cyber_engine_tweaks/mods/stocks/modules/external/GameSession.lua	31794	0.030	2025-07-18T07:39:12.0000000Z
bin/x64/plugins/cyber_engine_tweaks/mods/stocks/modules/external/GameSettings.lua	7981	0.008	2025-07-18T07:39:12.0000000Z
bin/x64/plugins/cyber_engine_tweaks/mods/stocks/modules/external/GameUI.lua	38042	0.036	2025-07-18T07:39:12.0000000Z
bin/x64/plugins/cyber_engine_tweaks/mods/stocks/modules/external/Ref.lua	1278	0.001	2025-07-18T07:39:12.0000000Z
bin/x64/plugins/cyber_engine_tweaks/mods/stocks/modules/external/UIScroller.lua	6820	0.007	2025-07-18T07:39:12.0000000Z
bin/x64/plugins/cyber_engine_tweaks/mods/stocks/modules/logic/buySellTrigger.lua	1341	0.001	2025-07-18T07:39:12.0000000Z
bin/x64/plugins/cyber_engine_tweaks/mods/stocks/modules/logic/newsManager.lua	10297	0.010	2025-07-18T07:39:12.0000000Z
bin/x64/plugins/cyber_engine_tweaks/mods/stocks/modules/logic/questManager.lua	1847	0.002	2025-07-18T07:39:12.0000000Z
bin/x64/plugins/cyber_engine_tweaks/mods/stocks/modules/logic/questTrigger.lua	1185	0.001	2025-07-18T07:39:12.0000000Z
bin/x64/plugins/cyber_engine_tweaks/mods/stocks/modules/logic/stock.lua	5369	0.005	2025-07-18T07:39:12.0000000Z
bin/x64/plugins/cyber_engine_tweaks/mods/stocks/modules/logic/stockMarket.lua	8607	0.008	2025-07-18T07:39:12.0000000Z
bin/x64/plugins/cyber_engine_tweaks/mods/stocks/modules/logic/triggerManager.lua	2023	0.002	2025-07-18T07:39:12.0000000Z
bin/x64/plugins/cyber_engine_tweaks/mods/stocks/modules/logic/triggers/apUsage.lua	1272	0.001	2025-07-18T07:39:12.0000000Z
bin/x64/plugins/cyber_engine_tweaks/mods/stocks/modules/logic/triggers/arasakaAction.lua	2033	0.002	2025-07-18T07:39:12.0000000Z
bin/x64/plugins/cyber_engine_tweaks/mods/stocks/modules/logic/triggers/bioGrenadeUsage.lua	1157	0.001	2025-07-18T07:39:12.0000000Z
bin/x64/plugins/cyber_engine_tweaks/mods/stocks/modules/logic/triggers/budgetArmsKills.lua	1616	0.002	2025-07-18T07:39:12.0000000Z
bin/x64/plugins/cyber_engine_tweaks/mods/stocks/modules/logic/triggers/civilianKill.lua	1452	0.001	2025-07-18T07:39:12.0000000Z
bin/x64/plugins/cyber_engine_tweaks/mods/stocks/modules/logic/triggers/cwKills.lua	1570	0.001	2025-07-18T07:39:12.0000000Z
bin/x64/plugins/cyber_engine_tweaks/mods/stocks/modules/logic/triggers/cwPurchase.lua	1198	0.001	2025-07-18T07:39:12.0000000Z
bin/x64/plugins/cyber_engine_tweaks/mods/stocks/modules/logic/triggers/darraKills.lua	1595	0.002	2025-07-18T07:39:12.0000000Z
bin/x64/plugins/cyber_engine_tweaks/mods/stocks/modules/logic/triggers/droneAction.lua	1735	0.002	2025-07-18T07:39:12.0000000Z
bin/x64/plugins/cyber_engine_tweaks/mods/stocks/modules/logic/triggers/foodPurchase.lua	1496	0.001	2025-07-18T07:39:12.0000000Z
bin/x64/plugins/cyber_engine_tweaks/mods/stocks/modules/logic/triggers/healsUsed.lua	1188	0.001	2025-07-18T07:39:12.0000000Z
bin/x64/plugins/cyber_engine_tweaks/mods/stocks/modules/logic/triggers/itemPurchase.lua	1335	0.001	2025-07-18T07:39:12.0000000Z
bin/x64/plugins/cyber_engine_tweaks/mods/stocks/modules/logic/triggers/itemSold.lua	1187	0.001	2025-07-18T07:39:12.0000000Z
bin/x64/plugins/cyber_engine_tweaks/mods/stocks/modules/logic/triggers/kaukazAction.lua	1717	0.002	2025-07-18T07:39:12.0000000Z
bin/x64/plugins/cyber_engine_tweaks/mods/stocks/modules/logic/triggers/militechAction.lua	2041	0.002	2025-07-18T07:39:12.0000000Z
bin/x64/plugins/cyber_engine_tweaks/mods/stocks/modules/logic/triggers/moneySpent.lua	1116	0.001	2025-07-18T07:39:12.0000000Z
bin/x64/plugins/cyber_engine_tweaks/mods/stocks/modules/logic/triggers/ncpdHustler.lua	859	0.001	2025-07-18T07:39:12.0000000Z
bin/x64/plugins/cyber_engine_tweaks/mods/stocks/modules/logic/triggers/ncpdKills.lua	1590	0.002	2025-07-18T07:39:12.0000000Z
bin/x64/plugins/cyber_engine_tweaks/mods/stocks/modules/logic/triggers/pacificaCrime.lua	1862	0.002	2025-07-18T07:39:12.0000000Z
bin/x64/plugins/cyber_engine_tweaks/mods/stocks/modules/logic/triggers/purchaseVehicle.lua	1045	0.001	2025-07-18T07:39:12.0000000Z
bin/x64/plugins/cyber_engine_tweaks/mods/stocks/modules/logic/triggers/qhUsage.lua	1305	0.001	2025-07-18T07:39:12.0000000Z
bin/x64/plugins/cyber_engine_tweaks/mods/stocks/modules/logic/triggers/quadraAction.lua	1717	0.002	2025-07-18T07:39:12.0000000Z
bin/x64/plugins/cyber_engine_tweaks/mods/stocks/modules/logic/triggers/rayfieldAction.lua	1722	0.002	2025-07-18T07:39:13.0000000Z
bin/x64/plugins/cyber_engine_tweaks/mods/stocks/modules/logic/triggers/richDistrictCrime.lua	2019	0.002	2025-07-18T07:39:13.0000000Z
bin/x64/plugins/cyber_engine_tweaks/mods/stocks/modules/logic/triggers/roadRage.lua	1240	0.001	2025-07-18T07:39:13.0000000Z
bin/x64/plugins/cyber_engine_tweaks/mods/stocks/modules/logic/triggers/smartWeaponKills.lua	1321	0.001	2025-07-18T07:39:13.0000000Z
bin/x64/plugins/cyber_engine_tweaks/mods/stocks/modules/logic/triggers/stealVehicle.lua	1236	0.001	2025-07-18T07:39:13.0000000Z
bin/x64/plugins/cyber_engine_tweaks/mods/stocks/modules/logic/triggers/stockInvest.lua	1002	0.001	2025-07-18T07:39:13.0000000Z
bin/x64/plugins/cyber_engine_tweaks/mods/stocks/modules/logic/triggers/thortonAction.lua	1718	0.002	2025-07-18T07:39:13.0000000Z
bin/x64/plugins/cyber_engine_tweaks/mods/stocks/modules/logic/triggers/tsunamiAction.lua	1668	0.002	2025-07-18T07:39:13.0000000Z
bin/x64/plugins/cyber_engine_tweaks/mods/stocks/modules/logic/triggers/vehicleUsage.lua	1148	0.001	2025-07-18T07:39:13.0000000Z
bin/x64/plugins/cyber_engine_tweaks/mods/stocks/modules/logic/triggers/vendingMachine.lua	1288	0.001	2025-07-18T07:39:13.0000000Z
bin/x64/plugins/cyber_engine_tweaks/mods/stocks/modules/logic/triggers/wantedLevel.lua	1186	0.001	2025-07-18T07:39:13.0000000Z
bin/x64/plugins/cyber_engine_tweaks/mods/stocks/modules/ui/browser.lua	4188	0.004	2025-07-18T07:39:13.0000000Z
bin/x64/plugins/cyber_engine_tweaks/mods/stocks/modules/ui/color.lua	7750	0.007	2025-07-18T07:39:13.0000000Z
bin/x64/plugins/cyber_engine_tweaks/mods/stocks/modules/ui/eventCatcher.lua	1170	0.001	2025-07-18T07:39:13.0000000Z
bin/x64/plugins/cyber_engine_tweaks/mods/stocks/modules/ui/inkHelper.lua	6083	0.006	2025-07-18T07:39:13.0000000Z
bin/x64/plugins/cyber_engine_tweaks/mods/stocks/modules/ui/pages/controller.lua	3984	0.004	2025-07-18T07:39:13.0000000Z
bin/x64/plugins/cyber_engine_tweaks/mods/stocks/modules/ui/pages/home.lua	2977	0.003	2025-07-18T07:39:13.0000000Z
bin/x64/plugins/cyber_engine_tweaks/mods/stocks/modules/ui/pages/login.lua	4885	0.005	2025-07-18T07:39:13.0000000Z
bin/x64/plugins/cyber_engine_tweaks/mods/stocks/modules/ui/pages/menuButtons.lua	3610	0.003	2025-07-18T07:39:13.0000000Z
bin/x64/plugins/cyber_engine_tweaks/mods/stocks/modules/ui/pages/news.lua	5931	0.006	2025-07-18T07:39:13.0000000Z
bin/x64/plugins/cyber_engine_tweaks/mods/stocks/modules/ui/pages/portfolio.lua	9986	0.010	2025-07-18T07:39:13.0000000Z
bin/x64/plugins/cyber_engine_tweaks/mods/stocks/modules/ui/pages/stock.lua	9301	0.009	2025-07-18T07:39:13.0000000Z
bin/x64/plugins/cyber_engine_tweaks/mods/stocks/modules/ui/pages/stocks.lua	7155	0.007	2025-07-18T07:39:13.0000000Z
bin/x64/plugins/cyber_engine_tweaks/mods/stocks/modules/ui/widgets/button.lua	2192	0.002	2025-07-18T07:39:13.0000000Z
bin/x64/plugins/cyber_engine_tweaks/mods/stocks/modules/ui/widgets/button_texture.lua	2718	0.003	2025-07-18T07:39:13.0000000Z
bin/x64/plugins/cyber_engine_tweaks/mods/stocks/modules/ui/widgets/graph.lua	6351	0.006	2025-07-18T07:39:13.0000000Z
bin/x64/plugins/cyber_engine_tweaks/mods/stocks/modules/ui/widgets/stockPreview.lua	3523	0.003	2025-07-18T07:39:13.0000000Z
bin/x64/plugins/cyber_engine_tweaks/mods/stocks/modules/utils/config.lua	919	0.001	2025-07-18T07:39:13.0000000Z
bin/x64/plugins/cyber_engine_tweaks/mods/stocks/modules/utils/lang.lua	2410	0.002	2025-07-18T07:39:13.0000000Z
bin/x64/plugins/cyber_engine_tweaks/mods/stocks/modules/utils/utils.lua	2623	0.003	2025-07-18T07:39:13.0000000Z
bin/x64/plugins/cyber_engine_tweaks/mods/Toogleable Ticking Time Bomb/db.sqlite3	0	0.000	2025-07-18T08:04:36.0000000Z
bin/x64/plugins/cyber_engine_tweaks/mods/Toogleable Ticking Time Bomb/init.lua	1862	0.002	2025-07-18T07:40:47.0000000Z
bin/x64/plugins/cyber_engine_tweaks/mods/UndressMod/Cron.lua	2852	0.003	2025-07-18T07:46:58.0000000Z
bin/x64/plugins/cyber_engine_tweaks/mods/UndressMod/db.sqlite3	12288	0.012	2025-07-18T07:46:58.0000000Z
bin/x64/plugins/cyber_engine_tweaks/mods/UndressMod/init.lua	8257	0.008	2025-07-18T07:46:58.0000000Z
bin/x64/plugins/cyber_engine_tweaks/mods/Unlock NightCity/db.sqlite3	0	0.000	2025-07-18T07:46:36.0000000Z
bin/x64/plugins/cyber_engine_tweaks/mods/Unlock NightCity/devices/devices.lua	2467	0.002	2025-07-18T07:46:36.0000000Z
bin/x64/plugins/cyber_engine_tweaks/mods/Unlock NightCity/doors/doors.lua	5604	0.005	2025-07-18T07:46:36.0000000Z
bin/x64/plugins/cyber_engine_tweaks/mods/Unlock NightCity/init.lua	2923	0.003	2025-07-18T07:46:36.0000000Z
bin/x64/plugins/cyber_engine_tweaks/mods/Unlock NightCity/misc/items.lua	40934	0.039	2025-07-18T07:46:36.0000000Z
bin/x64/plugins/cyber_engine_tweaks/mods/Unlock NightCity/slotmachine/slotmachine.lua	4187	0.004	2025-07-18T07:46:36.0000000Z
bin/x64/plugins/cyber_engine_tweaks/mods/Unlock NightCity/smuggler/smuggler.lua	2636	0.003	2025-07-18T07:46:36.0000000Z
bin/x64/plugins/cyber_engine_tweaks/mods/Unlock NightCity/teleports/teleports.lua	5261	0.005	2025-07-18T07:46:36.0000000Z
bin/x64/plugins/cyber_engine_tweaks/mods/VehicleMileage/3DPresets/vortex_needs_this.txt	0	0.000	2026-07-12T07:38:09.0447913Z
bin/x64/plugins/cyber_engine_tweaks/mods/VehicleMileage/db.sqlite3	0	0.000	2025-10-08T19:00:06.0734169Z
bin/x64/plugins/cyber_engine_tweaks/mods/VehicleMileage/init.lua	207719	0.198	2026-07-12T07:38:09.0021886Z
bin/x64/plugins/cyber_engine_tweaks/mods/VehicleMileage/vm_3d_controls.lua	21089	0.020	2026-07-12T07:38:09.0061885Z
bin/x64/plugins/cyber_engine_tweaks/mods/VehicleMileage/vm_config_bikes.json	796	0.001	2026-07-07T08:20:35.1113777Z
bin/x64/plugins/cyber_engine_tweaks/mods/VehicleMileage/vm_config_cars.json	2390	0.002	2026-06-08T07:33:34.2357500Z
bin/x64/plugins/cyber_engine_tweaks/mods/VehicleMileage/vm_gas_locations.json	6032	0.006	2026-07-12T07:38:09.0091893Z
bin/x64/plugins/cyber_engine_tweaks/mods/VehicleMileage/vm_gas_markers.lua	9609	0.009	2026-07-12T07:38:09.0131892Z
bin/x64/plugins/cyber_engine_tweaks/mods/VehicleMileage/vm_gas_station.lua	17452	0.017	2026-07-12T07:38:09.0171885Z
bin/x64/plugins/cyber_engine_tweaks/mods/VehicleMileage/vm_ignore_seeds.json	376	0.000	2026-07-12T07:38:09.0211894Z
bin/x64/plugins/cyber_engine_tweaks/mods/VehicleMileage/vm_repair_stations.json	28514	0.027	2026-07-12T07:38:09.0246371Z
bin/x64/plugins/cyber_engine_tweaks/mods/VehicleMileage/vm_repair_stations.lua	36816	0.035	2026-07-12T07:38:09.0287906Z
bin/x64/plugins/cyber_engine_tweaks/mods/VehicleMileage/vm_save.lua	19758	0.019	2026-07-12T07:38:09.0327920Z
bin/x64/plugins/cyber_engine_tweaks/mods/VehicleMileage/vm_settings.json	276	0.000	2026-06-08T08:08:37.6214421Z
bin/x64/plugins/cyber_engine_tweaks/mods/VehicleMileage/vm_stolen_vehicles.lua	7553	0.007	2026-07-12T07:38:09.0357926Z
bin/x64/plugins/cyber_engine_tweaks/mods/VehicleMileage/vm_vehicle_ignore.json	447	0.000	2026-07-07T07:13:22.7594081Z
bin/x64/plugins/cyber_engine_tweaks/mods/VehicleMileage/vm_vehicle_ignore.lua	4582	0.004	2026-07-12T07:38:09.0397908Z
bin/x64/plugins/cyber_engine_tweaks/mods/Weapon Mods Improved/db.sqlite3	0	0.000	2025-11-13T17:58:40.7198957Z
bin/x64/plugins/cyber_engine_tweaks/mods/Weapon Mods Improved/init.lua	23145	0.022	2026-07-05T19:53:31.0617497Z
bin/x64/plugins/cyber_engine_tweaks/mods/zzzzzz_cyberscript_amm_compatibility/db.sqlite3	0	0.000	2025-07-18T08:04:36.0000000Z
bin/x64/plugins/cyber_engine_tweaks/mods/zzzzzz_cyberscript_amm_compatibility/init.lua	184	0.000	2025-07-18T07:38:34.0000000Z
bin/x64/plugins/cyber_engine_tweaks/persistent.json	300	0.000	2026-08-23T08:26:39.9880142Z
bin/x64/plugins/cyber_engine_tweaks/scripts/IconGlyphs/icons.lua	682986	0.651	2026-06-08T07:43:04.1588384Z
bin/x64/plugins/cyber_engine_tweaks/scripts/json/json.lua	10026	0.010	2026-06-08T07:43:04.1658936Z
bin/x64/plugins/cyber_engine_tweaks/scripts/json/LICENSE	1068	0.001	2026-06-08T07:43:04.1698384Z
bin/x64/plugins/cyber_engine_tweaks/scripts/json/README.md	1557	0.001	2026-06-08T07:43:04.1748385Z
bin/x64/plugins/cyber_engine_tweaks/ThirdParty_LICENSES	29643	0.028	2026-06-08T07:43:03.8837390Z
bin/x64/plugins/cyber_engine_tweaks/tweakdb/tweakdbstr.kark	7161981	6.830	2026-06-08T07:43:04.2263486Z
bin/x64/plugins/cyber_engine_tweaks/tweakdb/usedhashes.kark	3405057	3.247	2026-06-08T07:43:04.2520602Z
bin/x64/version.dll	905216	0.863	2026-06-08T07:43:03.7876789Z
bin/x64/winmm.dll	214528	0.205	2026-06-08T07:30:24.4170446Z
engine/config/platform/pc/input_loader.ini	110	0.000	2025-07-19T17:32:19.0000000Z
engine/config/platform/pc/platformgameplay.ini	125	0.000	2025-07-17T22:32:31.0000000Z
engine/config/platform/pc/rendering.ini	44	0.000	2025-07-17T22:32:31.0000000Z
engine/config/platform/pc/vehiclehandling.ini	655	0.001	2024-09-21T18:21:57.0000000Z
engine/tools/scc.exe	449024	0.428	2026-06-08T07:42:57.8084420Z
engine/tools/scc_lib.dll	1988608	1.896	2026-06-08T07:42:57.8307663Z
r6/audioware/CopKiller/CopKiller.yaml	940	0.001	2025-07-18T07:33:26.0000000Z
r6/audioware/CopKiller/CopKiller_Audio.yaml	940	0.001	2026-07-12T07:37:23.4355897Z
r6/audioware/CopKiller/v_q110_f_17101b0f90351000.wav	419642	0.400	2026-07-12T07:37:23.4425909Z
r6/audioware/CopKiller/v_q110_m_17101b0f90351000.wav	411962	0.393	2026-07-12T07:37:23.4495893Z
r6/audioware/CopKiller/v_sq012_f_1ae890cc1f2b6000.wav	688442	0.657	2026-07-12T07:37:23.4596251Z
r6/audioware/CopKiller/v_sq012_m_1ae890cc1f2b6000.wav	644922	0.615	2026-07-12T07:37:23.4676253Z
r6/audioware/CopKiller/v_sq017_f_192828f86229f000.wav	483642	0.461	2026-07-12T07:37:23.4742033Z
r6/audioware/CopKiller/v_sq017_m_192828f86229f000.wav	485178	0.463	2026-07-12T07:37:23.4811467Z
r6/audioware/CopKiller/v_vs_vset_delamain_f_1b62d5ff7f2fc004.wav	403258	0.385	2026-07-12T07:37:23.4891335Z
r6/audioware/CopKiller/v_vs_vset_delamain_m_1b62d5ff7f2fc004.wav	396090	0.378	2026-07-12T07:37:23.4971331Z
r6/audioware/NPC Outfit Manager/click_menu.mp3	1536	0.001	2026-07-10T17:00:30.4492033Z
r6/audioware/NPC Outfit Manager/npc_outfit_manager.yaml	207	0.000	2026-07-10T18:39:35.2965376Z
r6/audioware/NPC Outfit Manager/save_outfit.mp3	111841	0.107	2026-07-10T17:39:58.3236644Z
r6/audioware/VehicleMileage/audios.yml	342	0.000	2026-07-12T07:38:09.0527916Z
r6/audioware/VehicleMileage/refuel1.wav	1898032	1.810	2026-07-12T07:38:09.0757911Z
r6/audioware/VehicleMileage/warning1.wav	887792	0.847	2026-07-12T07:38:09.0857917Z
r6/config/cybercmd/scc.toml	228	0.000	2026-06-08T07:42:57.8347662Z
r6/config/redsUserHints/ArchiveXL.toml	0	0.000	2026-06-08T07:25:57.2854564Z
r6/config/redsUserHints/CyberwareEx.toml	354	0.000	2026-06-08T07:26:46.4654127Z
r6/config/redsUserHints/EquipmentEx.toml	1043	0.001	2026-06-08T07:27:15.7452589Z
r6/config/redsUserHints/filter_saves.toml	683	0.001	2025-11-12T18:31:09.9643354Z
r6/config/redsUserHints/jrme.toml	364	0.000	2026-06-08T07:28:44.1858574Z
r6/config/redsUserHints/LizziesBDs.toml	923	0.001	2026-07-12T07:39:28.3564717Z
r6/config/redsUserHints/VirtualAtelier.toml	1061	0.001	2026-07-12T07:38:21.3914253Z
r6/config/redsUserHints/VirtualCarDealer.toml	855	0.001	2026-06-08T07:31:10.9160607Z
r6/config/settings/platform/pc/options.json	107912	0.103	2026-06-08T07:29:58.0549359Z
r6/input/AlwaysFirstEquip.xml	730	0.001	2026-06-08T07:25:45.1193843Z
r6/input/auto_drive.xml	861	0.001	2025-07-22T16:51:40.0000000Z
r6/input/TriggerModeControl.xml	680	0.001	2025-10-13T16:58:51.2899207Z
r6/scripts/#DeceptiousBugFixes/DeceptiousBugFixes.reds	872	0.001	2026-06-08T07:26:53.8514151Z
r6/scripts/2077Utilities/AIUtils.reds	3743	0.004	2025-07-18T07:42:20.0000000Z
r6/scripts/2077Utilities/MiscUtils.reds	1702	0.002	2025-07-18T07:42:20.0000000Z
r6/scripts/2077Utilities/SpatialUtils.reds	16030	0.015	2025-07-18T07:42:20.0000000Z
r6/scripts/2077Utilities/SpawnUtils.reds	99182	0.095	2025-07-18T07:42:20.0000000Z
r6/scripts/707 Tactical Store/707 TACTICAL-atelier-store.reds	6521	0.006	2025-07-18T07:49:53.0000000Z
r6/scripts/AllMuzzles-atelier-store.reds	2526	0.002	2025-07-18T07:40:41.0000000Z
r6/scripts/AllWeaponModz-atelier-store.reds	6124	0.006	2025-07-18T07:44:02.0000000Z
r6/scripts/alwaysFirstEquip.reds	44470	0.042	2026-06-08T07:25:45.1253849Z
r6/scripts/AmmoLimiter/AmmoLimiter.reds	43934	0.042	2026-03-06T05:09:05.3443484Z
r6/scripts/AmmoLimiter/AmmoLimiterConfig.reds	26699	0.025	2026-03-03T19:29:40.5042983Z
r6/scripts/AmmoLimiter/Localization/LocalizationProvider.reds	1081	0.001	2025-06-13T22:31:44.0000000Z
r6/scripts/AmmoLimiter/Localization/Packages/Arabic.reds	11037	0.011	2025-07-17T18:15:13.0000000Z
r6/scripts/AmmoLimiter/Localization/Packages/ChineseSimplified.reds	8571	0.008	2025-07-17T18:15:13.0000000Z
r6/scripts/AmmoLimiter/Localization/Packages/ChineseTraditional.reds	8572	0.008	2025-07-17T18:15:13.0000000Z
r6/scripts/AmmoLimiter/Localization/Packages/Czech.reds	9202	0.009	2025-07-17T18:15:13.0000000Z
r6/scripts/AmmoLimiter/Localization/Packages/English.reds	8745	0.008	2025-07-17T18:15:13.0000000Z
r6/scripts/AmmoLimiter/Localization/Packages/French.reds	9956	0.009	2025-07-17T18:04:57.0000000Z
r6/scripts/AmmoLimiter/Localization/Packages/German.reds	9684	0.009	2025-07-17T18:15:13.0000000Z
r6/scripts/AmmoLimiter/Localization/Packages/Hungarian.reds	9664	0.009	2025-07-17T18:15:13.0000000Z
r6/scripts/AmmoLimiter/Localization/Packages/Italian.reds	9531	0.009	2025-07-17T18:15:13.0000000Z
r6/scripts/AmmoLimiter/Localization/Packages/Japanese.reds	9753	0.009	2025-07-17T18:15:13.0000000Z
r6/scripts/AmmoLimiter/Localization/Packages/Korean.reds	9172	0.009	2025-07-17T18:15:13.0000000Z
r6/scripts/AmmoLimiter/Localization/Packages/Polish.reds	9329	0.009	2025-07-17T18:15:13.0000000Z
r6/scripts/AmmoLimiter/Localization/Packages/PortugueseBrazil.reds	9601	0.009	2025-07-17T18:15:13.0000000Z
r6/scripts/AmmoLimiter/Localization/Packages/Russian.reds	13298	0.013	2025-07-17T18:15:13.0000000Z
r6/scripts/AmmoLimiter/Localization/Packages/Spanish.reds	9642	0.009	2025-07-17T18:15:13.0000000Z
r6/scripts/AmmoLimiter/Localization/Packages/Thai.reds	14091	0.013	2025-07-17T18:15:13.0000000Z
r6/scripts/AmmoLimiter/Localization/Packages/Turkish.reds	9349	0.009	2025-07-17T18:15:13.0000000Z
r6/scripts/AmmoLimiter/Localization/Packages/Ukrainian.reds	13014	0.012	2025-07-17T18:15:13.0000000Z
r6/scripts/Audioware/Callback.reds	542	0.001	2026-06-08T07:26:03.1592632Z
r6/scripts/Audioware/Codeware.reds	3033	0.003	2026-06-08T07:26:03.1662669Z
r6/scripts/Audioware/Config.reds	1225	0.001	2026-06-08T07:26:03.1722677Z
r6/scripts/Audioware/Event/Callback.reds	8178	0.008	2026-06-08T07:26:03.2724368Z
r6/scripts/Audioware/Event/Dynamic.reds	2347	0.002	2026-06-08T07:26:03.2799451Z
r6/scripts/Audioware/Ext.reds	7148	0.007	2026-06-08T07:26:03.1794312Z
r6/scripts/Audioware/Hooks.reds	1905	0.002	2026-06-08T07:26:03.1854306Z
r6/scripts/Audioware/Listener.reds	4959	0.005	2026-06-08T07:26:03.1914304Z
r6/scripts/Audioware/Manager.reds	3358	0.003	2026-06-08T07:26:03.1984307Z
r6/scripts/Audioware/Natives.reds	1679	0.002	2026-06-08T07:26:03.2044303Z
r6/scripts/Audioware/PreGame.reds	723	0.001	2026-06-08T07:26:03.2114356Z
r6/scripts/Audioware/Preset.reds	649	0.001	2026-06-08T07:26:03.2184310Z
r6/scripts/Audioware/Service.reds	2326	0.002	2026-06-08T07:26:03.2274298Z
r6/scripts/Audioware/Settings.reds	978	0.001	2026-06-08T07:26:03.2354308Z
r6/scripts/Audioware/System.reds	8079	0.008	2026-06-08T07:26:03.2434301Z
r6/scripts/Audioware/Trigger.reds	474	0.000	2026-06-08T07:26:03.2514310Z
r6/scripts/Audioware/Tween.reds	1499	0.001	2026-06-08T07:26:03.2584310Z
r6/scripts/Audioware/Utils.reds	2318	0.002	2026-06-08T07:26:03.2654356Z
r6/scripts/auto_drive/auto_drive.reds	71385	0.068	2025-07-22T16:51:41.0000000Z
r6/scripts/auto_drive/auto_drive_global.reds	1737	0.002	2025-07-22T16:51:41.0000000Z
r6/scripts/auto_drive/auto_drive_settings.reds	36651	0.035	2025-07-22T16:51:42.0000000Z
r6/scripts/auto_drive/auto_drive_settings_for_dev.reds	6556	0.006	2025-07-22T16:51:42.0000000Z
r6/scripts/AutoAim/AutoAimHelper.reds	33523	0.032	2026-07-13T15:48:15.0479821Z
r6/scripts/AutoAim/AutoAimHooks.reds	1500	0.001	2026-07-13T15:48:15.0519813Z
r6/scripts/AutoAim/NativeBindings.reds	112	0.000	2026-07-13T15:48:15.0549816Z
r6/scripts/BrowserExtension/browserController.overrides.reds	19757	0.019	2025-08-31T08:09:23.0000000Z
r6/scripts/BrowserExtension/BrowserExtension.Classes.reds	1653	0.002	2025-09-02T10:25:28.0000000Z
r6/scripts/BrowserExtension/BrowserExtension.Config.reds	876	0.001	2025-08-31T07:57:05.0000000Z
r6/scripts/BrowserExtension/BrowserExtension.DataStructures.reds	283	0.000	2023-10-15T12:45:08.0000000Z
r6/scripts/BrowserExtension/BrowserExtension.System.reds	3843	0.004	2025-09-17T15:20:03.0000000Z
r6/scripts/BrowserExtension/HomePagePagination.reds	1017	0.001	2025-08-31T08:02:52.0000000Z
r6/scripts/BrowserExtension/ModSettingsConditional.reds	559	0.001	2025-09-18T05:58:15.0000000Z
r6/scripts/CopKiller/CopKiller.reds	81707	0.078	2026-07-12T07:37:23.5011347Z
r6/scripts/CopKiller/CopKiller_Looting.reds	31705	0.030	2026-07-12T07:37:23.5051348Z
r6/scripts/CopKiller/CopKiller_Utils.reds	57956	0.055	2026-07-12T07:37:23.5091347Z
r6/scripts/CopKiller/CopKiller_YML.reds	82939	0.079	2026-07-12T07:37:23.5121345Z
r6/scripts/CyberpsychoEncounters/CyberpsychoEncounters.reds	130739	0.125	2026-01-22T18:06:38.9698076Z
r6/scripts/CyberwareEx/CyberwareEx.Customization.reds	5282	0.005	2025-10-08T18:46:35.1892017Z
r6/scripts/CyberwareEx/CyberwareEx.ExtendedMode.reds	32	0.000	2025-07-18T07:49:26.0000000Z
r6/scripts/CyberwareEx/CyberwareEx.Global.reds	48511	0.046	2026-06-08T07:26:47.4832146Z
r6/scripts/CyberwareEx/CyberwareEx.reds	38357	0.037	2026-06-08T07:26:47.4902142Z
r6/scripts/CyberwareEx/LICENSE	1090	0.001	2026-06-08T07:26:47.4962193Z
r6/scripts/delamain_combat_mode/main.reds	3806	0.004	2025-07-18T07:39:58.0000000Z
r6/scripts/Encore/Encore.reds	1867	0.002	2026-06-08T07:27:10.5726942Z
r6/scripts/EquipmentEx/EquipmentEx.Global.reds	39706	0.038	2026-06-08T07:27:16.5405127Z
r6/scripts/EquipmentEx/EquipmentEx.reds	171730	0.164	2026-06-08T07:27:16.5475121Z
r6/scripts/EquipmentEx/LICENSE	1090	0.001	2026-06-08T07:27:16.5535131Z
r6/scripts/FightingGangsAllowed.reds	2140	0.002	2025-07-18T07:38:00.0000000Z
r6/scripts/filter_saves.reds	20161	0.019	2025-11-12T18:31:09.9663501Z
r6/scripts/fpscounter.reds	629	0.001	2025-07-18T07:23:55.0000000Z
r6/scripts/HangoutsRomances.reds	9268	0.009	2026-01-22T18:04:24.6804902Z
r6/scripts/iconicshop/helpers/products.reds	1309	0.001	2026-06-08T07:27:50.9732599Z
r6/scripts/iconicshop/helpers/productsList.reds	85805	0.082	2026-06-08T07:27:50.9853032Z
r6/scripts/iconicshop/settings/common.reds	79127	0.075	2026-06-08T07:27:50.9973076Z
r6/scripts/iconicshop/settings/general.reds	2059	0.002	2026-06-08T07:27:49.9576866Z
r6/scripts/iconicshop/settings/legendary.reds	97402	0.093	2026-06-08T07:27:51.0116040Z
r6/scripts/iconicshop/settings/top.reds	78245	0.075	2026-06-08T07:27:51.0206042Z
r6/scripts/iconicshop/shops/common.reds	529	0.001	2026-06-08T07:27:51.0336041Z
r6/scripts/iconicshop/shops/legendary.reds	547	0.001	2026-06-08T07:27:51.0456048Z
r6/scripts/iconicshop/shops/top.reds	525	0.001	2026-06-08T07:27:51.0596094Z
r6/scripts/InfiniteAirDashing/InfiniteAirDashingV1.reds	2554	0.002	2025-07-18T07:44:12.0000000Z
r6/scripts/Job Randomizer 2.0/JobRandomizer 2.0.reds	16356	0.016	2025-07-18T07:17:04.0000000Z
r6/scripts/Job Randomizer 2.0/JobRandomizer.Settings 2.0.reds	1750	0.002	2025-07-18T07:17:04.0000000Z
r6/scripts/JRME_4.0/JRMEloggersystem.reds	250	0.000	2026-06-08T07:28:44.1908618Z
r6/scripts/JRME_4.0/jrmemain.reds	2858	0.003	2026-06-08T07:28:44.1948213Z
r6/scripts/JudyDateSMS/JudyDateSMS.reds	1808	0.002	2026-07-10T06:51:23.0000000Z
r6/scripts/legendary-weapons-mods-eshop/WeaponsMods-atelier-store.reds	1017	0.001	2022-10-15T15:13:59.0000000Z
r6/scripts/legendary-weapons-mods-eshop/WeaponsMuzzleScope-atelier-store.reds	1538	0.001	2022-10-15T15:14:08.0000000Z
r6/scripts/liftcheck.reds	371	0.000	2026-06-08T07:27:56.9669028Z
r6/scripts/LizziesBDs/Audio.reds	47639	0.045	2026-07-12T07:39:28.3610080Z
r6/scripts/LizziesBDs/ChoiceHubsActiveTweak.reds	1072	0.001	2026-07-12T07:39:28.3640046Z
r6/scripts/LizziesBDs/Classes.reds	48657	0.046	2026-07-12T07:39:28.3680048Z
r6/scripts/LizziesBDs/Console.reds	8951	0.009	2026-07-12T07:39:28.3710046Z
r6/scripts/LizziesBDs/CreditsUIController.reds	7447	0.007	2026-07-12T07:39:28.3750041Z
r6/scripts/LizziesBDs/CustomCharacters/f80h_judy.reds	6128	0.006	2026-06-08T07:25:23.6618633Z
r6/scripts/LizziesBDs/CustomCharacters/f80h_songbird.reds	2652	0.003	2026-01-22T18:10:33.4909292Z
r6/scripts/LizziesBDs/CustomCharacters/f80h_stout.reds	8272	0.008	2026-01-22T18:10:57.3677731Z
r6/scripts/LizziesBDs/Data.reds	337639	0.322	2026-07-12T07:39:28.3810046Z
r6/scripts/LizziesBDs/Dev.reds	0	0.000	2025-08-08T06:16:47.0000000Z
r6/scripts/LizziesBDs/Facial.reds	0	0.000	2025-08-08T06:16:47.0000000Z
r6/scripts/LizziesBDs/LizziesBDsMain.reds	12112	0.012	2026-07-12T07:39:28.3850048Z
r6/scripts/LizziesBDs/Mappin.reds	3495	0.003	2026-07-12T07:39:28.3890046Z
r6/scripts/LizziesBDs/MenuUIController.reds	204104	0.195	2026-07-12T07:39:28.3930047Z
r6/scripts/LizziesBDs/NPCPuppet.reds	14209	0.014	2026-07-12T07:39:28.3970045Z
r6/scripts/LizziesBDs/PlayerPuppet.reds	1196	0.001	2026-07-12T07:39:28.4000044Z
r6/scripts/LizziesBDs/Quest.reds	0	0.000	2025-08-08T06:16:48.0000000Z
r6/scripts/LizziesBDs/Resources.reds	37260	0.036	2026-07-12T07:39:28.4040048Z
r6/scripts/LizziesBDs/Storage.reds	10556	0.010	2026-07-12T07:39:28.4070042Z
r6/scripts/LizziesBDs/StreamingSectors.reds	0	0.000	2025-08-08T06:16:48.0000000Z
r6/scripts/LizziesBDs/UI.reds	5873	0.006	2026-07-12T07:39:28.4110053Z
r6/scripts/LoveOverride/LoveOverride.reds	4637	0.004	2026-07-12T07:38:36.9989089Z
r6/scripts/nameplate.reds	23191	0.022	2025-07-18T07:27:35.0000000Z
r6/scripts/nativeInteractions.reds	1588	0.002	2026-01-22T18:01:58.3631301Z
r6/scripts/ncpd_radio_on_foot/ncpd_radio_on_foot.reds	5751	0.005	2025-07-18T07:41:32.0000000Z
r6/scripts/NightCityInteractions/NightCityInteractions.reds	19758	0.019	2026-06-08T07:29:39.0193172Z
r6/scripts/NightCityTouristInformation/NightCityTouristInformation.reds	20595	0.020	2025-07-18T07:31:12.0000000Z
r6/scripts/NPC Outfit Manager/EquipmentEx_NPCs.reds	1996	0.002	2026-07-06T13:45:34.8477514Z
r6/scripts/PanamPrivacy/PanamPrivacy.reds	933	0.001	2025-11-12T18:37:24.6537391Z
r6/scripts/PanamRomancedEnhanced/PanamRomancedEnhanced.reds	4932	0.005	2025-11-12T18:37:24.6557530Z
r6/scripts/populations.reds	11803	0.011	2026-06-08T07:29:57.3101505Z
r6/scripts/quickhacks_sort_by_slot/quickhacks_sort_by_slot.reds	5592	0.005	2025-07-18T07:45:12.0000000Z
r6/scripts/realVendorNames.reds	5140	0.005	2025-07-18T07:46:49.0000000Z
r6/scripts/SeijaxIconics/Effects.reds	2017	0.002	2025-10-13T16:58:39.6444257Z
r6/scripts/SeijaxIconics/HitHasPiercedSurfacePrereq.reds	363	0.000	2025-10-13T16:58:39.6464345Z
r6/scripts/SeijaxIconics/HitIsLeapAttackPrereq.reds	863	0.001	2025-10-13T16:58:39.6484327Z
r6/scripts/SeijaxIconics/HitIsMultipleRicochetPrereq.reds	1061	0.001	2025-10-13T16:58:39.6504493Z
r6/scripts/SeijaxIconics/HitIsTargetBreachedPrereq.reds	1267	0.001	2025-10-13T16:58:39.6524480Z
r6/scripts/SeijaxIconics/ReloadStartPrereq.reds	2963	0.003	2025-10-13T16:58:39.6544368Z
r6/scripts/SeijaxIconics/RemoveStatusEffectInAreaEffector.reds	3366	0.003	2025-10-13T16:58:39.6564482Z
r6/scripts/Slots Slots Slots - More Weapon Mod Slots.reds	78519	0.075	2026-06-08T07:25:34.6449727Z
r6/scripts/SmallerCyberwareSlots/cyberwareMiniGrid.reds	8818	0.008	2025-09-21T02:54:16.0000000Z
r6/scripts/smartWindow.reds	731	0.001	2026-01-22T18:05:35.4686784Z
r6/scripts/stashFilters.reds	3138	0.003	2026-06-08T07:30:42.1314063Z
r6/scripts/StayHealthy/StayHealthy.reds	13199	0.013	2025-10-06T19:04:47.7252245Z
r6/scripts/Survival System/core/ControllerBackpack.reds	16332	0.016	2024-12-21T14:59:56.0000000Z
r6/scripts/Survival System/core/ControllerStaminabar.reds	7872	0.008	2024-12-21T09:48:51.0000000Z
r6/scripts/Survival System/core/ControllerTimeskip.reds	11363	0.011	2024-12-21T09:47:42.0000000Z
r6/scripts/Survival System/core/Events.reds	877	0.001	2023-12-02T20:55:24.0000000Z
r6/scripts/Survival System/core/Settings.reds	33581	0.032	2024-12-21T04:55:44.0000000Z
r6/scripts/Survival System/core/Source.reds	14167	0.014	2024-12-21T09:46:36.0000000Z
r6/scripts/Survival System/core/Static.reds	15535	0.015	2023-12-08T08:11:53.0000000Z
r6/scripts/Survival System/core/System.reds	29620	0.028	2024-12-21T09:42:58.0000000Z
r6/scripts/Survival System/core/Widgets.reds	22021	0.021	2024-12-21T14:18:32.0000000Z
r6/scripts/tigames128-netrunner-quickhacks-store/Tigames128-Netrunner-Quickhacks-store.reds	5435	0.005	2025-07-18T07:42:26.0000000Z
r6/scripts/ToogleableTickingTimeBomb/ToogleableTickingTimeBomb.reds	2833	0.003	2025-07-18T07:40:47.0000000Z
r6/scripts/TriggerModeControl/AudioFixes.reds	1935	0.002	2025-10-13T16:58:51.2919206Z
r6/scripts/TriggerModeControl/config.reds	3599	0.003	2025-10-13T16:58:51.2939193Z
r6/scripts/TriggerModeControl/TriggerModeControl.reds	25203	0.024	2025-10-13T16:58:51.2959197Z
r6/scripts/UltimateKillCounter.reds	24456	0.023	2025-09-24T17:09:12.0000000Z
r6/scripts/VehicleMileage/Services/VMSettingsService.reds	5660	0.005	2026-07-12T07:38:09.1077918Z
r6/scripts/VehicleMileage/UI/VM3DOdoHUD.reds	71907	0.069	2026-07-12T07:38:09.1127918Z
r6/scripts/VehicleMileage/UI/VMFuelGauge.reds	77574	0.074	2026-07-12T07:38:09.1157917Z
r6/scripts/VehicleMileage/UI/VMHUD.reds	66082	0.063	2026-07-12T07:38:09.1197911Z
r6/scripts/VehicleMileage/UI/VMWorldLeaderboard.reds	33937	0.032	2026-07-12T07:38:09.1237992Z
r6/scripts/VehicleMileage/VM_DroneOrbit.reds	11465	0.011	2026-07-12T07:38:09.1017913Z
r6/scripts/VehicleMileage/VM_FastTravelRestore.reds	798	0.001	2026-07-12T07:38:09.1047909Z
r6/scripts/VehicleMileage/VMMapIconHook.reds	1891	0.002	2026-07-12T07:38:09.0897911Z
r6/scripts/VehicleMileage/VMMapTooltipHook.reds	485	0.000	2026-07-12T07:38:09.0948133Z
r6/scripts/VehicleMileage/VMRoleMappinData.reds	232	0.000	2026-07-12T07:38:09.0977915Z
r6/scripts/VirtualAtelierDelivery/VirtualAtelierDelivery.reds	178201	0.170	2026-07-12T07:37:41.1666654Z
r6/scripts/virtual-atelier-full/Compat.reds	2140	0.002	2026-07-12T07:38:21.3954247Z
r6/scripts/virtual-atelier-full/Config.reds	4416	0.004	2026-07-12T07:38:21.3994284Z
r6/scripts/virtual-atelier-full/core/AtelierActions.reds	2171	0.002	2026-07-12T07:38:21.4194236Z
r6/scripts/virtual-atelier-full/core/AtelierTexts.reds	2955	0.003	2026-07-12T07:38:21.4234253Z
r6/scripts/virtual-atelier-full/core/Classes.reds	5014	0.005	2026-07-12T07:38:21.4264246Z
r6/scripts/virtual-atelier-full/core/Events.reds	2665	0.003	2026-07-12T07:38:21.4304248Z
r6/scripts/virtual-atelier-full/core/Fields.reds	2081	0.002	2026-07-12T07:38:21.4334245Z
r6/scripts/virtual-atelier-full/core/systems/VirtualAtelierCartManager.reds	9570	0.009	2026-07-12T07:38:21.4404245Z
r6/scripts/virtual-atelier-full/core/systems/VirtualAtelierPreviewManager.reds	5733	0.005	2026-07-12T07:38:21.4444238Z
r6/scripts/virtual-atelier-full/core/systems/VirtualAtelierStoresSystem.reds	21499	0.021	2026-07-12T07:38:21.4484250Z
r6/scripts/virtual-atelier-full/core/VirtualCart.reds	4150	0.004	2026-07-12T07:38:21.4364241Z
r6/scripts/virtual-atelier-full/helpers/ButtonHintsHelper.reds	6959	0.007	2026-07-12T07:38:21.4524248Z
r6/scripts/virtual-atelier-full/helpers/CurrentPlayerZoneHelper.reds	522	0.000	2026-07-12T07:38:21.4574253Z
r6/scripts/virtual-atelier-full/helpers/InputHelper.reds	2813	0.003	2026-07-12T07:38:21.4624240Z
r6/scripts/virtual-atelier-full/helpers/ItemsHelper.reds	7487	0.007	2026-07-12T07:38:21.4664236Z
r6/scripts/virtual-atelier-full/helpers/NotificationTokensHelper.reds	1831	0.002	2026-07-12T07:38:21.4704245Z
r6/scripts/virtual-atelier-full/helpers/WidgetsHelper.reds	3333	0.003	2026-07-12T07:38:21.4734252Z
r6/scripts/virtual-atelier-full/Logs.reds	251	0.000	2026-07-12T07:38:21.4024250Z
r6/scripts/virtual-atelier-full/SetupNewSite.reds	1934	0.002	2026-07-12T07:38:21.4054256Z
r6/scripts/virtual-atelier-full/SetupNewTab.reds	4673	0.004	2026-07-12T07:38:21.4094250Z
r6/scripts/virtual-atelier-full/stores-list/AtelierStoresCategoryTab.reds	4783	0.005	2026-07-12T07:38:21.4774537Z
r6/scripts/virtual-atelier-full/stores-list/AtelierStoresDataView.reds	1214	0.001	2026-07-12T07:38:21.4814245Z
r6/scripts/virtual-atelier-full/stores-list/AtelierStoresListController.reds	23143	0.022	2026-07-12T07:38:21.4844254Z
r6/scripts/virtual-atelier-full/stores-list/AtelierStoresListItemController.reds	7579	0.007	2026-07-12T07:38:21.4884244Z
r6/scripts/virtual-atelier-full/stores-list/ButtonHints.reds	539	0.001	2026-07-12T07:38:21.4924240Z
r6/scripts/virtual-atelier-full/stores-list/PlaceholderComponent.reds	1540	0.001	2026-07-12T07:38:21.4954235Z
r6/scripts/virtual-atelier-full/stores-list/SearchEngineComponent.reds	44724	0.043	2026-07-12T07:38:20.2452312Z
r6/scripts/virtual-atelier-full/stores-list/UnderConstructionComponent.reds	1548	0.001	2026-07-12T07:38:21.4984262Z
r6/scripts/virtual-atelier-full/TweakTooltips.reds	961	0.001	2026-07-12T07:38:21.4124254Z
r6/scripts/virtual-atelier-full/vendor-preview/EquipIndicators.reds	1167	0.001	2026-07-12T07:38:21.5024249Z
r6/scripts/virtual-atelier-full/vendor-preview/FullscreenVendor.reds	9099	0.009	2026-07-12T07:38:21.5064234Z
r6/scripts/virtual-atelier-full/vendor-preview/GarmentItemPreview.reds	4566	0.004	2026-07-12T07:38:21.5109906Z
r6/scripts/virtual-atelier-full/Version.reds	195	0.000	2026-07-12T07:38:21.4164454Z
r6/scripts/virtual-atelier-full/virtual-store/DuplicatesChecker.reds	2782	0.003	2026-07-12T07:38:21.5149903Z
r6/scripts/virtual-atelier-full/virtual-store/HijackVendorController.reds	1652	0.002	2026-07-12T07:38:21.5179910Z
r6/scripts/virtual-atelier-full/virtual-store/QuantityPickerVirtualPrice.reds	244	0.000	2026-07-12T07:38:21.5219901Z
r6/scripts/virtual-atelier-full/virtual-store/StateIndicators.reds	7157	0.007	2026-07-12T07:38:21.5259891Z
r6/scripts/virtual-atelier-full/virtual-store/VirtualStoreController.reds	79936	0.076	2026-07-12T07:38:21.5299905Z
r6/scripts/virtual-atelier-full/virtual-store/VirtualStoreDataView.reds	1497	0.001	2026-07-12T07:38:21.5339910Z
r6/scripts/virtual-atelier-full/virtual-store/VirtualStoreHeaderController.reds	910	0.001	2026-07-12T07:38:20.4035749Z
r6/scripts/virtual-atelier-full/virtual-store/VirtualStoreItemController.reds	2168	0.002	2026-07-12T07:38:21.5379899Z
r6/scripts/virtual-atelier-full/virtual-store/VirtualStoreTemplateClassifier.reds	868	0.001	2026-07-12T07:38:21.5409913Z
r6/scripts/virtual-atelier-full/virtual-store-cart/Style.reds	1647	0.002	2026-07-12T07:38:21.5449904Z
r6/scripts/virtual-atelier-full/virtual-store-cart/VirtualAtelierControl.reds	1813	0.002	2026-07-12T07:38:21.5489888Z
r6/scripts/virtual-atelier-full/virtual-store-cart/VirtualCartImageButton.reds	5897	0.006	2026-07-12T07:38:21.5519904Z
r6/scripts/virtual-atelier-full/virtual-store-cart/VirtualCartTextButton.reds	2012	0.002	2026-07-12T07:38:21.5559898Z
r6/scripts/VirtualCarDealer/autofixer/AutofixerItemDataView.reds	489	0.000	2026-06-08T07:31:10.9362732Z
r6/scripts/VirtualCarDealer/autofixer/AutofixerItemVirtualController.reds	10220	0.010	2026-06-08T07:31:10.9412731Z
r6/scripts/VirtualCarDealer/autofixer/AutofixerVirtualController.reds	4309	0.004	2026-06-08T07:31:10.9462737Z
r6/scripts/VirtualCarDealer/Cheat.reds	371	0.000	2026-06-08T07:31:10.9200575Z
r6/scripts/VirtualCarDealer/Config.reds	25	0.000	2026-06-08T07:31:10.9240719Z
r6/scripts/VirtualCarDealer/content/CarDealerContentController.reds	27741	0.026	2026-06-08T07:31:10.9519001Z
r6/scripts/VirtualCarDealer/core/CarDealer-Classes.reds	1116	0.001	2026-06-08T07:31:10.9578669Z
r6/scripts/VirtualCarDealer/core/CarDealer-Core.reds	943	0.001	2026-06-08T07:31:10.9628502Z
r6/scripts/VirtualCarDealer/core/CarDealer-Fields.reds	124	0.000	2026-06-08T07:31:10.9668503Z
r6/scripts/VirtualCarDealer/core/CarDealer-Helpers.reds	377	0.000	2026-06-08T07:31:10.9710416Z
r6/scripts/VirtualCarDealer/core/CarDealer-ScriptableTweak.reds	8361	0.008	2026-06-08T07:31:10.9760566Z
r6/scripts/VirtualCarDealer/core/CarDealer-System.reds	14801	0.014	2026-06-08T07:31:10.9810480Z
r6/scripts/VirtualCarDealer/overrides/DeactivateVehicles.reds	1055	0.001	2026-06-08T07:31:10.9859004Z
r6/scripts/VirtualCarDealer/overrides/SetupNewSite.reds	1858	0.002	2026-06-08T07:31:10.9916042Z
r6/scripts/VirtualCarDealer/overrides/SetupNewTab.reds	3876	0.004	2026-06-08T07:31:10.9956036Z
r6/scripts/VirtualCarDealer/UI/HubButton.reds	12970	0.012	2026-06-08T07:31:11.0006017Z
r6/scripts/VirtualCarDealer/UI/SellButton.reds	329	0.000	2026-06-08T07:31:11.0056018Z
r6/scripts/VirtualCarDealer/Utils.reds	1358	0.001	2026-06-08T07:31:10.9302587Z
r6/tweaks/!!!TriggerModeControl/TriggerModeControl.yaml	3665	0.003	2025-10-13T16:58:51.2979040Z
r6/tweaks/#DeceptiousBugFixes/DeceptiousBugFixes.yaml	414	0.000	2026-06-08T07:26:53.8576849Z
r6/tweaks/AK_117.yaml	3680	0.004	2024-05-06T06:39:06.0000000Z
r6/tweaks/AK_12.yaml	3571	0.003	2024-05-06T06:29:06.0000000Z
r6/tweaks/AK_47.yaml	3581	0.003	2024-05-06T06:38:37.0000000Z
r6/tweaks/auto_drive/auto_drive.yaml	973	0.001	2025-07-22T16:51:42.0000000Z
r6/tweaks/BeatableBrats/beatableBrats.tweak	1859	0.002	2025-07-18T07:41:22.0000000Z
r6/tweaks/BeatableBrats/beatableBratsPL.tweak	580	0.001	2025-07-18T07:41:16.0000000Z
r6/tweaks/Blackbird/Blackbird.yaml	3061	0.003	2025-07-18T07:39:54.0000000Z
r6/tweaks/caibro_drop_holsters.yaml	3863	0.004	2025-07-18T07:49:47.0000000Z
r6/tweaks/CopKiller/CopKiller.yaml	27935	0.027	2026-07-12T07:37:23.5161346Z
r6/tweaks/CyberpsychoEncounters/CyberpsychoEncounters.yaml	297282	0.284	2026-01-22T18:06:38.9728286Z
r6/tweaks/delamain_combat_mode/main.yaml	2432	0.002	2025-07-18T07:39:58.0000000Z
r6/tweaks/DriveMinotaur/vehicle.mech_minotaur_arasaka.yaml	8263	0.008	2025-07-18T07:40:53.0000000Z
r6/tweaks/DriveMinotaur/vehicle.mech_minotaur_arasaka_inline9.yaml	847	0.001	2025-07-18T07:40:53.0000000Z
r6/tweaks/DriveMinotaur/vehicle.mech_minotaur_arasakauidata.yaml	203	0.000	2025-07-18T07:40:53.0000000Z
r6/tweaks/DriveMinotaur/vehicle.mech_minotaur_kurtz.yaml	8239	0.008	2025-07-18T07:40:53.0000000Z
r6/tweaks/DriveMinotaur/vehicle.mech_minotaur_militech.yaml	8256	0.008	2025-07-18T07:40:53.0000000Z
r6/tweaks/DriveMinotaur/vehicle.mech_minotaur_police.yaml	8246	0.008	2025-07-18T07:40:53.0000000Z
r6/tweaks/DriveMinotaur/Vehicle.VehicleEngineData_4_Truck_inline0.yaml	1431	0.001	2025-07-18T07:40:53.0000000Z
r6/tweaks/DriveMinotaur/Vehiclelist.yaml	1160	0.001	2025-07-18T07:40:53.0000000Z
r6/tweaks/f80h/judy.yaml	97	0.000	2026-06-08T07:25:23.6528636Z
r6/tweaks/f80h/misty.yaml	98	0.000	2026-01-22T18:10:45.9599709Z
r6/tweaks/f80h/panam.yaml	98	0.000	2026-01-22T18:13:00.5916165Z
r6/tweaks/f80h/stout.yaml	98	0.000	2026-01-22T18:10:57.3587937Z
r6/tweaks/FlyingTank/flying_tank.yaml	1204	0.001	2025-11-12T18:29:30.2901703Z
r6/tweaks/FoodProps.yaml	1036	0.001	2026-01-22T18:03:16.1305402Z
r6/tweaks/fordgt/fordgt.yaml	4112	0.004	2025-01-16T02:20:00.0000000Z
r6/tweaks/FullAutoAchillesXMod2/FullAutoModX2.yaml	296	0.000	2025-07-18T07:16:58.0000000Z
r6/tweaks/h1/h1.yaml	3808	0.004	2025-07-18T07:24:33.0000000Z
r6/tweaks/Hercules_LMG.yaml	24889	0.024	2025-07-20T12:49:15.6291225Z
r6/tweaks/HotFuzz.yaml	112	0.000	2026-06-08T07:27:32.7270739Z
r6/tweaks/IconicShop/duplicateItems.yaml	29665	0.028	2026-06-08T07:27:49.9029278Z
r6/tweaks/IconicShop/fix.yaml	0	0.000	2026-06-08T07:27:50.9605780Z
r6/tweaks/IdleAnywhere.yaml	1169	0.001	2026-06-08T07:27:56.9579037Z
r6/tweaks/ImmersiveFixers/ImmersiveFixers.yaml	697	0.001	2025-10-21T09:01:39.1672776Z
r6/tweaks/improved_aldecaldos_camp/interaction_icons.yaml	4690	0.004	2026-06-08T07:28:11.0811022Z
r6/tweaks/jackiesgarage.yml	222	0.000	2025-03-20T16:41:29.0000000Z
r6/tweaks/JRME_4.0/JRME_4.0_judy.yaml	648	0.001	2026-06-08T07:28:44.2012866Z
r6/tweaks/JRME_4.0/JRME_4.0_rita.yaml	350	0.000	2026-06-08T07:28:44.2073085Z
r6/tweaks/kawasaki_ninja/kawasaki_ninja.yaml	4431	0.004	2026-06-08T07:28:59.0213212Z
r6/tweaks/LadyMarmalade/LadyMarmalade.yaml	2256	0.002	2026-06-08T07:26:09.4378699Z
r6/tweaks/LadyMarmalade/LadyMarmaladeMappinEdit.yaml	249	0.000	2026-06-08T07:26:09.4431779Z
r6/tweaks/LizziesBDs/Items.yaml	4265	0.004	2026-07-12T07:39:28.4140045Z
r6/tweaks/LizziesBDs/LizziesBDs.yaml	17600	0.017	2026-07-12T07:39:28.4180050Z
r6/tweaks/LizziesBDs/Prices.yaml	46468	0.044	2026-07-12T07:39:28.4210048Z
r6/tweaks/Militech_HMG34.yaml	25005	0.024	2025-07-20T12:47:09.8292125Z
r6/tweaks/Militech_MG249.yaml	24824	0.024	2025-07-20T12:48:24.2935064Z
r6/tweaks/MoreModsMoreFun/MoreModsMoreFun_Melee.yaml	4118	0.004	2025-10-09T17:58:23.2170497Z
r6/tweaks/MoreModsMoreFun/MoreModsMoreFun_Ranged.yaml	9955	0.009	2025-10-09T17:58:23.2200932Z
r6/tweaks/Night City Autoshop/EconomicAssignment.bikerepair.yaml	98	0.000	2026-06-08T07:29:25.8834185Z
r6/tweaks/Night City Autoshop/EconomicAssignment.vehiclerepair.yaml	101	0.000	2026-06-08T07:29:25.8894195Z
r6/tweaks/Night City Autoshop/miguel.yaml	41636	0.040	2026-06-08T07:29:25.8954190Z
r6/tweaks/NightCityInteractions/NightCityInteractions.yaml	806	0.001	2026-06-08T07:29:39.0153192Z
r6/tweaks/NightCityTouristInformation/NightCityTouristInformation.yaml	19111	0.018	2025-07-18T07:31:12.0000000Z
r6/tweaks/NoBombTickingTimeBomb.yaml	0	0.000	2025-07-18T07:40:47.0000000Z
r6/tweaks/PierceHMG/PierceHMG.yaml	826	0.001	2025-07-18T07:44:07.0000000Z
r6/tweaks/rebeccas_apartment_dlc/rebeccamsgimage.yaml	200	0.000	2025-09-24T17:05:27.0000000Z
r6/tweaks/rebeccas_apartment_dlc/UIJournalIcons.l_rebecca_apartment_full.yaml	210	0.000	2025-09-24T17:05:27.0000000Z
r6/tweaks/rebeccas_apartment_dlc/UIJournalIcons.l_rebecca_apartment_preview.yaml	218	0.000	2025-09-24T17:05:27.0000000Z
r6/tweaks/robber804/powerSniper/iconicSniperBlueprint.yaml	352	0.000	2026-01-22T18:04:55.5315276Z
r6/tweaks/robber804/powerSniper/robber804-Grad.yaml	2386	0.002	2026-01-22T18:04:56.3901773Z
r6/tweaks/robber804/powerSniper/robber804-Kolac.yaml	688	0.001	2026-01-22T18:04:56.3921766Z
r6/tweaks/robber804/powerSniper/robber804-Osprey.yaml	1267	0.001	2026-01-22T18:04:56.3951780Z
r6/tweaks/robber804/powerSniper/robber804-SOR22.yaml	1283	0.001	2026-01-22T18:04:56.3971772Z
r6/tweaks/Saiga_12.yaml	3491	0.003	2024-05-06T09:50:58.0000000Z
r6/tweaks/SeijaxIconics/!Resources.yaml	5969	0.006	2025-10-13T16:58:39.6584480Z
r6/tweaks/SeijaxIconics/DangerRoom.yaml	5727	0.005	2025-10-13T16:58:39.6604331Z
r6/tweaks/SeijaxIconics/DesertSnake.yaml	9189	0.009	2025-10-13T16:58:39.6624489Z
r6/tweaks/SeijaxIconics/Dice.yaml	8614	0.008	2025-10-13T16:58:39.6645881Z
r6/tweaks/SeijaxIconics/Firestorm.yaml	7897	0.008	2025-10-13T16:58:39.6666092Z
r6/tweaks/SeijaxIconics/Gambiteer.yaml	4690	0.004	2025-10-13T16:58:39.6686254Z
r6/tweaks/SeijaxIconics/GhostBlade.yaml	6055	0.006	2025-10-13T16:58:39.6706114Z
r6/tweaks/SeijaxIconics/HighDoom.yaml	10318	0.010	2025-10-13T16:58:39.6726110Z
r6/tweaks/SeijaxIconics/Mercy.yaml	8656	0.008	2025-10-13T16:58:39.6751148Z
r6/tweaks/SeijaxIconics/Mistifier.yaml	4277	0.004	2025-10-13T16:58:39.6772783Z
r6/tweaks/SeijaxIconics/NetHound.yaml	8330	0.008	2025-10-13T16:58:39.6793823Z
r6/tweaks/SeijaxIconics/NetRam.yaml	5837	0.006	2025-10-13T16:58:39.6813878Z
r6/tweaks/SeijaxIconics/PlasmaShotgun.yaml	8365	0.008	2025-10-13T16:58:39.6844052Z
r6/tweaks/SeijaxIconics/Raijin.yaml	6860	0.007	2025-10-13T16:58:39.6857766Z
r6/tweaks/SeijaxIconics/Slice.yaml	5002	0.005	2025-10-13T16:58:39.6881312Z
r6/tweaks/SeijaxIconics/SpecialDelivery.yaml	6939	0.007	2025-10-13T16:58:39.6901288Z
r6/tweaks/SeijaxIconics/Thunderstrike.yaml	11393	0.011	2025-10-13T16:58:39.6926059Z
r6/tweaks/SeijaxIconics/Tzijimura.yaml	4395	0.004	2025-10-13T16:58:39.6946041Z
r6/tweaks/Slots Slots Slots - More Weapon Mod Slots/Slots Slots Slots - Iconic - Assign.yaml	29657	0.028	2026-06-08T07:25:34.6519753Z
r6/tweaks/Slots Slots Slots - More Weapon Mod Slots/Slots Slots Slots - Iconic - Blueprint.yaml	20084	0.019	2026-06-08T07:25:34.6594863Z
r6/tweaks/Slots Slots Slots - More Weapon Mod Slots/Slots Slots Slots - Melee - Mods.yaml	5472	0.005	2026-06-08T07:25:34.6644858Z
r6/tweaks/Slots Slots Slots - More Weapon Mod Slots/Slots Slots Slots - Melee - Slots - Base.yaml	3567	0.003	2026-06-08T07:25:34.6704859Z
r6/tweaks/Slots Slots Slots - More Weapon Mod Slots/Slots Slots Slots - Ranged - Mods.yaml	17082	0.016	2026-06-08T07:25:34.6774861Z
r6/tweaks/Slots Slots Slots - More Weapon Mod Slots/Slots Slots Slots - Ranged - Slots - Base.yaml	19552	0.019	2026-06-08T07:25:34.6834865Z
r6/tweaks/Slots Slots Slots - More Weapon Mod Slots/Slots Slots Slots - x-MOD2 - Slots - Base.yaml	4254	0.004	2026-06-08T07:25:34.6904875Z
r6/tweaks/StayHealthy.yaml	1115	0.001	2025-10-06T19:04:47.7272086Z
r6/tweaks/Survival System/AlcoholEpic.yaml	842	0.001	2023-09-30T00:18:26.0000000Z
r6/tweaks/Survival System/AlcoholLegendary.yaml	1371	0.001	2023-09-30T00:18:22.0000000Z
r6/tweaks/Survival System/AlcoholRare.yaml	1211	0.001	2023-09-30T00:18:57.0000000Z
r6/tweaks/Survival System/AlcoholUncommon.yaml	1235	0.001	2023-09-30T00:19:23.0000000Z
r6/tweaks/Survival System/AlcoholUtils.yaml	161	0.000	2023-11-02T21:20:23.0000000Z
r6/tweaks/Survival System/AmmoUtils.yaml	3485	0.003	2023-12-11T21:26:02.0000000Z
r6/tweaks/Survival System/DrinkEpic.yaml	2857	0.003	2023-02-17T11:16:46.0000000Z
r6/tweaks/Survival System/DrinkRare.yaml	3105	0.003	2023-02-17T11:17:03.0000000Z
r6/tweaks/Survival System/DrinkUncommon.yaml	3079	0.003	2023-02-17T11:16:26.0000000Z
r6/tweaks/Survival System/DrinkUtils.yaml	2878	0.003	2023-11-02T21:20:15.0000000Z
r6/tweaks/Survival System/EnergyStimulator.yaml	11308	0.011	2023-09-30T16:32:05.0000000Z
r6/tweaks/Survival System/FoodEpic.yaml	2841	0.003	2023-02-17T11:12:05.0000000Z
r6/tweaks/Survival System/FoodRare.yaml	4311	0.004	2023-02-17T11:11:45.0000000Z
r6/tweaks/Survival System/FoodUncommon.yaml	6328	0.006	2023-02-26T02:30:29.0000000Z
r6/tweaks/Survival System/FoodUtils.yaml	4007	0.004	2023-11-09T18:11:44.0000000Z
r6/tweaks/Tech_60_EMP_To_Durability.yaml	1481	0.001	2025-07-18T07:48:16.0000000Z
r6/tweaks/Type2067.yaml	330	0.000	2025-07-18T07:42:40.0000000Z
r6/tweaks/VegaCPMods/VegaCPMods_Airdrop.yaml	4663	0.004	2025-07-18T07:40:09.0000000Z
r6/tweaks/VehicleSmartWeapon/Items.Base_Smart_Submachinegun_Mult_Stats.yaml	456	0.000	2025-07-18T07:40:58.0000000Z
r6/tweaks/VehicleSmartWeapon/Items.Base_Smart_Submachinegun_Mult_Stats_inline1.yaml	167	0.000	2025-07-18T07:40:58.0000000Z
r6/tweaks/VehicleSmartWeapon/Items.Base_Vehicle_Power_Weapon_Damage_Stats_inline1.yaml	172	0.000	2025-07-18T07:40:58.0000000Z
r6/tweaks/VehicleSmartWeapon/Items.Base_Warden_SmartGun_Stats.yaml	1367	0.001	2025-07-18T07:40:58.0000000Z
r6/tweaks/VehicleSmartWeapon/Items.Base_Warden_SmartGun_Stats_inline12.yaml	176	0.000	2025-07-18T07:40:58.0000000Z
r6/tweaks/VehicleSmartWeapon/Items.Base_Warden_SmartGun_Stats_inline13.yaml	176	0.000	2025-07-18T07:40:58.0000000Z
r6/tweaks/VehicleSmartWeapon/Items.Base_Warden_SmartGun_Stats_inline18.yaml	180	0.000	2025-07-18T07:40:58.0000000Z
r6/tweaks/VehicleSmartWeapon/Items.Base_Warden_SmartGun_Stats_inline19.yaml	179	0.000	2025-07-18T07:40:58.0000000Z
r6/tweaks/VehicleSmartWeapon/Items.Base_Warden_SmartGun_Stats_inline20.yaml	179	0.000	2025-07-18T07:40:58.0000000Z
r6/tweaks/VehicleSmartWeapon/Items.Base_Warden_SmartGun_Stats_inline21.yaml	186	0.000	2025-07-18T07:40:58.0000000Z
r6/tweaks/VehicleSmartWeapon/Items.Base_Warden_SmartGun_Stats_inline22.yaml	178	0.000	2025-07-18T07:40:58.0000000Z
r6/tweaks/VehicleSmartWeapon/Items.Base_Warden_Technical_Stats.yaml	543	0.001	2025-07-18T07:40:58.0000000Z
r6/tweaks/VehicleSmartWeapon/Items.Base_Warden_Technical_Stats_inline1.yaml	161	0.000	2025-07-18T07:40:58.0000000Z
r6/tweaks/VehicleSmartWeapon/Items.Base_Warden_Technical_Stats_inline3.yaml	175	0.000	2025-07-18T07:40:58.0000000Z
r6/tweaks/VehicleSmartWeapon/Items.Vehicle_Power_Weapon_Left_A.yaml	20642	0.020	2025-07-18T07:40:58.0000000Z
r6/tweaks/VehicleSmartWeapon/Items.Vehicle_Power_Weapon_Right_A.yaml	10442	0.010	2025-07-18T07:40:58.0000000Z
r6/tweaks/VirtualAtelierDelivery/DropPointAction.yaml	241	0.000	2026-07-12T07:37:41.1706667Z
r6/tweaks/VirtualAtelierDelivery/NewAdvert.yaml	4948	0.005	2026-07-12T07:37:41.1736655Z
red4ext/bin/x64/winmm.dll	364544	0.348	2025-10-06T19:04:04.8271184Z
red4ext/config.ini	291	0.000	2025-07-18T08:00:24.0000000Z
red4ext/LICENSE.txt	1101	0.001	2026-06-08T07:30:24.4222059Z
red4ext/plugins/ArchiveXL/ArchiveXL.dll	1958912	1.868	2026-06-08T07:25:57.3104570Z
red4ext/plugins/ArchiveXL/Bundle/ArchiveXL.archive	368640	0.352	2026-06-08T07:25:57.3324572Z
red4ext/plugins/ArchiveXL/Bundle/Migration.xl	5926	0.006	2026-06-08T07:25:57.3388451Z
red4ext/plugins/ArchiveXL/Bundle/PhotoModeScope.xl	4848	0.005	2026-06-08T07:25:57.3461473Z
red4ext/plugins/ArchiveXL/Bundle/PlayerBaseScope.xl	1352	0.001	2026-06-08T07:25:57.3531470Z
red4ext/plugins/ArchiveXL/Bundle/PlayerCustomizationBeardFix.xl	21911	0.021	2026-06-08T07:25:57.3617657Z
red4ext/plugins/ArchiveXL/Bundle/PlayerCustomizationBeardScope.xl	7845	0.007	2026-06-08T07:25:57.3687659Z
red4ext/plugins/ArchiveXL/Bundle/PlayerCustomizationBrowsFix.xl	5621	0.005	2026-06-08T07:25:57.3752776Z
red4ext/plugins/ArchiveXL/Bundle/PlayerCustomizationBrowsPatch.xl	1900	0.002	2026-06-08T07:25:57.3822773Z
red4ext/plugins/ArchiveXL/Bundle/PlayerCustomizationBrowsScope.xl	9628	0.009	2026-06-08T07:25:57.3902781Z
red4ext/plugins/ArchiveXL/Bundle/PlayerCustomizationEyesFix.xl	4797	0.005	2026-06-08T07:25:57.3982778Z
red4ext/plugins/ArchiveXL/Bundle/PlayerCustomizationEyesPatch.xl	1209	0.001	2026-06-08T07:25:57.4052784Z
red4ext/plugins/ArchiveXL/Bundle/PlayerCustomizationEyesScope.xl	1427	0.001	2026-06-08T07:25:57.4132786Z
red4ext/plugins/ArchiveXL/Bundle/PlayerCustomizationHairFix.xl	960805	0.916	2026-06-08T07:25:57.4232775Z
red4ext/plugins/ArchiveXL/Bundle/PlayerCustomizationHairPatch.xl	177	0.000	2026-06-08T07:25:57.4322783Z
red4ext/plugins/ArchiveXL/Bundle/PlayerCustomizationHairScope.xl	43364	0.041	2026-06-08T07:25:57.4402784Z
red4ext/plugins/ArchiveXL/Bundle/PlayerCustomizationLashesFix.xl	3272	0.003	2026-06-08T07:25:57.4462782Z
red4ext/plugins/ArchiveXL/Bundle/PlayerCustomizationLashesPatch.xl	594	0.001	2026-06-08T07:25:57.4532785Z
red4ext/plugins/ArchiveXL/Bundle/PlayerCustomizationLashesScope.xl	1228	0.001	2026-06-08T07:25:57.4614312Z
red4ext/plugins/ArchiveXL/Bundle/PlayerCustomizationScope.xl	0	0.000	2026-06-08T07:25:57.4684313Z
red4ext/plugins/ArchiveXL/Bundle/QuestBaseScope.xl	255	0.000	2026-06-08T07:25:57.4759451Z
red4ext/plugins/ArchiveXL/LICENSE	1090	0.001	2026-06-08T07:25:57.3174562Z
red4ext/plugins/ArchiveXL/Scripts/ArchiveXL.DynamicAppearance.reds	1926	0.002	2026-06-08T07:25:57.4829454Z
red4ext/plugins/ArchiveXL/Scripts/ArchiveXL.Global.reds	369	0.000	2026-06-08T07:25:57.4899449Z
red4ext/plugins/ArchiveXL/Scripts/ArchiveXL.reds	39	0.000	2026-06-08T07:25:57.4959451Z
red4ext/plugins/ArchiveXL/THIRD_PARTY_LICENSES	13077	0.012	2026-06-08T07:25:57.3234560Z
red4ext/plugins/audioware/audioware.dll	3966464	3.783	2026-06-08T07:26:03.3189456Z
red4ext/plugins/AutoAimNative.dll	67584	0.064	2026-07-13T15:48:15.0439840Z
red4ext/plugins/Codeware/Codeware.dll	1915392	1.827	2026-06-08T07:26:30.9169825Z
red4ext/plugins/Codeware/Data/KnownHashes.txt	12263138	11.695	2026-06-08T07:26:30.9875485Z
red4ext/plugins/Codeware/LICENSE	1090	0.001	2026-06-08T07:26:30.9229826Z
red4ext/plugins/Codeware/Persistent/ScriptableServiceContainer.dat	1023	0.001	2026-08-23T08:26:40.8710782Z
red4ext/plugins/Codeware/Scripts/Codeware.Global.reds	1583253	1.510	2026-06-08T07:26:31.0071060Z
red4ext/plugins/Codeware/Scripts/Codeware.Localization.reds	19187	0.018	2026-06-08T07:26:31.0151031Z
red4ext/plugins/Codeware/Scripts/Codeware.reds	37	0.000	2026-06-08T07:26:31.0231018Z
red4ext/plugins/Codeware/Scripts/Codeware.UI.reds	138827	0.132	2026-06-08T07:26:31.0320860Z
red4ext/plugins/Codeware/Scripts/Codeware.UI.TextInput.reds	28317	0.027	2026-06-08T07:26:31.0410867Z
red4ext/plugins/Codeware/THIRD_PARTY_LICENSES	11950	0.011	2026-06-08T07:26:30.9291980Z
red4ext/plugins/FlyingTank/FlyingTank.dll	93696	0.089	2025-11-12T18:29:30.2951538Z
red4ext/plugins/input_loader/input_loader.dll	1485824	1.417	2025-07-19T17:32:19.0000000Z
red4ext/plugins/input_loader/inputUserMappings.xml	74062	0.071	2025-07-19T17:32:19.0000000Z
red4ext/plugins/input_loader/license.md	1072	0.001	2025-07-19T17:32:19.0000000Z
red4ext/plugins/input_loader/readme.md	3003	0.003	2025-07-19T17:32:19.0000000Z
red4ext/plugins/JRME_4.0/JRMEr4e.dll	315392	0.301	2026-06-08T07:28:44.2213348Z
red4ext/plugins/mod_settings/license.md	1072	0.001	2025-07-19T17:32:45.0000000Z
red4ext/plugins/mod_settings/mod_settings.dll	877568	0.837	2025-07-19T17:32:45.0000000Z
red4ext/plugins/mod_settings/ModSettings.archive	126976	0.121	2025-07-19T17:32:45.0000000Z
red4ext/plugins/mod_settings/ModSettings.archive.xl	91	0.000	2025-07-19T17:32:45.0000000Z
red4ext/plugins/mod_settings/module.reds	174	0.000	2025-07-19T17:32:45.0000000Z
red4ext/plugins/mod_settings/packed.reds	60557	0.058	2025-07-19T17:32:45.0000000Z
red4ext/plugins/mod_settings/readme.md	5364	0.005	2025-07-19T17:32:45.0000000Z
red4ext/plugins/mod_settings/user.ini	20651	0.020	2026-08-23T08:19:39.2412776Z
red4ext/plugins/NewGamePlus/LICENSE	35813	0.034	2026-06-08T07:29:32.7750054Z
red4ext/plugins/NewGamePlus/NewGamePlus.archive	3977216	3.793	2026-06-08T07:29:32.8022269Z
red4ext/plugins/NewGamePlus/NewGamePlus.archive.xl	534	0.001	2026-06-08T07:29:32.8072275Z
red4ext/plugins/NewGamePlus/NewGamePlus.dll	1096704	1.046	2026-06-08T07:29:32.8199565Z
red4ext/plugins/NewGamePlus/redscript/DifficultyAdjustment/ConfigStub.reds	99	0.000	2026-06-08T07:29:32.8886132Z
red4ext/plugins/NewGamePlus/redscript/DifficultyAdjustment/NGPlusEnemyBuffSystem.reds	7357	0.007	2026-06-08T07:29:32.8926124Z
red4ext/plugins/NewGamePlus/redscript/DifficultyAdjustment/NGPlusModSettings.reds	7970	0.008	2026-06-08T07:29:32.8976123Z
red4ext/plugins/NewGamePlus/redscript/NewGamePlusSystem.reds	6423	0.006	2026-06-08T07:29:32.8285829Z
red4ext/plugins/NewGamePlus/redscript/NGPlusBugfixing.reds	2887	0.003	2026-06-08T07:29:32.8330859Z
red4ext/plugins/NewGamePlus/redscript/NGPlusButtonAdder.reds	1761	0.002	2026-06-08T07:29:32.8394512Z
red4ext/plugins/NewGamePlus/redscript/NGPlusCharacterInitialStats.reds	13692	0.013	2026-06-08T07:29:32.8449405Z
red4ext/plugins/NewGamePlus/redscript/NGPlusCraftBook.reds	1197	0.001	2026-06-08T07:29:32.8487369Z
red4ext/plugins/NewGamePlus/redscript/NGPlusOnReadyForEquipment.reds	27350	0.026	2026-06-08T07:29:32.8537363Z
red4ext/plugins/NewGamePlus/redscript/NGPlusPlayerDevelopmentData.reds	11810	0.011	2026-06-08T07:29:32.8587369Z
red4ext/plugins/NewGamePlus/redscript/NGPlusQ101StartHelper.reds	1626	0.002	2026-06-08T07:29:32.8627368Z
red4ext/plugins/NewGamePlus/redscript/NGPlusRecipeFixer.reds	4195	0.004	2026-06-08T07:29:32.8667360Z
red4ext/plugins/NewGamePlus/redscript/NGPlusRipperdocTutorialFixer.reds	17174	0.016	2026-06-08T07:29:32.8727357Z
red4ext/plugins/NewGamePlus/redscript/NGPlusScannerFixer.reds	2839	0.003	2026-06-08T07:29:32.8786122Z
red4ext/plugins/NewGamePlus/redscript/NGPlusStartNewGameReplacer.reds	1208	0.001	2026-06-08T07:29:32.8836123Z
red4ext/plugins/NewGamePlus/redscript/Scenario/NGPlusController.reds	8928	0.009	2026-06-08T07:29:32.9046132Z
red4ext/plugins/NewGamePlus/redscript/Scenario/NGPlusExpansionNewGameMenuAdditions.reds	4148	0.004	2026-06-08T07:29:32.9085953Z
red4ext/plugins/NewGamePlus/redscript/Scenario/NGPlusGameDefinitionSelector.reds	6888	0.007	2026-06-08T07:29:32.9130943Z
red4ext/plugins/NewGamePlus/redscript/Scenario/NGPlusLoadListItem.reds	3550	0.003	2026-06-08T07:29:32.9205867Z
red4ext/plugins/NewGamePlus/redscript/Scenario/NGPlusScenarioPOC.reds	7013	0.007	2026-06-08T07:29:32.9263275Z
red4ext/plugins/NewGamePlus/redscript/Scenario/NGPlusScenarioRegistrar.reds	3038	0.003	2026-06-08T07:29:32.9303323Z
red4ext/plugins/NewGamePlus/redscript/Scenario/NGPlusStandaloneGameDefinitionSelector.reds	6359	0.006	2026-06-08T07:29:32.9353250Z
red4ext/plugins/NewGamePlus/redscript/Tests/NGPlusEncounterTests.reds	3619	0.003	2026-06-08T07:29:32.9398897Z
red4ext/plugins/NewGamePlus/redscript/Vehicle/NGPlusVehicleSystem.reds	9305	0.009	2026-06-08T07:29:32.9462954Z
red4ext/plugins/NewGamePlus/THIRDPARTY_LICENSES	21907	0.021	2026-06-08T07:29:32.8239659Z
red4ext/plugins/NewGamePlus/tweaks/NGPlus_AbilityPackages.yaml	1521	0.001	2026-06-08T07:29:32.9502953Z
red4ext/plugins/NewGamePlus/tweaks/NGPlus_FastSoloBoss.yaml	10354	0.010	2026-06-08T07:29:32.9568112Z
red4ext/plugins/NewGamePlus/tweaks/NGPlus_MaelstromPunchyMooks.yaml	1819	0.002	2026-06-08T07:29:32.9608124Z
red4ext/plugins/NewGamePlus/tweaks/NGPlus_MilitechShootyMooks.yaml	1741	0.002	2026-06-08T07:29:32.9648116Z
red4ext/plugins/NewGamePlus/tweaks/NGPlus_NetrunnerBoss.yaml	10555	0.010	2026-06-08T07:29:32.9688123Z
red4ext/plugins/NewGamePlus/tweaks/NGPlus_Sickness.yaml	305	0.000	2026-06-08T07:29:32.9728371Z
red4ext/plugins/NewGamePlus/tweaks/NGPlus_SniperBoss.yaml	8355	0.008	2026-06-08T07:29:32.9768128Z
red4ext/plugins/NewGamePlus/tweaks/NGPlus_StandaloneClothes.yaml	3668	0.003	2026-06-08T07:29:32.9818272Z
red4ext/plugins/NewGamePlus/tweaks/NGPlus_StrongSoloBoss.yaml	6534	0.006	2026-06-08T07:29:32.9858116Z
red4ext/plugins/NewGamePlus/tweaks/NGPlus_Utils.yaml	5305	0.005	2026-06-08T07:29:32.9898121Z
red4ext/plugins/NewGamePlus/tweaks/NGPlus_VariousNetrunnerMooks.yaml	1884	0.002	2026-06-08T07:29:32.9948124Z
red4ext/plugins/NewGamePlus/tweaks/NGPlus_WellesBoss.yaml	5290	0.005	2026-06-08T07:29:32.9998297Z
red4ext/plugins/PhotoModeEx/LICENSE	1090	0.001	2026-06-08T07:30:04.7890691Z
red4ext/plugins/PhotoModeEx/PhotoModeEx.dll	755712	0.721	2026-06-08T07:30:04.8000655Z
red4ext/plugins/PhotoModeEx/Scripts/PhotoModeEx.Global.reds	1687	0.002	2026-06-08T07:30:04.8078558Z
red4ext/plugins/PhotoModeEx/Scripts/PhotoModeEx.reds	1676	0.002	2026-06-08T07:30:04.8111459Z
red4ext/plugins/PhotoModeEx/THIRD_PARTY_LICENSES	11950	0.011	2026-06-08T07:30:04.8020635Z
red4ext/plugins/TweakXL/Data/ExtraFlats.dat	22456	0.021	2026-06-08T07:42:51.9574510Z
red4ext/plugins/TweakXL/Data/InheritanceMap.dat	622344	0.594	2026-06-08T07:42:51.9667424Z
red4ext/plugins/TweakXL/LICENSE	1090	0.001	2026-06-08T07:42:51.9334213Z
red4ext/plugins/TweakXL/Scripts/TweakXL.Global.reds	5242	0.005	2026-06-08T07:42:51.9727619Z
red4ext/plugins/TweakXL/Scripts/TweakXL.reds	35	0.000	2026-06-08T07:42:51.9768450Z
red4ext/plugins/TweakXL/THIRD_PARTY_LICENSES	14482	0.014	2026-06-08T07:42:51.9377822Z
red4ext/plugins/TweakXL/TweakXL.dll	1409536	1.344	2026-06-08T07:42:51.9524515Z
red4ext/RED4ext.dll	1248256	1.190	2026-06-08T07:30:24.4351514Z
red4ext/red4ext/LICENSE.txt	1101	0.001	2025-10-06T19:04:04.8306443Z
red4ext/red4ext/RED4ext.dll	2271232	2.166	2025-10-06T19:04:04.8434552Z
red4ext/red4ext/THIRD_PARTY_LICENSES.txt	10203	0.010	2025-10-06T19:04:04.8444559Z
red4ext/THIRD_PARTY_LICENSES.txt	10203	0.010	2026-06-08T07:30:24.4414420Z
